{
"__comment": "Designed by Tf7717435 with BDcraft Cubik PRO 0.96 Beta - http://bdcraft.net",
"textures": {
    "particle": "item/stone_sword/stone_sword",
    "texture": "item/stone_sword/stone_sword1"
},
"elements": [ 
{
    "__comment": "Shijian",
    "from": [ 6, 7.25, 7.875 ],
    "to": [ 6.25, 8.25, 8.125 ],
    "faces": {
        "down":  { "uv": [ 10, 8.125, 9.75, 7.875 ], "texture": "#texture" },
        "up":    { "uv": [ 6, 7.875, 6.25, 8.125 ], "texture": "#texture" },
        "north": { "uv": [ 9.75, 7.75, 10, 8.75 ], "texture": "#particle" },
        "south": { "uv": [ 6, 7.75, 6.25, 8.75 ], "texture": "#particle" },
        "west":  { "uv": [ 7.875, 7.75, 8.125, 8.75 ], "texture": "#texture" },
        "east":  { "uv": [ 7.875, 7.75, 8.125, 8.75 ], "texture": "#texture" }
    }
},
{
    "__comment": "Shijian",
    "from": [ 6.125, 7.375, 7.75 ],
    "to": [ 6.25, 8, 7.875 ],
    "faces": {
        "down":  { "uv": [ 9.875, 7.875, 9.75, 7.75 ], "texture": "#texture" },
        "up":    { "uv": [ 6.125, 7.75, 6.25, 7.875 ], "texture": "#texture" },
        "north": { "uv": [ 9.75, 8, 9.875, 8.625 ], "texture": "#particle" },
        "south": { "uv": [ 6.125, 8, 6.25, 8.625 ], "texture": "#particle" },
        "west":  { "uv": [ 7.75, 8, 7.875, 8.625 ], "texture": "#texture" },
        "east":  { "uv": [ 8.125, 8, 8.25, 8.625 ], "texture": "#texture" }
    }
},
{
    "__comment": "Shijian",
    "from": [ 6.125, 7.125, 7.875 ],
    "to": [ 9.875, 7.25, 8.125 ],
    "faces": {
        "down":  { "uv": [ 9.875, 8.125, 6.125, 7.875 ], "texture": "#texture" },
        "up":    { "uv": [ 6.125, 7.875, 9.875, 8.125 ], "texture": "#texture" },
        "north": { "uv": [ 6.125, 8.75, 9.875, 8.875 ], "texture": "#particle" },
        "south": { "uv": [ 6.125, 8.75, 9.875, 8.875 ], "texture": "#particle" },
        "west":  { "uv": [ 7.875, 8.75, 8.125, 8.875 ], "texture": "#texture" },
        "east":  { "uv": [ 7.875, 8.75, 8.125, 8.875 ], "texture": "#texture" }
    }
},
{
    "__comment": "Shijian",
    "from": [ 6.125, 7.375, 8.125 ],
    "to": [ 6.25, 8, 8.25 ],
    "faces": {
        "down":  { "uv": [ 9.875, 8.25, 9.75, 8.125 ], "texture": "#texture" },
        "up":    { "uv": [ 6.125, 8.125, 6.25, 8.25 ], "texture": "#texture" },
        "north": { "uv": [ 9.75, 8, 9.875, 8.625 ], "texture": "#particle" },
        "south": { "uv": [ 6.125, 8, 6.25, 8.625 ], "texture": "#particle" },
        "west":  { "uv": [ 8.125, 8, 8.25, 8.625 ], "texture": "#texture" },
        "east":  { "uv": [ 7.75, 8, 7.875, 8.625 ], "texture": "#texture" }
    }
},
{
    "__comment": "Shijian",
    "from": [ 6.25, 7.125, 7.75 ],
    "to": [ 6.375, 7.875, 7.875 ],
    "faces": {
        "down":  { "uv": [ 9.75, 7.875, 9.625, 7.75 ], "texture": "#texture" },
        "up":    { "uv": [ 6.25, 7.75, 6.375, 7.875 ], "texture": "#texture" },
        "north": { "uv": [ 9.625, 8.125, 9.75, 8.875 ], "texture": "#particle" },
        "south": { "uv": [ 6.25, 8.125, 6.375, 8.875 ], "texture": "#particle" },
        "west":  { "uv": [ 7.75, 8.125, 7.875, 8.875 ], "texture": "#texture" },
        "east":  { "uv": [ 8.125, 8.125, 8.25, 8.875 ], "texture": "#texture" }
    }
},
{
    "__comment": "Shijian",
    "from": [ 6.25, 6.875, 7.875 ],
    "to": [ 9.75, 7.125, 8.125 ],
    "faces": {
        "down":  { "uv": [ 9.75, 8.125, 6.25, 7.875 ], "texture": "#texture" },
        "up":    { "uv": [ 6.25, 7.875, 9.75, 8.125 ], "texture": "#texture" },
        "north": { "uv": [ 6.25, 8.875, 9.75, 9.125 ], "texture": "#particle" },
        "south": { "uv": [ 6.25, 8.875, 9.75, 9.125 ], "texture": "#particle" },
        "west":  { "uv": [ 7.875, 8.875, 8.125, 9.125 ], "texture": "#texture" },
        "east":  { "uv": [ 7.875, 8.875, 8.125, 9.125 ], "texture": "#texture" }
    }
},
{
    "__comment": "Shijian",
    "from": [ 6.25, 7.25, 7.875 ],
    "to": [ 6.375, 7.875, 8.25 ],
    "faces": {
        "down":  { "uv": [ 9.75, 8.25, 9.625, 7.875 ], "texture": "#texture" },
        "up":    { "uv": [ 6.25, 7.875, 6.375, 8.25 ], "texture": "#texture" },
        "north": { "uv": [ 9.625, 8.125, 9.75, 8.75 ], "texture": "#particle" },
        "south": { "uv": [ 6.25, 8.125, 6.375, 8.75 ], "texture": "#particle" },
        "west":  { "uv": [ 7.875, 8.125, 8.25, 8.75 ], "texture": "#texture" },
        "east":  { "uv": [ 7.75, 8.125, 8.125, 8.75 ], "texture": "#texture" }
    }
},
{
    "__comment": "Shijian",
    "from": [ 6.25, 7.875, 7.875 ],
    "to": [ 6.375, 8, 8.125 ],
    "faces": {
        "down":  { "uv": [ 9.75, 8.125, 9.625, 7.875 ], "texture": "#texture" },
        "up":    { "uv": [ 6.25, 7.875, 6.375, 8.125 ], "texture": "#texture" },
        "north": { "uv": [ 9.625, 8, 9.75, 8.125 ], "texture": "#particle" },
        "south": { "uv": [ 6.25, 8, 6.375, 8.125 ], "texture": "#particle" },
        "west":  { "uv": [ 7.875, 8, 8.125, 8.125 ], "texture": "#texture" },
        "east":  { "uv": [ 7.875, 8, 8.125, 8.125 ], "texture": "#texture" }
    }
},
{
    "__comment": "Shijian",
    "from": [ 6.25, 7.125, 8.125 ],
    "to": [ 6.75, 7.25, 8.25 ],
    "faces": {
        "down":  { "uv": [ 9.75, 8.25, 9.25, 8.125 ], "texture": "#texture" },
        "up":    { "uv": [ 6.25, 8.125, 6.75, 8.25 ], "texture": "#texture" },
        "north": { "uv": [ 9.25, 8.75, 9.75, 8.875 ], "texture": "#particle" },
        "south": { "uv": [ 6.25, 8.75, 6.75, 8.875 ], "texture": "#particle" },
        "west":  { "uv": [ 8.125, 8.75, 8.25, 8.875 ], "texture": "#texture" },
        "east":  { "uv": [ 7.75, 8.75, 7.875, 8.875 ], "texture": "#texture" }
    }
},
{
    "__comment": "Shijian",
    "from": [ 6.375, 6.875, 7.75 ],
    "to": [ 6.5, 7.625, 7.875 ],
    "faces": {
        "down":  { "uv": [ 9.625, 7.875, 9.5, 7.75 ], "texture": "#texture" },
        "up":    { "uv": [ 6.375, 7.75, 6.5, 7.875 ], "texture": "#texture" },
        "north": { "uv": [ 9.5, 8.375, 9.625, 9.125 ], "texture": "#particle" },
        "south": { "uv": [ 6.375, 8.375, 6.5, 9.125 ], "texture": "#particle" },
        "west":  { "uv": [ 7.75, 8.375, 7.875, 9.125 ], "texture": "#texture" },
        "east":  { "uv": [ 8.125, 8.375, 8.25, 9.125 ], "texture": "#texture" }
    }
},
{
    "__comment": "Shijian",
    "from": [ 6.375, 6.625, 7.875 ],
    "to": [ 9.625, 6.875, 8.125 ],
    "faces": {
        "down":  { "uv": [ 9.625, 8.125, 6.375, 7.875 ], "texture": "#texture" },
        "up":    { "uv": [ 6.375, 7.875, 9.625, 8.125 ], "texture": "#texture" },
        "north": { "uv": [ 6.375, 9.125, 9.625, 9.375 ], "texture": "#particle" },
        "south": { "uv": [ 6.375, 9.125, 9.625, 9.375 ], "texture": "#particle" },
        "west":  { "uv": [ 7.875, 9.125, 8.125, 9.375 ], "texture": "#texture" },
        "east":  { "uv": [ 7.875, 9.125, 8.125, 9.375 ], "texture": "#texture" }
    }
},
{
    "__comment": "Shijian",
    "from": [ 6.375, 7.25, 7.875 ],
    "to": [ 6.5, 7.625, 8.25 ],
    "faces": {
        "down":  { "uv": [ 9.625, 8.25, 9.5, 7.875 ], "texture": "#texture" },
        "up":    { "uv": [ 6.375, 7.875, 6.5, 8.25 ], "texture": "#texture" },
        "north": { "uv": [ 9.5, 8.375, 9.625, 8.75 ], "texture": "#particle" },
        "south": { "uv": [ 6.375, 8.375, 6.5, 8.75 ], "texture": "#particle" },
        "west":  { "uv": [ 7.875, 8.375, 8.25, 8.75 ], "texture": "#texture" },
        "east":  { "uv": [ 7.75, 8.375, 8.125, 8.75 ], "texture": "#texture" }
    }
},
{
    "__comment": "Shijian",
    "from": [ 6.375, 7.625, 7.875 ],
    "to": [ 6.5, 7.875, 8.125 ],
    "faces": {
        "down":  { "uv": [ 9.625, 8.125, 9.5, 7.875 ], "texture": "#texture" },
        "up":    { "uv": [ 6.375, 7.875, 6.5, 8.125 ], "texture": "#texture" },
        "north": { "uv": [ 9.5, 8.125, 9.625, 8.375 ], "texture": "#particle" },
        "south": { "uv": [ 6.375, 8.125, 6.5, 8.375 ], "texture": "#particle" },
        "west":  { "uv": [ 7.875, 8.125, 8.125, 8.375 ], "texture": "#texture" },
        "east":  { "uv": [ 7.875, 8.125, 8.125, 8.375 ], "texture": "#texture" }
    }
},
{
    "__comment": "Shijian",
    "from": [ 6.375, 6.875, 8.125 ],
    "to": [ 6.875, 7.125, 8.25 ],
    "faces": {
        "down":  { "uv": [ 9.625, 8.25, 9.125, 8.125 ], "texture": "#texture" },
        "up":    { "uv": [ 6.375, 8.125, 6.875, 8.25 ], "texture": "#texture" },
        "north": { "uv": [ 9.125, 8.875, 9.625, 9.125 ], "texture": "#particle" },
        "south": { "uv": [ 6.375, 8.875, 6.875, 9.125 ], "texture": "#particle" },
        "west":  { "uv": [ 8.125, 8.875, 8.25, 9.125 ], "texture": "#texture" },
        "east":  { "uv": [ 7.75, 8.875, 7.875, 9.125 ], "texture": "#texture" }
    }
},
{
    "__comment": "Shijian",
    "from": [ 6.5, 6.625, 7.75 ],
    "to": [ 6.625, 7.375, 7.875 ],
    "faces": {
        "down":  { "uv": [ 9.5, 7.875, 9.375, 7.75 ], "texture": "#texture" },
        "up":    { "uv": [ 6.5, 7.75, 6.625, 7.875 ], "texture": "#texture" },
        "north": { "uv": [ 9.375, 8.625, 9.5, 9.375 ], "texture": "#particle" },
        "south": { "uv": [ 6.5, 8.625, 6.625, 9.375 ], "texture": "#particle" },
        "west":  { "uv": [ 7.75, 8.625, 7.875, 9.375 ], "texture": "#texture" },
        "east":  { "uv": [ 8.125, 8.625, 8.25, 9.375 ], "texture": "#texture" }
    }
},
{
    "__comment": "Shijian",
    "from": [ 6.5, 6.375, 7.875 ],
    "to": [ 9.5, 6.625, 8.125 ],
    "faces": {
        "down":  { "uv": [ 9.5, 8.125, 6.5, 7.875 ], "texture": "#texture" },
        "up":    { "uv": [ 6.5, 7.875, 9.5, 8.125 ], "texture": "#texture" },
        "north": { "uv": [ 6.5, 9.375, 9.5, 9.625 ], "texture": "#particle" },
        "south": { "uv": [ 6.5, 9.375, 9.5, 9.625 ], "texture": "#particle" },
        "west":  { "uv": [ 7.875, 9.375, 8.125, 9.625 ], "texture": "#texture" },
        "east":  { "uv": [ 7.875, 9.375, 8.125, 9.625 ], "texture": "#texture" }
    }
},
{
    "__comment": "Shijian",
    "from": [ 6.5, 7.25, 7.875 ],
    "to": [ 6.625, 7.375, 8.25 ],
    "faces": {
        "down":  { "uv": [ 9.5, 8.25, 9.375, 7.875 ], "texture": "#texture" },
        "up":    { "uv": [ 6.5, 7.875, 6.625, 8.25 ], "texture": "#texture" },
        "north": { "uv": [ 9.375, 8.625, 9.5, 8.75 ], "texture": "#particle" },
        "south": { "uv": [ 6.5, 8.625, 6.625, 8.75 ], "texture": "#particle" },
        "west":  { "uv": [ 7.875, 8.625, 8.25, 8.75 ], "texture": "#texture" },
        "east":  { "uv": [ 7.75, 8.625, 8.125, 8.75 ], "texture": "#texture" }
    }
},
{
    "__comment": "Shijian",
    "from": [ 6.5, 7.375, 7.875 ],
    "to": [ 6.625, 7.625, 8.125 ],
    "faces": {
        "down":  { "uv": [ 9.5, 8.125, 9.375, 7.875 ], "texture": "#texture" },
        "up":    { "uv": [ 6.5, 7.875, 6.625, 8.125 ], "texture": "#texture" },
        "north": { "uv": [ 9.375, 8.375, 9.5, 8.625 ], "texture": "#particle" },
        "south": { "uv": [ 6.5, 8.375, 6.625, 8.625 ], "texture": "#particle" },
        "west":  { "uv": [ 7.875, 8.375, 8.125, 8.625 ], "texture": "#texture" },
        "east":  { "uv": [ 7.875, 8.375, 8.125, 8.625 ], "texture": "#texture" }
    }
},
{
    "__comment": "Shijian",
    "from": [ 6.5, 6.625, 8.125 ],
    "to": [ 9.5, 6.875, 8.25 ],
    "faces": {
        "down":  { "uv": [ 9.5, 8.25, 6.5, 8.125 ], "texture": "#texture" },
        "up":    { "uv": [ 6.5, 8.125, 9.5, 8.25 ], "texture": "#texture" },
        "north": { "uv": [ 6.5, 9.125, 9.5, 9.375 ], "texture": "#particle" },
        "south": { "uv": [ 6.5, 9.125, 9.5, 9.375 ], "texture": "#particle" },
        "west":  { "uv": [ 8.125, 9.125, 8.25, 9.375 ], "texture": "#texture" },
        "east":  { "uv": [ 7.75, 9.125, 7.875, 9.375 ], "texture": "#texture" }
    }
},
{
    "__comment": "Shijian",
    "from": [ 6.625, 6.375, 7.75 ],
    "to": [ 6.75, 7.25, 7.875 ],
    "faces": {
        "down":  { "uv": [ 9.375, 7.875, 9.25, 7.75 ], "texture": "#texture" },
        "up":    { "uv": [ 6.625, 7.75, 6.75, 7.875 ], "texture": "#texture" },
        "north": { "uv": [ 9.25, 8.75, 9.375, 9.625 ], "texture": "#particle" },
        "south": { "uv": [ 6.625, 8.75, 6.75, 9.625 ], "texture": "#particle" },
        "west":  { "uv": [ 7.75, 8.75, 7.875, 9.625 ], "texture": "#texture" },
        "east":  { "uv": [ 8.125, 8.75, 8.25, 9.625 ], "texture": "#texture" }
    }
},
{
    "__comment": "Shijian",
    "from": [ 6.625, 6.25, 7.875 ],
    "to": [ 9.375, 6.375, 8.125 ],
    "faces": {
        "down":  { "uv": [ 9.375, 8.125, 6.625, 7.875 ], "texture": "#texture" },
        "up":    { "uv": [ 6.625, 7.875, 9.375, 8.125 ], "texture": "#texture" },
        "north": { "uv": [ 6.625, 9.625, 9.375, 9.75 ], "texture": "#particle" },
        "south": { "uv": [ 6.625, 9.625, 9.375, 9.75 ], "texture": "#particle" },
        "west":  { "uv": [ 7.875, 9.625, 8.125, 9.75 ], "texture": "#texture" },
        "east":  { "uv": [ 7.875, 9.625, 8.125, 9.75 ], "texture": "#texture" }
    }
},
{
    "__comment": "Shijian",
    "from": [ 6.625, 7.25, 7.875 ],
    "to": [ 10, 7.5, 8.125 ],
    "faces": {
        "down":  { "uv": [ 9.375, 8.125, 6, 7.875 ], "texture": "#texture" },
        "up":    { "uv": [ 6.625, 7.875, 10, 8.125 ], "texture": "#texture" },
        "north": { "uv": [ 6, 8.5, 9.375, 8.75 ], "texture": "#particle" },
        "south": { "uv": [ 6.625, 8.5, 10, 8.75 ], "texture": "#particle" },
        "west":  { "uv": [ 7.875, 8.5, 8.125, 8.75 ], "texture": "#texture" },
        "east":  { "uv": [ 7.875, 8.5, 8.125, 8.75 ], "texture": "#texture" }
    }
},
{
    "__comment": "Shijian",
    "from": [ 6.625, 6.375, 8.125 ],
    "to": [ 9.375, 6.625, 8.25 ],
    "faces": {
        "down":  { "uv": [ 9.375, 8.25, 6.625, 8.125 ], "texture": "#texture" },
        "up":    { "uv": [ 6.625, 8.125, 9.375, 8.25 ], "texture": "#texture" },
        "north": { "uv": [ 6.625, 9.375, 9.375, 9.625 ], "texture": "#particle" },
        "south": { "uv": [ 6.625, 9.375, 9.375, 9.625 ], "texture": "#particle" },
        "west":  { "uv": [ 8.125, 9.375, 8.25, 9.625 ], "texture": "#texture" },
        "east":  { "uv": [ 7.75, 9.375, 7.875, 9.625 ], "texture": "#texture" }
    }
},
{
    "__comment": "Shijian",
    "from": [ 6.75, 6.375, 7.75 ],
    "to": [ 6.875, 7.125, 7.875 ],
    "faces": {
        "down":  { "uv": [ 9.25, 7.875, 9.125, 7.75 ], "texture": "#texture" },
        "up":    { "uv": [ 6.75, 7.75, 6.875, 7.875 ], "texture": "#texture" },
        "north": { "uv": [ 9.125, 8.875, 9.25, 9.625 ], "texture": "#particle" },
        "south": { "uv": [ 6.75, 8.875, 6.875, 9.625 ], "texture": "#particle" },
        "west":  { "uv": [ 7.75, 8.875, 7.875, 9.625 ], "texture": "#texture" },
        "east":  { "uv": [ 8.125, 8.875, 8.25, 9.625 ], "texture": "#texture" }
    }
},
{
    "__comment": "Shijian",
    "from": [ 6.75, 10.5, 7.75 ],
    "to": [ 6.875, 10.875, 8.25 ],
    "faces": {
        "down":  { "uv": [ 9.25, 8.25, 9.125, 7.75 ], "texture": "#texture" },
        "up":    { "uv": [ 6.75, 7.75, 6.875, 8.25 ], "texture": "#texture" },
        "north": { "uv": [ 9.125, 5.125, 9.25, 5.5 ], "texture": "#particle" },
        "south": { "uv": [ 6.75, 5.125, 6.875, 5.5 ], "texture": "#particle" },
        "west":  { "uv": [ 7.75, 5.125, 8.25, 5.5 ], "texture": "#texture" },
        "east":  { "uv": [ 7.75, 5.125, 8.25, 5.5 ], "texture": "#texture" }
    }
},
{
    "__comment": "Shijian",
    "from": [ 6.875, 6.375, 7.75 ],
    "to": [ 7.125, 7, 7.875 ],
    "faces": {
        "down":  { "uv": [ 9.125, 7.875, 8.875, 7.75 ], "texture": "#texture" },
        "up":    { "uv": [ 6.875, 7.75, 7.125, 7.875 ], "texture": "#texture" },
        "north": { "uv": [ 8.875, 9, 9.125, 9.625 ], "texture": "#particle" },
        "south": { "uv": [ 6.875, 9, 7.125, 9.625 ], "texture": "#particle" },
        "west":  { "uv": [ 7.75, 9, 7.875, 9.625 ], "texture": "#texture" },
        "east":  { "uv": [ 8.125, 9, 8.25, 9.625 ], "texture": "#texture" }
    }
},
{
    "__comment": "Shijian",
    "from": [ 6.875, 10.375, 7.75 ],
    "to": [ 7, 10.75, 8.25 ],
    "faces": {
        "down":  { "uv": [ 9.125, 8.25, 9, 7.75 ], "texture": "#texture" },
        "up":    { "uv": [ 6.875, 7.75, 7, 8.25 ], "texture": "#texture" },
        "north": { "uv": [ 9, 5.25, 9.125, 5.625 ], "texture": "#particle" },
        "south": { "uv": [ 6.875, 5.25, 7, 5.625 ], "texture": "#particle" },
        "west":  { "uv": [ 7.75, 5.25, 8.25, 5.625 ], "texture": "#texture" },
        "east":  { "uv": [ 7.75, 5.25, 8.25, 5.625 ], "texture": "#texture" }
    }
},
{
    "__comment": "Shijian",
    "from": [ 6.875, 7.5, 7.875 ],
    "to": [ 9.125, 7.625, 8.125 ],
    "faces": {
        "down":  { "uv": [ 9.125, 8.125, 6.875, 7.875 ], "texture": "#texture" },
        "up":    { "uv": [ 6.875, 7.875, 9.125, 8.125 ], "texture": "#texture" },
        "north": { "uv": [ 6.875, 8.375, 9.125, 8.5 ], "texture": "#particle" },
        "south": { "uv": [ 6.875, 8.375, 9.125, 8.5 ], "texture": "#particle" },
        "west":  { "uv": [ 7.875, 8.375, 8.125, 8.5 ], "texture": "#texture" },
        "east":  { "uv": [ 7.875, 8.375, 8.125, 8.5 ], "texture": "#texture" }
    }
},
{
    "__comment": "Shijian",
    "from": [ 6.875, 9.75, 7.875 ],
    "to": [ 9.125, 10.375, 8.125 ],
    "faces": {
        "down":  { "uv": [ 9.125, 8.125, 6.875, 7.875 ], "texture": "#texture" },
        "up":    { "uv": [ 6.875, 7.875, 9.125, 8.125 ], "texture": "#texture" },
        "north": { "uv": [ 6.875, 5.625, 9.125, 6.25 ], "texture": "#particle" },
        "south": { "uv": [ 6.875, 5.625, 9.125, 6.25 ], "texture": "#particle" },
        "west":  { "uv": [ 7.875, 5.625, 8.125, 6.25 ], "texture": "#texture" },
        "east":  { "uv": [ 7.875, 5.625, 8.125, 6.25 ], "texture": "#texture" }
    }
},
{
    "__comment": "Shijian",
    "from": [ 6.875, 6.875, 8.125 ],
    "to": [ 7.125, 7, 8.25 ],
    "faces": {
        "down":  { "uv": [ 9.125, 8.25, 8.875, 8.125 ], "texture": "#texture" },
        "up":    { "uv": [ 6.875, 8.125, 7.125, 8.25 ], "texture": "#texture" },
        "north": { "uv": [ 8.875, 9, 9.125, 9.125 ], "texture": "#particle" },
        "south": { "uv": [ 6.875, 9, 7.125, 9.125 ], "texture": "#particle" },
        "west":  { "uv": [ 8.125, 9, 8.25, 9.125 ], "texture": "#texture" },
        "east":  { "uv": [ 7.75, 9, 7.875, 9.125 ], "texture": "#texture" }
    }
},
{
    "__comment": "Shijian",
    "from": [ 7, 6.25, 7.75 ],
    "to": [ 9, 6.375, 7.875 ],
    "faces": {
        "down":  { "uv": [ 9, 7.875, 7, 7.75 ], "texture": "#texture" },
        "up":    { "uv": [ 7, 7.75, 9, 7.875 ], "texture": "#texture" },
        "north": { "uv": [ 7, 9.625, 9, 9.75 ], "texture": "#particle" },
        "south": { "uv": [ 7, 9.625, 9, 9.75 ], "texture": "#particle" },
        "west":  { "uv": [ 7.75, 9.625, 7.875, 9.75 ], "texture": "#texture" },
        "east":  { "uv": [ 8.125, 9.625, 8.25, 9.75 ], "texture": "#texture" }
    }
},
{
    "__comment": "Shijian",
    "from": [ 7, 10, 7.75 ],
    "to": [ 7.125, 10.625, 7.875 ],
    "faces": {
        "down":  { "uv": [ 9, 7.875, 8.875, 7.75 ], "texture": "#texture" },
        "up":    { "uv": [ 7, 7.75, 7.125, 7.875 ], "texture": "#texture" },
        "north": { "uv": [ 8.875, 5.375, 9, 6 ], "texture": "#particle" },
        "south": { "uv": [ 7, 5.375, 7.125, 6 ], "texture": "#particle" },
        "west":  { "uv": [ 7.75, 5.375, 7.875, 6 ], "texture": "#texture" },
        "east":  { "uv": [ 8.125, 5.375, 8.25, 6 ], "texture": "#texture" }
    }
},
{
    "__comment": "Shijian",
    "from": [ 7, 6.125, 7.875 ],
    "to": [ 9, 6.25, 8.125 ],
    "faces": {
        "down":  { "uv": [ 9, 8.125, 7, 7.875 ], "texture": "#texture" },
        "up":    { "uv": [ 7, 7.875, 9, 8.125 ], "texture": "#texture" },
        "north": { "uv": [ 7, 9.75, 9, 9.875 ], "texture": "#particle" },
        "south": { "uv": [ 7, 9.75, 9, 9.875 ], "texture": "#particle" },
        "west":  { "uv": [ 7.875, 9.75, 8.125, 9.875 ], "texture": "#texture" },
        "east":  { "uv": [ 7.875, 9.75, 8.125, 9.875 ], "texture": "#texture" }
    }
},
{
    "__comment": "Shijian",
    "from": [ 7, 9.375, 7.875 ],
    "to": [ 9, 9.75, 8.125 ],
    "faces": {
        "down":  { "uv": [ 9, 8.125, 7, 7.875 ], "texture": "#texture" },
        "up":    { "uv": [ 7, 7.875, 9, 8.125 ], "texture": "#texture" },
        "north": { "uv": [ 7, 6.25, 9, 6.625 ], "texture": "#particle" },
        "south": { "uv": [ 7, 6.25, 9, 6.625 ], "texture": "#particle" },
        "west":  { "uv": [ 7.875, 6.25, 8.125, 6.625 ], "texture": "#texture" },
        "east":  { "uv": [ 7.875, 6.25, 8.125, 6.625 ], "texture": "#texture" }
    }
},
{
    "__comment": "Shijian",
    "from": [ 7, 10.375, 7.875 ],
    "to": [ 7.125, 10.625, 8.25 ],
    "faces": {
        "down":  { "uv": [ 9, 8.25, 8.875, 7.875 ], "texture": "#texture" },
        "up":    { "uv": [ 7, 7.875, 7.125, 8.25 ], "texture": "#texture" },
        "north": { "uv": [ 8.875, 5.375, 9, 5.625 ], "texture": "#particle" },
        "south": { "uv": [ 7, 5.375, 7.125, 5.625 ], "texture": "#particle" },
        "west":  { "uv": [ 7.875, 5.375, 8.25, 5.625 ], "texture": "#texture" },
        "east":  { "uv": [ 7.75, 5.375, 8.125, 5.625 ], "texture": "#texture" }
    }
},
{
    "__comment": "Shijian",
    "from": [ 7, 6.25, 8.125 ],
    "to": [ 9, 6.375, 8.25 ],
    "faces": {
        "down":  { "uv": [ 9, 8.25, 7, 8.125 ], "texture": "#texture" },
        "up":    { "uv": [ 7, 8.125, 9, 8.25 ], "texture": "#texture" },
        "north": { "uv": [ 7, 9.625, 9, 9.75 ], "texture": "#particle" },
        "south": { "uv": [ 7, 9.625, 9, 9.75 ], "texture": "#particle" },
        "west":  { "uv": [ 8.125, 9.625, 8.25, 9.75 ], "texture": "#texture" },
        "east":  { "uv": [ 7.75, 9.625, 7.875, 9.75 ], "texture": "#texture" }
    }
},
{
    "__comment": "Shijian",
    "from": [ 7, 10, 8.125 ],
    "to": [ 7.25, 10.375, 8.25 ],
    "faces": {
        "down":  { "uv": [ 9, 8.25, 8.75, 8.125 ], "texture": "#texture" },
        "up":    { "uv": [ 7, 8.125, 7.25, 8.25 ], "texture": "#texture" },
        "north": { "uv": [ 8.75, 5.625, 9, 6 ], "texture": "#particle" },
        "south": { "uv": [ 7, 5.625, 7.25, 6 ], "texture": "#particle" },
        "west":  { "uv": [ 8.125, 5.625, 8.25, 6 ], "texture": "#texture" },
        "east":  { "uv": [ 7.75, 5.625, 7.875, 6 ], "texture": "#texture" }
    }
},
{
    "__comment": "Shijian",
    "from": [ 7.125, 6.125, 7.75 ],
    "to": [ 8.875, 6.25, 7.875 ],
    "faces": {
        "down":  { "uv": [ 8.875, 7.875, 7.125, 7.75 ], "texture": "#texture" },
        "up":    { "uv": [ 7.125, 7.75, 8.875, 7.875 ], "texture": "#texture" },
        "north": { "uv": [ 7.125, 9.75, 8.875, 9.875 ], "texture": "#particle" },
        "south": { "uv": [ 7.125, 9.75, 8.875, 9.875 ], "texture": "#particle" },
        "west":  { "uv": [ 7.75, 9.75, 7.875, 9.875 ], "texture": "#texture" },
        "east":  { "uv": [ 8.125, 9.75, 8.25, 9.875 ], "texture": "#texture" }
    }
},
{
    "__comment": "Shijian",
    "from": [ 7.125, 6.375, 7.75 ],
    "to": [ 9.375, 6.875, 7.875 ],
    "faces": {
        "down":  { "uv": [ 8.875, 7.875, 6.625, 7.75 ], "texture": "#texture" },
        "up":    { "uv": [ 7.125, 7.75, 9.375, 7.875 ], "texture": "#texture" },
        "north": { "uv": [ 6.625, 9.125, 8.875, 9.625 ], "texture": "#particle" },
        "south": { "uv": [ 7.125, 9.125, 9.375, 9.625 ], "texture": "#particle" },
        "west":  { "uv": [ 7.75, 9.125, 7.875, 9.625 ], "texture": "#texture" },
        "east":  { "uv": [ 8.125, 9.125, 8.25, 9.625 ], "texture": "#texture" }
    }
},
{
    "__comment": "Shijian",
    "from": [ 7.125, 9.5, 7.75 ],
    "to": [ 7.25, 10.375, 7.875 ],
    "faces": {
        "down":  { "uv": [ 8.875, 7.875, 8.75, 7.75 ], "texture": "#texture" },
        "up":    { "uv": [ 7.125, 7.75, 7.25, 7.875 ], "texture": "#texture" },
        "north": { "uv": [ 8.75, 5.625, 8.875, 6.5 ], "texture": "#particle" },
        "south": { "uv": [ 7.125, 5.625, 7.25, 6.5 ], "texture": "#particle" },
        "west":  { "uv": [ 7.75, 5.625, 7.875, 6.5 ], "texture": "#texture" },
        "east":  { "uv": [ 8.125, 5.625, 8.25, 6.5 ], "texture": "#texture" }
    }
},
{
    "__comment": "Shijian",
    "from": [ 7.125, 6, 7.875 ],
    "to": [ 8.875, 6.125, 8.125 ],
    "faces": {
        "down":  { "uv": [ 8.875, 8.125, 7.125, 7.875 ], "texture": "#texture" },
        "up":    { "uv": [ 7.125, 7.875, 8.875, 8.125 ], "texture": "#texture" },
        "north": { "uv": [ 7.125, 9.875, 8.875, 10 ], "texture": "#particle" },
        "south": { "uv": [ 7.125, 9.875, 8.875, 10 ], "texture": "#particle" },
        "west":  { "uv": [ 7.875, 9.875, 8.125, 10 ], "texture": "#texture" },
        "east":  { "uv": [ 7.875, 9.875, 8.125, 10 ], "texture": "#texture" }
    }
},
{
    "__comment": "Shijian",
    "from": [ 7.125, 6.125, 8.125 ],
    "to": [ 8.875, 6.25, 8.25 ],
    "faces": {
        "down":  { "uv": [ 8.875, 8.25, 7.125, 8.125 ], "texture": "#texture" },
        "up":    { "uv": [ 7.125, 8.125, 8.875, 8.25 ], "texture": "#texture" },
        "north": { "uv": [ 7.125, 9.75, 8.875, 9.875 ], "texture": "#particle" },
        "south": { "uv": [ 7.125, 9.75, 8.875, 9.875 ], "texture": "#particle" },
        "west":  { "uv": [ 8.125, 9.75, 8.25, 9.875 ], "texture": "#texture" },
        "east":  { "uv": [ 7.75, 9.75, 7.875, 9.875 ], "texture": "#texture" }
    }
},
{
    "__comment": "Shijian",
    "from": [ 7.125, 9.5, 8.125 ],
    "to": [ 8.875, 10, 8.25 ],
    "faces": {
        "down":  { "uv": [ 8.875, 8.25, 7.125, 8.125 ], "texture": "#texture" },
        "up":    { "uv": [ 7.125, 8.125, 8.875, 8.25 ], "texture": "#texture" },
        "north": { "uv": [ 7.125, 6, 8.875, 6.5 ], "texture": "#particle" },
        "south": { "uv": [ 7.125, 6, 8.875, 6.5 ], "texture": "#particle" },
        "west":  { "uv": [ 8.125, 6, 8.25, 6.5 ], "texture": "#texture" },
        "east":  { "uv": [ 7.75, 6, 7.875, 6.5 ], "texture": "#texture" }
    }
},
{
    "__comment": "Shijian",
    "from": [ 7.25, 6, 7.75 ],
    "to": [ 8.75, 6.125, 7.875 ],
    "faces": {
        "down":  { "uv": [ 8.75, 7.875, 7.25, 7.75 ], "texture": "#texture" },
        "up":    { "uv": [ 7.25, 7.75, 8.75, 7.875 ], "texture": "#texture" },
        "north": { "uv": [ 7.25, 9.875, 8.75, 10 ], "texture": "#particle" },
        "south": { "uv": [ 7.25, 9.875, 8.75, 10 ], "texture": "#particle" },
        "west":  { "uv": [ 7.75, 9.875, 7.875, 10 ], "texture": "#texture" },
        "east":  { "uv": [ 8.125, 9.875, 8.25, 10 ], "texture": "#texture" }
    }
},
{
    "__comment": "Shijian",
    "from": [ 7.25, 9.5, 7.75 ],
    "to": [ 8.875, 10.25, 7.875 ],
    "faces": {
        "down":  { "uv": [ 8.75, 7.875, 7.125, 7.75 ], "texture": "#texture" },
        "up":    { "uv": [ 7.25, 7.75, 8.875, 7.875 ], "texture": "#texture" },
        "north": { "uv": [ 7.125, 5.75, 8.75, 6.5 ], "texture": "#particle" },
        "south": { "uv": [ 7.25, 5.75, 8.875, 6.5 ], "texture": "#particle" },
        "west":  { "uv": [ 7.75, 5.75, 7.875, 6.5 ], "texture": "#texture" },
        "east":  { "uv": [ 8.125, 5.75, 8.25, 6.5 ], "texture": "#texture" }
    }
},
{
    "__comment": "Shijian",
    "from": [ 7.25, 5.875, 7.875 ],
    "to": [ 8.75, 6, 8.125 ],
    "faces": {
        "down":  { "uv": [ 8.75, 8.125, 7.25, 7.875 ], "texture": "#texture" },
        "up":    { "uv": [ 7.25, 7.875, 8.75, 8.125 ], "texture": "#texture" },
        "north": { "uv": [ 7.25, 10, 8.75, 10.125 ], "texture": "#particle" },
        "south": { "uv": [ 7.25, 10, 8.75, 10.125 ], "texture": "#particle" },
        "west":  { "uv": [ 7.875, 10, 8.125, 10.125 ], "texture": "#texture" },
        "east":  { "uv": [ 7.875, 10, 8.125, 10.125 ], "texture": "#texture" }
    }
},
{
    "__comment": "Shijian",
    "from": [ 7.25, 9.25, 7.875 ],
    "to": [ 8.75, 9.375, 8.125 ],
    "faces": {
        "down":  { "uv": [ 8.75, 8.125, 7.25, 7.875 ], "texture": "#texture" },
        "up":    { "uv": [ 7.25, 7.875, 8.75, 8.125 ], "texture": "#texture" },
        "north": { "uv": [ 7.25, 6.625, 8.75, 6.75 ], "texture": "#particle" },
        "south": { "uv": [ 7.25, 6.625, 8.75, 6.75 ], "texture": "#particle" },
        "west":  { "uv": [ 7.875, 6.625, 8.125, 6.75 ], "texture": "#texture" },
        "east":  { "uv": [ 7.875, 6.625, 8.125, 6.75 ], "texture": "#texture" }
    }
},
{
    "__comment": "Shijian",
    "from": [ 7.25, 10.375, 7.875 ],
    "to": [ 8.75, 10.5, 8.125 ],
    "faces": {
        "down":  { "uv": [ 8.75, 8.125, 7.25, 7.875 ], "texture": "#texture" },
        "up":    { "uv": [ 7.25, 7.875, 8.75, 8.125 ], "texture": "#texture" },
        "north": { "uv": [ 7.25, 5.5, 8.75, 5.625 ], "texture": "#particle" },
        "south": { "uv": [ 7.25, 5.5, 8.75, 5.625 ], "texture": "#particle" },
        "west":  { "uv": [ 7.875, 5.5, 8.125, 5.625 ], "texture": "#texture" },
        "east":  { "uv": [ 7.875, 5.5, 8.125, 5.625 ], "texture": "#texture" }
    }
},
{
    "__comment": "Shijian",
    "from": [ 7.25, 12.375, 7.875 ],
    "to": [ 7.375, 13.625, 8.125 ],
    "faces": {
        "down":  { "uv": [ 8.75, 8.125, 8.625, 7.875 ], "texture": "#texture" },
        "up":    { "uv": [ 7.25, 7.875, 7.375, 8.125 ], "texture": "#texture" },
        "north": { "uv": [ 8.625, 2.375, 8.75, 3.625 ], "texture": "#particle" },
        "south": { "uv": [ 7.25, 2.375, 7.375, 3.625 ], "texture": "#particle" },
        "west":  { "uv": [ 7.875, 2.375, 8.125, 3.625 ], "texture": "#texture" },
        "east":  { "uv": [ 7.875, 2.375, 8.125, 3.625 ], "texture": "#texture" }
    }
},
{
    "__comment": "Shijian",
    "from": [ 7.25, 6, 8.125 ],
    "to": [ 8.75, 6.125, 8.25 ],
    "faces": {
        "down":  { "uv": [ 8.75, 8.25, 7.25, 8.125 ], "texture": "#texture" },
        "up":    { "uv": [ 7.25, 8.125, 8.75, 8.25 ], "texture": "#texture" },
        "north": { "uv": [ 7.25, 9.875, 8.75, 10 ], "texture": "#particle" },
        "south": { "uv": [ 7.25, 9.875, 8.75, 10 ], "texture": "#particle" },
        "west":  { "uv": [ 8.125, 9.875, 8.25, 10 ], "texture": "#texture" },
        "east":  { "uv": [ 7.75, 9.875, 7.875, 10 ], "texture": "#texture" }
    }
},
{
    "__comment": "Shijian",
    "from": [ 7.25, 10, 8.125 ],
    "to": [ 9, 10.25, 8.25 ],
    "faces": {
        "down":  { "uv": [ 8.75, 8.25, 7, 8.125 ], "texture": "#texture" },
        "up":    { "uv": [ 7.25, 8.125, 9, 8.25 ], "texture": "#texture" },
        "north": { "uv": [ 7, 5.75, 8.75, 6 ], "texture": "#particle" },
        "south": { "uv": [ 7.25, 5.75, 9, 6 ], "texture": "#particle" },
        "west":  { "uv": [ 8.125, 5.75, 8.25, 6 ], "texture": "#texture" },
        "east":  { "uv": [ 7.75, 5.75, 7.875, 6 ], "texture": "#texture" }
    }
},
{
    "__comment": "Shijian",
    "from": [ 7.375, 9.375, 7.75 ],
    "to": [ 8.625, 9.5, 7.875 ],
    "faces": {
        "down":  { "uv": [ 8.625, 7.875, 7.375, 7.75 ], "texture": "#texture" },
        "up":    { "uv": [ 7.375, 7.75, 8.625, 7.875 ], "texture": "#texture" },
        "north": { "uv": [ 7.375, 6.5, 8.625, 6.625 ], "texture": "#particle" },
        "south": { "uv": [ 7.375, 6.5, 8.625, 6.625 ], "texture": "#particle" },
        "west":  { "uv": [ 7.75, 6.5, 7.875, 6.625 ], "texture": "#texture" },
        "east":  { "uv": [ 8.125, 6.5, 8.25, 6.625 ], "texture": "#texture" }
    }
},
{
    "__comment": "Shijian",
    "from": [ 7.375, 10.25, 7.75 ],
    "to": [ 8.625, 10.375, 7.875 ],
    "faces": {
        "down":  { "uv": [ 8.625, 7.875, 7.375, 7.75 ], "texture": "#texture" },
        "up":    { "uv": [ 7.375, 7.75, 8.625, 7.875 ], "texture": "#texture" },
        "north": { "uv": [ 7.375, 5.625, 8.625, 5.75 ], "texture": "#particle" },
        "south": { "uv": [ 7.375, 5.625, 8.625, 5.75 ], "texture": "#particle" },
        "west":  { "uv": [ 7.75, 5.625, 7.875, 5.75 ], "texture": "#texture" },
        "east":  { "uv": [ 8.125, 5.625, 8.25, 5.75 ], "texture": "#texture" }
    }
},
{
    "__comment": "Shijian",
    "from": [ 7.375, 12.5, 7.75 ],
    "to": [ 7.5, 13.375, 8.25 ],
    "faces": {
        "down":  { "uv": [ 8.625, 8.25, 8.5, 7.75 ], "texture": "#texture" },
        "up":    { "uv": [ 7.375, 7.75, 7.5, 8.25 ], "texture": "#texture" },
        "north": { "uv": [ 8.5, 2.625, 8.625, 3.5 ], "texture": "#particle" },
        "south": { "uv": [ 7.375, 2.625, 7.5, 3.5 ], "texture": "#particle" },
        "west":  { "uv": [ 7.75, 2.625, 8.25, 3.5 ], "texture": "#texture" },
        "east":  { "uv": [ 7.75, 2.625, 8.25, 3.5 ], "texture": "#texture" }
    }
},
{
    "__comment": "Shijian",
    "from": [ 7.375, 7.625, 7.875 ],
    "to": [ 8.625, 9.25, 8.125 ],
    "faces": {
        "down":  { "uv": [ 8.625, 8.125, 7.375, 7.875 ], "texture": "#texture" },
        "up":    { "uv": [ 7.375, 7.875, 8.625, 8.125 ], "texture": "#texture" },
        "north": { "uv": [ 7.375, 6.75, 8.625, 8.375 ], "texture": "#particle" },
        "south": { "uv": [ 7.375, 6.75, 8.625, 8.375 ], "texture": "#particle" },
        "west":  { "uv": [ 7.875, 6.75, 8.125, 8.375 ], "texture": "#texture" },
        "east":  { "uv": [ 7.875, 6.75, 8.125, 8.375 ], "texture": "#texture" }
    }
},
{
    "__comment": "Shijian",
    "from": [ 7.375, 10.5, 7.875 ],
    "to": [ 8.625, 10.625, 8.125 ],
    "faces": {
        "down":  { "uv": [ 8.625, 8.125, 7.375, 7.875 ], "texture": "#texture" },
        "up":    { "uv": [ 7.375, 7.875, 8.625, 8.125 ], "texture": "#texture" },
        "north": { "uv": [ 7.375, 5.375, 8.625, 5.5 ], "texture": "#particle" },
        "south": { "uv": [ 7.375, 5.375, 8.625, 5.5 ], "texture": "#particle" },
        "west":  { "uv": [ 7.875, 5.375, 8.125, 5.5 ], "texture": "#texture" },
        "east":  { "uv": [ 7.875, 5.375, 8.125, 5.5 ], "texture": "#texture" }
    }
},
{
    "__comment": "Shijian",
    "from": [ 7.375, 11.75, 7.875 ],
    "to": [ 8.625, 12.5, 8.125 ],
    "faces": {
        "down":  { "uv": [ 8.625, 8.125, 7.375, 7.875 ], "texture": "#texture" },
        "up":    { "uv": [ 7.375, 7.875, 8.625, 8.125 ], "texture": "#texture" },
        "north": { "uv": [ 7.375, 3.5, 8.625, 4.25 ], "texture": "#particle" },
        "south": { "uv": [ 7.375, 3.5, 8.625, 4.25 ], "texture": "#particle" },
        "west":  { "uv": [ 7.875, 3.5, 8.125, 4.25 ], "texture": "#texture" },
        "east":  { "uv": [ 7.875, 3.5, 8.125, 4.25 ], "texture": "#texture" }
    }
},
{
    "__comment": "Shijian",
    "from": [ 7.375, 13.375, 7.875 ],
    "to": [ 8.75, 13.5, 8.125 ],
    "faces": {
        "down":  { "uv": [ 8.625, 8.125, 7.25, 7.875 ], "texture": "#texture" },
        "up":    { "uv": [ 7.375, 7.875, 8.75, 8.125 ], "texture": "#texture" },
        "north": { "uv": [ 7.25, 2.5, 8.625, 2.625 ], "texture": "#particle" },
        "south": { "uv": [ 7.375, 2.5, 8.75, 2.625 ], "texture": "#particle" },
        "west":  { "uv": [ 7.875, 2.5, 8.125, 2.625 ], "texture": "#texture" },
        "east":  { "uv": [ 7.875, 2.5, 8.125, 2.625 ], "texture": "#texture" }
    }
},
{
    "__comment": "Shijian",
    "from": [ 7.375, 9.375, 8.125 ],
    "to": [ 8.625, 9.5, 8.25 ],
    "faces": {
        "down":  { "uv": [ 8.625, 8.25, 7.375, 8.125 ], "texture": "#texture" },
        "up":    { "uv": [ 7.375, 8.125, 8.625, 8.25 ], "texture": "#texture" },
        "north": { "uv": [ 7.375, 6.5, 8.625, 6.625 ], "texture": "#particle" },
        "south": { "uv": [ 7.375, 6.5, 8.625, 6.625 ], "texture": "#particle" },
        "west":  { "uv": [ 8.125, 6.5, 8.25, 6.625 ], "texture": "#texture" },
        "east":  { "uv": [ 7.75, 6.5, 7.875, 6.625 ], "texture": "#texture" }
    }
},
{
    "__comment": "Shijian",
    "from": [ 7.375, 10.25, 8.125 ],
    "to": [ 8.625, 10.375, 8.25 ],
    "faces": {
        "down":  { "uv": [ 8.625, 8.25, 7.375, 8.125 ], "texture": "#texture" },
        "up":    { "uv": [ 7.375, 8.125, 8.625, 8.25 ], "texture": "#texture" },
        "north": { "uv": [ 7.375, 5.625, 8.625, 5.75 ], "texture": "#particle" },
        "south": { "uv": [ 7.375, 5.625, 8.625, 5.75 ], "texture": "#particle" },
        "west":  { "uv": [ 8.125, 5.625, 8.25, 5.75 ], "texture": "#texture" },
        "east":  { "uv": [ 7.75, 5.625, 7.875, 5.75 ], "texture": "#texture" }
    }
},
{
    "__comment": "Shijian",
    "from": [ 7.5, 6.125, 7.625 ],
    "to": [ 8.5, 6.5, 7.75 ],
    "faces": {
        "down":  { "uv": [ 8.5, 7.75, 7.5, 7.625 ], "texture": "#texture" },
        "up":    { "uv": [ 7.5, 7.625, 8.5, 7.75 ], "texture": "#texture" },
        "north": { "uv": [ 7.5, 9.5, 8.5, 9.875 ], "texture": "#particle" },
        "south": { "uv": [ 7.5, 9.5, 8.5, 9.875 ], "texture": "#particle" },
        "west":  { "uv": [ 7.625, 9.5, 7.75, 9.875 ], "texture": "#texture" },
        "east":  { "uv": [ 8.25, 9.5, 8.375, 9.875 ], "texture": "#texture" }
    }
},
{
    "__comment": "Shijian",
    "from": [ 7.5, 5.75, 7.75 ],
    "to": [ 8.5, 5.875, 8.25 ],
    "faces": {
        "down":  { "uv": [ 8.5, 8.25, 7.5, 7.75 ], "texture": "#texture" },
        "up":    { "uv": [ 7.5, 7.75, 8.5, 8.25 ], "texture": "#texture" },
        "north": { "uv": [ 7.5, 10.125, 8.5, 10.25 ], "texture": "#particle" },
        "south": { "uv": [ 7.5, 10.125, 8.5, 10.25 ], "texture": "#particle" },
        "west":  { "uv": [ 7.75, 10.125, 8.25, 10.25 ], "texture": "#texture" },
        "east":  { "uv": [ 7.75, 10.125, 8.25, 10.25 ], "texture": "#texture" }
    }
},
{
    "__comment": "Shijian",
    "from": [ 7.5, 5.875, 7.75 ],
    "to": [ 8.5, 6, 7.875 ],
    "faces": {
        "down":  { "uv": [ 8.5, 7.875, 7.5, 7.75 ], "texture": "#texture" },
        "up":    { "uv": [ 7.5, 7.75, 8.5, 7.875 ], "texture": "#texture" },
        "north": { "uv": [ 7.5, 10, 8.5, 10.125 ], "texture": "#particle" },
        "south": { "uv": [ 7.5, 10, 8.5, 10.125 ], "texture": "#particle" },
        "west":  { "uv": [ 7.75, 10, 7.875, 10.125 ], "texture": "#texture" },
        "east":  { "uv": [ 8.125, 10, 8.25, 10.125 ], "texture": "#texture" }
    }
},
{
    "__comment": "Shijian",
    "from": [ 7.5, 6.875, 7.75 ],
    "to": [ 8.5, 7.125, 7.875 ],
    "faces": {
        "down":  { "uv": [ 8.5, 7.875, 7.5, 7.75 ], "texture": "#texture" },
        "up":    { "uv": [ 7.5, 7.75, 8.5, 7.875 ], "texture": "#texture" },
        "north": { "uv": [ 7.5, 8.875, 8.5, 9.125 ], "texture": "#particle" },
        "south": { "uv": [ 7.5, 8.875, 8.5, 9.125 ], "texture": "#particle" },
        "west":  { "uv": [ 7.75, 8.875, 7.875, 9.125 ], "texture": "#texture" },
        "east":  { "uv": [ 8.125, 8.875, 8.25, 9.125 ], "texture": "#texture" }
    }
},
{
    "__comment": "Shijian",
    "from": [ 7.5, 9.25, 7.75 ],
    "to": [ 8.5, 9.375, 7.875 ],
    "faces": {
        "down":  { "uv": [ 8.5, 7.875, 7.5, 7.75 ], "texture": "#texture" },
        "up":    { "uv": [ 7.5, 7.75, 8.5, 7.875 ], "texture": "#texture" },
        "north": { "uv": [ 7.5, 6.625, 8.5, 6.75 ], "texture": "#particle" },
        "south": { "uv": [ 7.5, 6.625, 8.5, 6.75 ], "texture": "#particle" },
        "west":  { "uv": [ 7.75, 6.625, 7.875, 6.75 ], "texture": "#texture" },
        "east":  { "uv": [ 8.125, 6.625, 8.25, 6.75 ], "texture": "#texture" }
    }
},
{
    "__comment": "Shijian",
    "from": [ 7.5, 10.375, 7.75 ],
    "to": [ 8.5, 10.5, 7.875 ],
    "faces": {
        "down":  { "uv": [ 8.5, 7.875, 7.5, 7.75 ], "texture": "#texture" },
        "up":    { "uv": [ 7.5, 7.75, 8.5, 7.875 ], "texture": "#texture" },
        "north": { "uv": [ 7.5, 5.5, 8.5, 5.625 ], "texture": "#particle" },
        "south": { "uv": [ 7.5, 5.5, 8.5, 5.625 ], "texture": "#particle" },
        "west":  { "uv": [ 7.75, 5.5, 7.875, 5.625 ], "texture": "#texture" },
        "east":  { "uv": [ 8.125, 5.5, 8.25, 5.625 ], "texture": "#texture" }
    }
},
{
    "__comment": "Shijian",
    "from": [ 7.5, 12.375, 7.75 ],
    "to": [ 8.5, 13.25, 7.875 ],
    "faces": {
        "down":  { "uv": [ 8.5, 7.875, 7.5, 7.75 ], "texture": "#texture" },
        "up":    { "uv": [ 7.5, 7.75, 8.5, 7.875 ], "texture": "#texture" },
        "north": { "uv": [ 7.5, 2.75, 8.5, 3.625 ], "texture": "#particle" },
        "south": { "uv": [ 7.5, 2.75, 8.5, 3.625 ], "texture": "#particle" },
        "west":  { "uv": [ 7.75, 2.75, 7.875, 3.625 ], "texture": "#texture" },
        "east":  { "uv": [ 8.125, 2.75, 8.25, 3.625 ], "texture": "#texture" }
    }
},
{
    "__comment": "Shijian",
    "from": [ 7.5, 5.625, 7.875 ],
    "to": [ 8.5, 5.75, 8.125 ],
    "faces": {
        "down":  { "uv": [ 8.5, 8.125, 7.5, 7.875 ], "texture": "#texture" },
        "up":    { "uv": [ 7.5, 7.875, 8.5, 8.125 ], "texture": "#texture" },
        "north": { "uv": [ 7.5, 10.25, 8.5, 10.375 ], "texture": "#particle" },
        "south": { "uv": [ 7.5, 10.25, 8.5, 10.375 ], "texture": "#particle" },
        "west":  { "uv": [ 7.875, 10.25, 8.125, 10.375 ], "texture": "#texture" },
        "east":  { "uv": [ 7.875, 10.25, 8.125, 10.375 ], "texture": "#texture" }
    }
},
{
    "__comment": "Shijian",
    "from": [ 7.5, 10.625, 7.875 ],
    "to": [ 8.5, 11.75, 8.125 ],
    "faces": {
        "down":  { "uv": [ 8.5, 8.125, 7.5, 7.875 ], "texture": "#texture" },
        "up":    { "uv": [ 7.5, 7.875, 8.5, 8.125 ], "texture": "#texture" },
        "north": { "uv": [ 7.5, 4.25, 8.5, 5.375 ], "texture": "#particle" },
        "south": { "uv": [ 7.5, 4.25, 8.5, 5.375 ], "texture": "#particle" },
        "west":  { "uv": [ 7.875, 4.25, 8.125, 5.375 ], "texture": "#texture" },
        "east":  { "uv": [ 7.875, 4.25, 8.125, 5.375 ], "texture": "#texture" }
    }
},
{
    "__comment": "Shijian",
    "from": [ 7.5, 12.5, 7.875 ],
    "to": [ 8.625, 13.25, 8.25 ],
    "faces": {
        "down":  { "uv": [ 8.5, 8.25, 7.375, 7.875 ], "texture": "#texture" },
        "up":    { "uv": [ 7.5, 7.875, 8.625, 8.25 ], "texture": "#texture" },
        "north": { "uv": [ 7.375, 2.75, 8.5, 3.5 ], "texture": "#particle" },
        "south": { "uv": [ 7.5, 2.75, 8.625, 3.5 ], "texture": "#particle" },
        "west":  { "uv": [ 7.875, 2.75, 8.25, 3.5 ], "texture": "#texture" },
        "east":  { "uv": [ 7.75, 2.75, 8.125, 3.5 ], "texture": "#texture" }
    }
},
{
    "__comment": "Shijian",
    "from": [ 7.5, 13.25, 7.875 ],
    "to": [ 8.75, 13.375, 8.125 ],
    "faces": {
        "down":  { "uv": [ 8.5, 8.125, 7.25, 7.875 ], "texture": "#texture" },
        "up":    { "uv": [ 7.5, 7.875, 8.75, 8.125 ], "texture": "#texture" },
        "north": { "uv": [ 7.25, 2.625, 8.5, 2.75 ], "texture": "#particle" },
        "south": { "uv": [ 7.5, 2.625, 8.75, 2.75 ], "texture": "#particle" },
        "west":  { "uv": [ 7.875, 2.625, 8.125, 2.75 ], "texture": "#texture" },
        "east":  { "uv": [ 7.875, 2.625, 8.125, 2.75 ], "texture": "#texture" }
    }
},
{
    "__comment": "Shijian",
    "from": [ 7.5, 13.5, 7.875 ],
    "to": [ 8.5, 15.125, 8.125 ],
    "faces": {
        "down":  { "uv": [ 8.5, 8.125, 7.5, 7.875 ], "texture": "#texture" },
        "up":    { "uv": [ 7.5, 7.875, 8.5, 8.125 ], "texture": "#texture" },
        "north": { "uv": [ 7.5, 0.875, 8.5, 2.5 ], "texture": "#particle" },
        "south": { "uv": [ 7.5, 0.875, 8.5, 2.5 ], "texture": "#particle" },
        "west":  { "uv": [ 7.875, 0.875, 8.125, 2.5 ], "texture": "#texture" },
        "east":  { "uv": [ 7.875, 0.875, 8.125, 2.5 ], "texture": "#texture" }
    }
},
{
    "__comment": "Shijian",
    "from": [ 7.5, 5.875, 8.125 ],
    "to": [ 8.5, 6, 8.25 ],
    "faces": {
        "down":  { "uv": [ 8.5, 8.25, 7.5, 8.125 ], "texture": "#texture" },
        "up":    { "uv": [ 7.5, 8.125, 8.5, 8.25 ], "texture": "#texture" },
        "north": { "uv": [ 7.5, 10, 8.5, 10.125 ], "texture": "#particle" },
        "south": { "uv": [ 7.5, 10, 8.5, 10.125 ], "texture": "#particle" },
        "west":  { "uv": [ 8.125, 10, 8.25, 10.125 ], "texture": "#texture" },
        "east":  { "uv": [ 7.75, 10, 7.875, 10.125 ], "texture": "#texture" }
    }
},
{
    "__comment": "Shijian",
    "from": [ 7.5, 6.875, 8.125 ],
    "to": [ 8.5, 7.125, 8.25 ],
    "faces": {
        "down":  { "uv": [ 8.5, 8.25, 7.5, 8.125 ], "texture": "#texture" },
        "up":    { "uv": [ 7.5, 8.125, 8.5, 8.25 ], "texture": "#texture" },
        "north": { "uv": [ 7.5, 8.875, 8.5, 9.125 ], "texture": "#particle" },
        "south": { "uv": [ 7.5, 8.875, 8.5, 9.125 ], "texture": "#particle" },
        "west":  { "uv": [ 8.125, 8.875, 8.25, 9.125 ], "texture": "#texture" },
        "east":  { "uv": [ 7.75, 8.875, 7.875, 9.125 ], "texture": "#texture" }
    }
},
{
    "__comment": "Shijian",
    "from": [ 7.5, 9.25, 8.125 ],
    "to": [ 8.5, 9.375, 8.25 ],
    "faces": {
        "down":  { "uv": [ 8.5, 8.25, 7.5, 8.125 ], "texture": "#texture" },
        "up":    { "uv": [ 7.5, 8.125, 8.5, 8.25 ], "texture": "#texture" },
        "north": { "uv": [ 7.5, 6.625, 8.5, 6.75 ], "texture": "#particle" },
        "south": { "uv": [ 7.5, 6.625, 8.5, 6.75 ], "texture": "#particle" },
        "west":  { "uv": [ 8.125, 6.625, 8.25, 6.75 ], "texture": "#texture" },
        "east":  { "uv": [ 7.75, 6.625, 7.875, 6.75 ], "texture": "#texture" }
    }
},
{
    "__comment": "Shijian",
    "from": [ 7.5, 10.375, 8.125 ],
    "to": [ 8.5, 10.5, 8.25 ],
    "faces": {
        "down":  { "uv": [ 8.5, 8.25, 7.5, 8.125 ], "texture": "#texture" },
        "up":    { "uv": [ 7.5, 8.125, 8.5, 8.25 ], "texture": "#texture" },
        "north": { "uv": [ 7.5, 5.5, 8.5, 5.625 ], "texture": "#particle" },
        "south": { "uv": [ 7.5, 5.5, 8.5, 5.625 ], "texture": "#particle" },
        "west":  { "uv": [ 8.125, 5.5, 8.25, 5.625 ], "texture": "#texture" },
        "east":  { "uv": [ 7.75, 5.5, 7.875, 5.625 ], "texture": "#texture" }
    }
},
{
    "__comment": "Shijian",
    "from": [ 7.5, 12.375, 8.125 ],
    "to": [ 8.5, 12.5, 8.25 ],
    "faces": {
        "down":  { "uv": [ 8.5, 8.25, 7.5, 8.125 ], "texture": "#texture" },
        "up":    { "uv": [ 7.5, 8.125, 8.5, 8.25 ], "texture": "#texture" },
        "north": { "uv": [ 7.5, 3.5, 8.5, 3.625 ], "texture": "#particle" },
        "south": { "uv": [ 7.5, 3.5, 8.5, 3.625 ], "texture": "#particle" },
        "west":  { "uv": [ 8.125, 3.5, 8.25, 3.625 ], "texture": "#texture" },
        "east":  { "uv": [ 7.75, 3.5, 7.875, 3.625 ], "texture": "#texture" }
    }
},
{
    "__comment": "Shijian",
    "from": [ 7.5, 6.125, 8.25 ],
    "to": [ 8.5, 6.5, 8.375 ],
    "faces": {
        "down":  { "uv": [ 8.5, 8.375, 7.5, 8.25 ], "texture": "#texture" },
        "up":    { "uv": [ 7.5, 8.25, 8.5, 8.375 ], "texture": "#texture" },
        "north": { "uv": [ 7.5, 9.5, 8.5, 9.875 ], "texture": "#particle" },
        "south": { "uv": [ 7.5, 9.5, 8.5, 9.875 ], "texture": "#particle" },
        "west":  { "uv": [ 8.25, 9.5, 8.375, 9.875 ], "texture": "#texture" },
        "east":  { "uv": [ 7.625, 9.5, 7.75, 9.875 ], "texture": "#texture" }
    }
},
{
    "__comment": "Shijian",
    "from": [ 7.625, 6, 7.625 ],
    "to": [ 8.375, 6.125, 7.75 ],
    "faces": {
        "down":  { "uv": [ 8.375, 7.75, 7.625, 7.625 ], "texture": "#texture" },
        "up":    { "uv": [ 7.625, 7.625, 8.375, 7.75 ], "texture": "#texture" },
        "north": { "uv": [ 7.625, 9.875, 8.375, 10 ], "texture": "#particle" },
        "south": { "uv": [ 7.625, 9.875, 8.375, 10 ], "texture": "#particle" },
        "west":  { "uv": [ 7.625, 9.875, 7.75, 10 ], "texture": "#texture" },
        "east":  { "uv": [ 8.25, 9.875, 8.375, 10 ], "texture": "#texture" }
    }
},
{
    "__comment": "Shijian",
    "from": [ 7.625, 6.5, 7.625 ],
    "to": [ 8.375, 6.625, 7.75 ],
    "faces": {
        "down":  { "uv": [ 8.375, 7.75, 7.625, 7.625 ], "texture": "#texture" },
        "up":    { "uv": [ 7.625, 7.625, 8.375, 7.75 ], "texture": "#texture" },
        "north": { "uv": [ 7.625, 9.375, 8.375, 9.5 ], "texture": "#particle" },
        "south": { "uv": [ 7.625, 9.375, 8.375, 9.5 ], "texture": "#particle" },
        "west":  { "uv": [ 7.625, 9.375, 7.75, 9.5 ], "texture": "#texture" },
        "east":  { "uv": [ 8.25, 9.375, 8.375, 9.5 ], "texture": "#texture" }
    }
},
{
    "__comment": "Shijian",
    "from": [ 7.625, 5.5, 7.75 ],
    "to": [ 8.375, 5.625, 8.25 ],
    "faces": {
        "down":  { "uv": [ 8.375, 8.25, 7.625, 7.75 ], "texture": "#texture" },
        "up":    { "uv": [ 7.625, 7.75, 8.375, 8.25 ], "texture": "#texture" },
        "north": { "uv": [ 7.625, 10.375, 8.375, 10.5 ], "texture": "#particle" },
        "south": { "uv": [ 7.625, 10.375, 8.375, 10.5 ], "texture": "#particle" },
        "west":  { "uv": [ 7.75, 10.375, 8.25, 10.5 ], "texture": "#texture" },
        "east":  { "uv": [ 7.75, 10.375, 8.25, 10.5 ], "texture": "#texture" }
    }
},
{
    "__comment": "Shijian",
    "from": [ 7.625, 5.625, 7.75 ],
    "to": [ 8.375, 5.75, 7.875 ],
    "faces": {
        "down":  { "uv": [ 8.375, 7.875, 7.625, 7.75 ], "texture": "#texture" },
        "up":    { "uv": [ 7.625, 7.75, 8.375, 7.875 ], "texture": "#texture" },
        "north": { "uv": [ 7.625, 10.25, 8.375, 10.375 ], "texture": "#particle" },
        "south": { "uv": [ 7.625, 10.25, 8.375, 10.375 ], "texture": "#particle" },
        "west":  { "uv": [ 7.75, 10.25, 7.875, 10.375 ], "texture": "#texture" },
        "east":  { "uv": [ 8.125, 10.25, 8.25, 10.375 ], "texture": "#texture" }
    }
},
{
    "__comment": "Shijian",
    "from": [ 7.625, 7.125, 7.75 ],
    "to": [ 8.375, 9.25, 7.875 ],
    "faces": {
        "down":  { "uv": [ 8.375, 7.875, 7.625, 7.75 ], "texture": "#texture" },
        "up":    { "uv": [ 7.625, 7.75, 8.375, 7.875 ], "texture": "#texture" },
        "north": { "uv": [ 7.625, 6.75, 8.375, 8.875 ], "texture": "#particle" },
        "south": { "uv": [ 7.625, 6.75, 8.375, 8.875 ], "texture": "#particle" },
        "west":  { "uv": [ 7.75, 6.75, 7.875, 8.875 ], "texture": "#texture" },
        "east":  { "uv": [ 8.125, 6.75, 8.25, 8.875 ], "texture": "#texture" }
    }
},
{
    "__comment": "Shijian",
    "from": [ 7.625, 10.5, 7.75 ],
    "to": [ 8.375, 12.375, 7.875 ],
    "faces": {
        "down":  { "uv": [ 8.375, 7.875, 7.625, 7.75 ], "texture": "#texture" },
        "up":    { "uv": [ 7.625, 7.75, 8.375, 7.875 ], "texture": "#texture" },
        "north": { "uv": [ 7.625, 3.625, 8.375, 5.5 ], "texture": "#particle" },
        "south": { "uv": [ 7.625, 3.625, 8.375, 5.5 ], "texture": "#particle" },
        "west":  { "uv": [ 7.75, 3.625, 7.875, 5.5 ], "texture": "#texture" },
        "east":  { "uv": [ 8.125, 3.625, 8.25, 5.5 ], "texture": "#texture" }
    }
},
{
    "__comment": "Shijian",
    "from": [ 7.625, 13.25, 7.75 ],
    "to": [ 8.375, 15, 7.875 ],
    "faces": {
        "down":  { "uv": [ 8.375, 7.875, 7.625, 7.75 ], "texture": "#texture" },
        "up":    { "uv": [ 7.625, 7.75, 8.375, 7.875 ], "texture": "#texture" },
        "north": { "uv": [ 7.625, 1, 8.375, 2.75 ], "texture": "#particle" },
        "south": { "uv": [ 7.625, 1, 8.375, 2.75 ], "texture": "#particle" },
        "west":  { "uv": [ 7.75, 1, 7.875, 2.75 ], "texture": "#texture" },
        "east":  { "uv": [ 8.125, 1, 8.25, 2.75 ], "texture": "#texture" }
    }
},
{
    "__comment": "Shijian",
    "from": [ 7.625, 1.75, 7.875 ],
    "to": [ 8.375, 2.25, 8.125 ],
    "faces": {
        "down":  { "uv": [ 8.375, 8.125, 7.625, 7.875 ], "texture": "#texture" },
        "up":    { "uv": [ 7.625, 7.875, 8.375, 8.125 ], "texture": "#texture" },
        "north": { "uv": [ 7.625, 13.75, 8.375, 14.25 ], "texture": "#particle" },
        "south": { "uv": [ 7.625, 13.75, 8.375, 14.25 ], "texture": "#particle" },
        "west":  { "uv": [ 7.875, 13.75, 8.125, 14.25 ], "texture": "#texture" },
        "east":  { "uv": [ 7.875, 13.75, 8.125, 14.25 ], "texture": "#texture" }
    }
},
{
    "__comment": "Shijian",
    "from": [ 7.625, 15.125, 7.875 ],
    "to": [ 8.375, 15.375, 8.125 ],
    "faces": {
        "down":  { "uv": [ 8.375, 8.125, 7.625, 7.875 ], "texture": "#texture" },
        "up":    { "uv": [ 7.625, 7.875, 8.375, 8.125 ], "texture": "#texture" },
        "north": { "uv": [ 7.625, 0.625, 8.375, 0.875 ], "texture": "#particle" },
        "south": { "uv": [ 7.625, 0.625, 8.375, 0.875 ], "texture": "#particle" },
        "west":  { "uv": [ 7.875, 0.625, 8.125, 0.875 ], "texture": "#texture" },
        "east":  { "uv": [ 7.875, 0.625, 8.125, 0.875 ], "texture": "#texture" }
    }
},
{
    "__comment": "Shijian",
    "from": [ 7.625, 5.625, 8.125 ],
    "to": [ 8.375, 5.75, 8.25 ],
    "faces": {
        "down":  { "uv": [ 8.375, 8.25, 7.625, 8.125 ], "texture": "#texture" },
        "up":    { "uv": [ 7.625, 8.125, 8.375, 8.25 ], "texture": "#texture" },
        "north": { "uv": [ 7.625, 10.25, 8.375, 10.375 ], "texture": "#particle" },
        "south": { "uv": [ 7.625, 10.25, 8.375, 10.375 ], "texture": "#particle" },
        "west":  { "uv": [ 8.125, 10.25, 8.25, 10.375 ], "texture": "#texture" },
        "east":  { "uv": [ 7.75, 10.25, 7.875, 10.375 ], "texture": "#texture" }
    }
},
{
    "__comment": "Shijian",
    "from": [ 7.625, 7.125, 8.125 ],
    "to": [ 8.375, 9.25, 8.25 ],
    "faces": {
        "down":  { "uv": [ 8.375, 8.25, 7.625, 8.125 ], "texture": "#texture" },
        "up":    { "uv": [ 7.625, 8.125, 8.375, 8.25 ], "texture": "#texture" },
        "north": { "uv": [ 7.625, 6.75, 8.375, 8.875 ], "texture": "#particle" },
        "south": { "uv": [ 7.625, 6.75, 8.375, 8.875 ], "texture": "#particle" },
        "west":  { "uv": [ 8.125, 6.75, 8.25, 8.875 ], "texture": "#texture" },
        "east":  { "uv": [ 7.75, 6.75, 7.875, 8.875 ], "texture": "#texture" }
    }
},
{
    "__comment": "Shijian",
    "from": [ 7.625, 10.5, 8.125 ],
    "to": [ 8.375, 12.375, 8.25 ],
    "faces": {
        "down":  { "uv": [ 8.375, 8.25, 7.625, 8.125 ], "texture": "#texture" },
        "up":    { "uv": [ 7.625, 8.125, 8.375, 8.25 ], "texture": "#texture" },
        "north": { "uv": [ 7.625, 3.625, 8.375, 5.5 ], "texture": "#particle" },
        "south": { "uv": [ 7.625, 3.625, 8.375, 5.5 ], "texture": "#particle" },
        "west":  { "uv": [ 8.125, 3.625, 8.25, 5.5 ], "texture": "#texture" },
        "east":  { "uv": [ 7.75, 3.625, 7.875, 5.5 ], "texture": "#texture" }
    }
},
{
    "__comment": "Shijian",
    "from": [ 7.625, 13.25, 8.125 ],
    "to": [ 8.375, 15, 8.25 ],
    "faces": {
        "down":  { "uv": [ 8.375, 8.25, 7.625, 8.125 ], "texture": "#texture" },
        "up":    { "uv": [ 7.625, 8.125, 8.375, 8.25 ], "texture": "#texture" },
        "north": { "uv": [ 7.625, 1, 8.375, 2.75 ], "texture": "#particle" },
        "south": { "uv": [ 7.625, 1, 8.375, 2.75 ], "texture": "#particle" },
        "west":  { "uv": [ 8.125, 1, 8.25, 2.75 ], "texture": "#texture" },
        "east":  { "uv": [ 7.75, 1, 7.875, 2.75 ], "texture": "#texture" }
    }
},
{
    "__comment": "Shijian",
    "from": [ 7.625, 6, 8.25 ],
    "to": [ 8.375, 6.125, 8.375 ],
    "faces": {
        "down":  { "uv": [ 8.375, 8.375, 7.625, 8.25 ], "texture": "#texture" },
        "up":    { "uv": [ 7.625, 8.25, 8.375, 8.375 ], "texture": "#texture" },
        "north": { "uv": [ 7.625, 9.875, 8.375, 10 ], "texture": "#particle" },
        "south": { "uv": [ 7.625, 9.875, 8.375, 10 ], "texture": "#particle" },
        "west":  { "uv": [ 8.25, 9.875, 8.375, 10 ], "texture": "#texture" },
        "east":  { "uv": [ 7.625, 9.875, 7.75, 10 ], "texture": "#texture" }
    }
},
{
    "__comment": "Shijian",
    "from": [ 7.625, 6.5, 8.25 ],
    "to": [ 8.375, 6.625, 8.375 ],
    "faces": {
        "down":  { "uv": [ 8.375, 8.375, 7.625, 8.25 ], "texture": "#texture" },
        "up":    { "uv": [ 7.625, 8.25, 8.375, 8.375 ], "texture": "#texture" },
        "north": { "uv": [ 7.625, 9.375, 8.375, 9.5 ], "texture": "#particle" },
        "south": { "uv": [ 7.625, 9.375, 8.375, 9.5 ], "texture": "#particle" },
        "west":  { "uv": [ 8.25, 9.375, 8.375, 9.5 ], "texture": "#texture" },
        "east":  { "uv": [ 7.625, 9.375, 7.75, 9.5 ], "texture": "#texture" }
    }
},
{
    "__comment": "Shijian",
    "from": [ 7.75, 6.625, 7.625 ],
    "to": [ 8.25, 6.875, 7.75 ],
    "faces": {
        "down":  { "uv": [ 8.25, 7.75, 7.75, 7.625 ], "texture": "#texture" },
        "up":    { "uv": [ 7.75, 7.625, 8.25, 7.75 ], "texture": "#texture" },
        "north": { "uv": [ 7.75, 9.125, 8.25, 9.375 ], "texture": "#particle" },
        "south": { "uv": [ 7.75, 9.125, 8.25, 9.375 ], "texture": "#particle" },
        "west":  { "uv": [ 7.625, 9.125, 7.75, 9.375 ], "texture": "#texture" },
        "east":  { "uv": [ 8.25, 9.125, 8.375, 9.375 ], "texture": "#texture" }
    }
},
{
    "__comment": "Shijian",
    "from": [ 7.75, 1.75, 7.75 ],
    "to": [ 8.25, 2.125, 7.875 ],
    "faces": {
        "down":  { "uv": [ 8.25, 7.875, 7.75, 7.75 ], "texture": "#texture" },
        "up":    { "uv": [ 7.75, 7.75, 8.25, 7.875 ], "texture": "#texture" },
        "north": { "uv": [ 7.75, 13.875, 8.25, 14.25 ], "texture": "#particle" },
        "south": { "uv": [ 7.75, 13.875, 8.25, 14.25 ], "texture": "#particle" },
        "west":  { "uv": [ 7.75, 13.875, 7.875, 14.25 ], "texture": "#texture" },
        "east":  { "uv": [ 8.125, 13.875, 8.25, 14.25 ], "texture": "#texture" }
    }
},
{
    "__comment": "Shijian",
    "from": [ 7.75, 5.25, 7.75 ],
    "to": [ 8.25, 5.5, 8.25 ],
    "faces": {
        "down":  { "uv": [ 8.25, 8.25, 7.75, 7.75 ], "texture": "#texture" },
        "up":    { "uv": [ 7.75, 7.75, 8.25, 8.25 ], "texture": "#texture" },
        "north": { "uv": [ 7.75, 10.5, 8.25, 10.75 ], "texture": "#particle" },
        "south": { "uv": [ 7.75, 10.5, 8.25, 10.75 ], "texture": "#particle" },
        "west":  { "uv": [ 7.75, 10.5, 8.25, 10.75 ], "texture": "#texture" },
        "east":  { "uv": [ 7.75, 10.5, 8.25, 10.75 ], "texture": "#texture" }
    }
},
{
    "__comment": "Shijian",
    "from": [ 7.75, 15, 7.75 ],
    "to": [ 8.25, 15.375, 7.875 ],
    "faces": {
        "down":  { "uv": [ 8.25, 7.875, 7.75, 7.75 ], "texture": "#texture" },
        "up":    { "uv": [ 7.75, 7.75, 8.25, 7.875 ], "texture": "#texture" },
        "north": { "uv": [ 7.75, 0.625, 8.25, 1 ], "texture": "#particle" },
        "south": { "uv": [ 7.75, 0.625, 8.25, 1 ], "texture": "#particle" },
        "west":  { "uv": [ 7.75, 0.625, 7.875, 1 ], "texture": "#texture" },
        "east":  { "uv": [ 8.125, 0.625, 8.25, 1 ], "texture": "#texture" }
    }
},
{
    "__comment": "Shijian",
    "from": [ 7.75, 1.625, 7.875 ],
    "to": [ 8.25, 1.75, 8.125 ],
    "faces": {
        "down":  { "uv": [ 8.25, 8.125, 7.75, 7.875 ], "texture": "#texture" },
        "up":    { "uv": [ 7.75, 7.875, 8.25, 8.125 ], "texture": "#texture" },
        "north": { "uv": [ 7.75, 14.25, 8.25, 14.375 ], "texture": "#particle" },
        "south": { "uv": [ 7.75, 14.25, 8.25, 14.375 ], "texture": "#particle" },
        "west":  { "uv": [ 7.875, 14.25, 8.125, 14.375 ], "texture": "#texture" },
        "east":  { "uv": [ 7.875, 14.25, 8.125, 14.375 ], "texture": "#texture" }
    }
},
{
    "__comment": "Shijian",
    "from": [ 7.75, 2.25, 7.875 ],
    "to": [ 8.25, 5.25, 8.125 ],
    "faces": {
        "down":  { "uv": [ 8.25, 8.125, 7.75, 7.875 ], "texture": "#texture" },
        "up":    { "uv": [ 7.75, 7.875, 8.25, 8.125 ], "texture": "#texture" },
        "north": { "uv": [ 7.75, 10.75, 8.25, 13.75 ], "texture": "#particle" },
        "south": { "uv": [ 7.75, 10.75, 8.25, 13.75 ], "texture": "#particle" },
        "west":  { "uv": [ 7.875, 10.75, 8.125, 13.75 ], "texture": "#texture" },
        "east":  { "uv": [ 7.875, 10.75, 8.125, 13.75 ], "texture": "#texture" }
    }
},
{
    "__comment": "Shijian",
    "from": [ 7.75, 15.375, 7.875 ],
    "to": [ 8.25, 15.625, 8.125 ],
    "faces": {
        "down":  { "uv": [ 8.25, 8.125, 7.75, 7.875 ], "texture": "#texture" },
        "up":    { "uv": [ 7.75, 7.875, 8.25, 8.125 ], "texture": "#texture" },
        "north": { "uv": [ 7.75, 0.375, 8.25, 0.625 ], "texture": "#particle" },
        "south": { "uv": [ 7.75, 0.375, 8.25, 0.625 ], "texture": "#particle" },
        "west":  { "uv": [ 7.875, 0.375, 8.125, 0.625 ], "texture": "#texture" },
        "east":  { "uv": [ 7.875, 0.375, 8.125, 0.625 ], "texture": "#texture" }
    }
},
{
    "__comment": "Shijian",
    "from": [ 7.75, 1.75, 8.125 ],
    "to": [ 8.25, 2.125, 8.25 ],
    "faces": {
        "down":  { "uv": [ 8.25, 8.25, 7.75, 8.125 ], "texture": "#texture" },
        "up":    { "uv": [ 7.75, 8.125, 8.25, 8.25 ], "texture": "#texture" },
        "north": { "uv": [ 7.75, 13.875, 8.25, 14.25 ], "texture": "#particle" },
        "south": { "uv": [ 7.75, 13.875, 8.25, 14.25 ], "texture": "#particle" },
        "west":  { "uv": [ 8.125, 13.875, 8.25, 14.25 ], "texture": "#texture" },
        "east":  { "uv": [ 7.75, 13.875, 7.875, 14.25 ], "texture": "#texture" }
    }
},
{
    "__comment": "Shijian",
    "from": [ 7.75, 15, 8.125 ],
    "to": [ 8.25, 15.375, 8.25 ],
    "faces": {
        "down":  { "uv": [ 8.25, 8.25, 7.75, 8.125 ], "texture": "#texture" },
        "up":    { "uv": [ 7.75, 8.125, 8.25, 8.25 ], "texture": "#texture" },
        "north": { "uv": [ 7.75, 0.625, 8.25, 1 ], "texture": "#particle" },
        "south": { "uv": [ 7.75, 0.625, 8.25, 1 ], "texture": "#particle" },
        "west":  { "uv": [ 8.125, 0.625, 8.25, 1 ], "texture": "#texture" },
        "east":  { "uv": [ 7.75, 0.625, 7.875, 1 ], "texture": "#texture" }
    }
},
{
    "__comment": "Shijian",
    "from": [ 7.75, 6.625, 8.25 ],
    "to": [ 8.25, 6.875, 8.375 ],
    "faces": {
        "down":  { "uv": [ 8.25, 8.375, 7.75, 8.25 ], "texture": "#texture" },
        "up":    { "uv": [ 7.75, 8.25, 8.25, 8.375 ], "texture": "#texture" },
        "north": { "uv": [ 7.75, 9.125, 8.25, 9.375 ], "texture": "#particle" },
        "south": { "uv": [ 7.75, 9.125, 8.25, 9.375 ], "texture": "#particle" },
        "west":  { "uv": [ 8.25, 9.125, 8.375, 9.375 ], "texture": "#texture" },
        "east":  { "uv": [ 7.625, 9.125, 7.75, 9.375 ], "texture": "#texture" }
    }
},
{
    "__comment": "Shijian",
    "from": [ 7.875, 5.875, 7.625 ],
    "to": [ 8.125, 6, 7.75 ],
    "faces": {
        "down":  { "uv": [ 8.125, 7.75, 7.875, 7.625 ], "texture": "#texture" },
        "up":    { "uv": [ 7.875, 7.625, 8.125, 7.75 ], "texture": "#texture" },
        "north": { "uv": [ 7.875, 10, 8.125, 10.125 ], "texture": "#particle" },
        "south": { "uv": [ 7.875, 10, 8.125, 10.125 ], "texture": "#particle" },
        "west":  { "uv": [ 7.625, 10, 7.75, 10.125 ], "texture": "#texture" },
        "east":  { "uv": [ 8.25, 10, 8.375, 10.125 ], "texture": "#texture" }
    }
},
{
    "__comment": "Shijian",
    "from": [ 7.875, 6.875, 7.625 ],
    "to": [ 8.125, 7.125, 7.75 ],
    "faces": {
        "down":  { "uv": [ 8.125, 7.75, 7.875, 7.625 ], "texture": "#texture" },
        "up":    { "uv": [ 7.875, 7.625, 8.125, 7.75 ], "texture": "#texture" },
        "north": { "uv": [ 7.875, 8.875, 8.125, 9.125 ], "texture": "#particle" },
        "south": { "uv": [ 7.875, 8.875, 8.125, 9.125 ], "texture": "#particle" },
        "west":  { "uv": [ 7.625, 8.875, 7.75, 9.125 ], "texture": "#texture" },
        "east":  { "uv": [ 8.25, 8.875, 8.375, 9.125 ], "texture": "#texture" }
    }
},
{
    "__comment": "Shijian",
    "from": [ 7.875, 2.125, 7.75 ],
    "to": [ 8.125, 5.25, 7.875 ],
    "faces": {
        "down":  { "uv": [ 8.125, 7.875, 7.875, 7.75 ], "texture": "#texture" },
        "up":    { "uv": [ 7.875, 7.75, 8.125, 7.875 ], "texture": "#texture" },
        "north": { "uv": [ 7.875, 10.75, 8.125, 13.875 ], "texture": "#particle" },
        "south": { "uv": [ 7.875, 10.75, 8.125, 13.875 ], "texture": "#particle" },
        "west":  { "uv": [ 7.75, 10.75, 7.875, 13.875 ], "texture": "#texture" },
        "east":  { "uv": [ 8.125, 10.75, 8.25, 13.875 ], "texture": "#texture" }
    }
},
{
    "__comment": "Shijian",
    "from": [ 7.875, 15.375, 7.75 ],
    "to": [ 8.125, 15.5, 7.875 ],
    "faces": {
        "down":  { "uv": [ 8.125, 7.875, 7.875, 7.75 ], "texture": "#texture" },
        "up":    { "uv": [ 7.875, 7.75, 8.125, 7.875 ], "texture": "#texture" },
        "north": { "uv": [ 7.875, 0.5, 8.125, 0.625 ], "texture": "#particle" },
        "south": { "uv": [ 7.875, 0.5, 8.125, 0.625 ], "texture": "#particle" },
        "west":  { "uv": [ 7.75, 0.5, 7.875, 0.625 ], "texture": "#texture" },
        "east":  { "uv": [ 8.125, 0.5, 8.25, 0.625 ], "texture": "#texture" }
    }
},
{
    "__comment": "Shijian",
    "from": [ 7.875, 15.625, 7.875 ],
    "to": [ 8.125, 15.875, 8.125 ],
    "faces": {
        "down":  { "uv": [ 8.125, 8.125, 7.875, 7.875 ], "texture": "#texture" },
        "up":    { "uv": [ 7.875, 7.875, 8.125, 8.125 ], "texture": "#texture" },
        "north": { "uv": [ 7.875, 0.125, 8.125, 0.375 ], "texture": "#particle" },
        "south": { "uv": [ 7.875, 0.125, 8.125, 0.375 ], "texture": "#particle" },
        "west":  { "uv": [ 7.875, 0.125, 8.125, 0.375 ], "texture": "#texture" },
        "east":  { "uv": [ 7.875, 0.125, 8.125, 0.375 ], "texture": "#texture" }
    }
},
{
    "__comment": "Shijian",
    "from": [ 7.875, 2.125, 8.125 ],
    "to": [ 8.125, 5.25, 8.25 ],
    "faces": {
        "down":  { "uv": [ 8.125, 8.25, 7.875, 8.125 ], "texture": "#texture" },
        "up":    { "uv": [ 7.875, 8.125, 8.125, 8.25 ], "texture": "#texture" },
        "north": { "uv": [ 7.875, 10.75, 8.125, 13.875 ], "texture": "#particle" },
        "south": { "uv": [ 7.875, 10.75, 8.125, 13.875 ], "texture": "#particle" },
        "west":  { "uv": [ 8.125, 10.75, 8.25, 13.875 ], "texture": "#texture" },
        "east":  { "uv": [ 7.75, 10.75, 7.875, 13.875 ], "texture": "#texture" }
    }
},
{
    "__comment": "Shijian",
    "from": [ 7.875, 15.375, 8.125 ],
    "to": [ 8.125, 15.5, 8.25 ],
    "faces": {
        "down":  { "uv": [ 8.125, 8.25, 7.875, 8.125 ], "texture": "#texture" },
        "up":    { "uv": [ 7.875, 8.125, 8.125, 8.25 ], "texture": "#texture" },
        "north": { "uv": [ 7.875, 0.5, 8.125, 0.625 ], "texture": "#particle" },
        "south": { "uv": [ 7.875, 0.5, 8.125, 0.625 ], "texture": "#particle" },
        "west":  { "uv": [ 8.125, 0.5, 8.25, 0.625 ], "texture": "#texture" },
        "east":  { "uv": [ 7.75, 0.5, 7.875, 0.625 ], "texture": "#texture" }
    }
},
{
    "__comment": "Shijian",
    "from": [ 7.875, 5.875, 8.25 ],
    "to": [ 8.125, 6, 8.375 ],
    "faces": {
        "down":  { "uv": [ 8.125, 8.375, 7.875, 8.25 ], "texture": "#texture" },
        "up":    { "uv": [ 7.875, 8.25, 8.125, 8.375 ], "texture": "#texture" },
        "north": { "uv": [ 7.875, 10, 8.125, 10.125 ], "texture": "#particle" },
        "south": { "uv": [ 7.875, 10, 8.125, 10.125 ], "texture": "#particle" },
        "west":  { "uv": [ 8.25, 10, 8.375, 10.125 ], "texture": "#texture" },
        "east":  { "uv": [ 7.625, 10, 7.75, 10.125 ], "texture": "#texture" }
    }
},
{
    "__comment": "Shijian",
    "from": [ 7.875, 6.875, 8.25 ],
    "to": [ 8.125, 7.125, 8.375 ],
    "faces": {
        "down":  { "uv": [ 8.125, 8.375, 7.875, 8.25 ], "texture": "#texture" },
        "up":    { "uv": [ 7.875, 8.25, 8.125, 8.375 ], "texture": "#texture" },
        "north": { "uv": [ 7.875, 8.875, 8.125, 9.125 ], "texture": "#particle" },
        "south": { "uv": [ 7.875, 8.875, 8.125, 9.125 ], "texture": "#particle" },
        "west":  { "uv": [ 8.25, 8.875, 8.375, 9.125 ], "texture": "#texture" },
        "east":  { "uv": [ 7.625, 8.875, 7.75, 9.125 ], "texture": "#texture" }
    }
},
{
    "__comment": "Shijian",
    "from": [ 8.5, 12.5, 7.75 ],
    "to": [ 8.625, 13.375, 7.875 ],
    "faces": {
        "down":  { "uv": [ 7.5, 7.875, 7.375, 7.75 ], "texture": "#texture" },
        "up":    { "uv": [ 8.5, 7.75, 8.625, 7.875 ], "texture": "#texture" },
        "north": { "uv": [ 7.375, 2.625, 7.5, 3.5 ], "texture": "#particle" },
        "south": { "uv": [ 8.5, 2.625, 8.625, 3.5 ], "texture": "#particle" },
        "west":  { "uv": [ 7.75, 2.625, 7.875, 3.5 ], "texture": "#texture" },
        "east":  { "uv": [ 8.125, 2.625, 8.25, 3.5 ], "texture": "#texture" }
    }
},
{
    "__comment": "Shijian",
    "from": [ 8.5, 13.25, 8.125 ],
    "to": [ 8.625, 13.375, 8.25 ],
    "faces": {
        "down":  { "uv": [ 7.5, 8.25, 7.375, 8.125 ], "texture": "#texture" },
        "up":    { "uv": [ 8.5, 8.125, 8.625, 8.25 ], "texture": "#texture" },
        "north": { "uv": [ 7.375, 2.625, 7.5, 2.75 ], "texture": "#particle" },
        "south": { "uv": [ 8.5, 2.625, 8.625, 2.75 ], "texture": "#particle" },
        "west":  { "uv": [ 8.125, 2.625, 8.25, 2.75 ], "texture": "#texture" },
        "east":  { "uv": [ 7.75, 2.625, 7.875, 2.75 ], "texture": "#texture" }
    }
},
{
    "__comment": "Shijian",
    "from": [ 8.625, 12.375, 7.875 ],
    "to": [ 8.75, 13.25, 8.125 ],
    "faces": {
        "down":  { "uv": [ 7.375, 8.125, 7.25, 7.875 ], "texture": "#texture" },
        "up":    { "uv": [ 8.625, 7.875, 8.75, 8.125 ], "texture": "#texture" },
        "north": { "uv": [ 7.25, 2.75, 7.375, 3.625 ], "texture": "#particle" },
        "south": { "uv": [ 8.625, 2.75, 8.75, 3.625 ], "texture": "#particle" },
        "west":  { "uv": [ 7.875, 2.75, 8.125, 3.625 ], "texture": "#texture" },
        "east":  { "uv": [ 7.875, 2.75, 8.125, 3.625 ], "texture": "#texture" }
    }
},
{
    "__comment": "Shijian",
    "from": [ 8.625, 13.5, 7.875 ],
    "to": [ 8.75, 13.625, 8.125 ],
    "faces": {
        "down":  { "uv": [ 7.375, 8.125, 7.25, 7.875 ], "texture": "#texture" },
        "up":    { "uv": [ 8.625, 7.875, 8.75, 8.125 ], "texture": "#texture" },
        "north": { "uv": [ 7.25, 2.375, 7.375, 2.5 ], "texture": "#particle" },
        "south": { "uv": [ 8.625, 2.375, 8.75, 2.5 ], "texture": "#particle" },
        "west":  { "uv": [ 7.875, 2.375, 8.125, 2.5 ], "texture": "#texture" },
        "east":  { "uv": [ 7.875, 2.375, 8.125, 2.5 ], "texture": "#texture" }
    }
},
{
    "__comment": "Shijian",
    "from": [ 8.75, 10.25, 7.75 ],
    "to": [ 9, 10.375, 7.875 ],
    "faces": {
        "down":  { "uv": [ 7.25, 7.875, 7, 7.75 ], "texture": "#texture" },
        "up":    { "uv": [ 8.75, 7.75, 9, 7.875 ], "texture": "#texture" },
        "north": { "uv": [ 7, 5.625, 7.25, 5.75 ], "texture": "#particle" },
        "south": { "uv": [ 8.75, 5.625, 9, 5.75 ], "texture": "#particle" },
        "west":  { "uv": [ 7.75, 5.625, 7.875, 5.75 ], "texture": "#texture" },
        "east":  { "uv": [ 8.125, 5.625, 8.25, 5.75 ], "texture": "#texture" }
    }
},
{
    "__comment": "Shijian",
    "from": [ 8.75, 10.25, 8.125 ],
    "to": [ 9, 10.375, 8.25 ],
    "faces": {
        "down":  { "uv": [ 7.25, 8.25, 7, 8.125 ], "texture": "#texture" },
        "up":    { "uv": [ 8.75, 8.125, 9, 8.25 ], "texture": "#texture" },
        "north": { "uv": [ 7, 5.625, 7.25, 5.75 ], "texture": "#particle" },
        "south": { "uv": [ 8.75, 5.625, 9, 5.75 ], "texture": "#particle" },
        "west":  { "uv": [ 8.125, 5.625, 8.25, 5.75 ], "texture": "#texture" },
        "east":  { "uv": [ 7.75, 5.625, 7.875, 5.75 ], "texture": "#texture" }
    }
},
{
    "__comment": "Shijian",
    "from": [ 8.875, 6.875, 7.75 ],
    "to": [ 9.625, 7, 7.875 ],
    "faces": {
        "down":  { "uv": [ 7.125, 7.875, 6.375, 7.75 ], "texture": "#texture" },
        "up":    { "uv": [ 8.875, 7.75, 9.625, 7.875 ], "texture": "#texture" },
        "north": { "uv": [ 6.375, 9, 7.125, 9.125 ], "texture": "#particle" },
        "south": { "uv": [ 8.875, 9, 9.625, 9.125 ], "texture": "#particle" },
        "west":  { "uv": [ 7.75, 9, 7.875, 9.125 ], "texture": "#texture" },
        "east":  { "uv": [ 8.125, 9, 8.25, 9.125 ], "texture": "#texture" }
    }
},
{
    "__comment": "Shijian",
    "from": [ 8.875, 10, 7.75 ],
    "to": [ 9, 10.25, 7.875 ],
    "faces": {
        "down":  { "uv": [ 7.125, 7.875, 7, 7.75 ], "texture": "#texture" },
        "up":    { "uv": [ 8.875, 7.75, 9, 7.875 ], "texture": "#texture" },
        "north": { "uv": [ 7, 5.75, 7.125, 6 ], "texture": "#particle" },
        "south": { "uv": [ 8.875, 5.75, 9, 6 ], "texture": "#particle" },
        "west":  { "uv": [ 7.75, 5.75, 7.875, 6 ], "texture": "#texture" },
        "east":  { "uv": [ 8.125, 5.75, 8.25, 6 ], "texture": "#texture" }
    }
},
{
    "__comment": "Shijian",
    "from": [ 8.875, 10.375, 7.75 ],
    "to": [ 9.125, 10.625, 8.25 ],
    "faces": {
        "down":  { "uv": [ 7.125, 8.25, 6.875, 7.75 ], "texture": "#texture" },
        "up":    { "uv": [ 8.875, 7.75, 9.125, 8.25 ], "texture": "#texture" },
        "north": { "uv": [ 6.875, 5.375, 7.125, 5.625 ], "texture": "#particle" },
        "south": { "uv": [ 8.875, 5.375, 9.125, 5.625 ], "texture": "#particle" },
        "west":  { "uv": [ 7.75, 5.375, 8.25, 5.625 ], "texture": "#texture" },
        "east":  { "uv": [ 7.75, 5.375, 8.25, 5.625 ], "texture": "#texture" }
    }
},
{
    "__comment": "Shijian",
    "from": [ 8.875, 6.875, 8.125 ],
    "to": [ 9.625, 7, 8.25 ],
    "faces": {
        "down":  { "uv": [ 7.125, 8.25, 6.375, 8.125 ], "texture": "#texture" },
        "up":    { "uv": [ 8.875, 8.125, 9.625, 8.25 ], "texture": "#texture" },
        "north": { "uv": [ 6.375, 9, 7.125, 9.125 ], "texture": "#particle" },
        "south": { "uv": [ 8.875, 9, 9.625, 9.125 ], "texture": "#particle" },
        "west":  { "uv": [ 8.125, 9, 8.25, 9.125 ], "texture": "#texture" },
        "east":  { "uv": [ 7.75, 9, 7.875, 9.125 ], "texture": "#texture" }
    }
},
{
    "__comment": "Shijian",
    "from": [ 9, 10.625, 7.75 ],
    "to": [ 9.25, 10.75, 8.25 ],
    "faces": {
        "down":  { "uv": [ 7, 8.25, 6.75, 7.75 ], "texture": "#texture" },
        "up":    { "uv": [ 9, 7.75, 9.25, 8.25 ], "texture": "#texture" },
        "north": { "uv": [ 6.75, 5.25, 7, 5.375 ], "texture": "#particle" },
        "south": { "uv": [ 9, 5.25, 9.25, 5.375 ], "texture": "#particle" },
        "west":  { "uv": [ 7.75, 5.25, 8.25, 5.375 ], "texture": "#texture" },
        "east":  { "uv": [ 7.75, 5.25, 8.25, 5.375 ], "texture": "#texture" }
    }
},
{
    "__comment": "Shijian",
    "from": [ 9.125, 7, 7.75 ],
    "to": [ 9.625, 7.125, 7.875 ],
    "faces": {
        "down":  { "uv": [ 6.875, 7.875, 6.375, 7.75 ], "texture": "#texture" },
        "up":    { "uv": [ 9.125, 7.75, 9.625, 7.875 ], "texture": "#texture" },
        "north": { "uv": [ 6.375, 8.875, 6.875, 9 ], "texture": "#particle" },
        "south": { "uv": [ 9.125, 8.875, 9.625, 9 ], "texture": "#particle" },
        "west":  { "uv": [ 7.75, 8.875, 7.875, 9 ], "texture": "#texture" },
        "east":  { "uv": [ 8.125, 8.875, 8.25, 9 ], "texture": "#texture" }
    }
},
{
    "__comment": "Shijian",
    "from": [ 9.125, 10.5, 7.75 ],
    "to": [ 9.25, 10.625, 8.25 ],
    "faces": {
        "down":  { "uv": [ 6.875, 8.25, 6.75, 7.75 ], "texture": "#texture" },
        "up":    { "uv": [ 9.125, 7.75, 9.25, 8.25 ], "texture": "#texture" },
        "north": { "uv": [ 6.75, 5.375, 6.875, 5.5 ], "texture": "#particle" },
        "south": { "uv": [ 9.125, 5.375, 9.25, 5.5 ], "texture": "#particle" },
        "west":  { "uv": [ 7.75, 5.375, 8.25, 5.5 ], "texture": "#texture" },
        "east":  { "uv": [ 7.75, 5.375, 8.25, 5.5 ], "texture": "#texture" }
    }
},
{
    "__comment": "Shijian",
    "from": [ 9.125, 10.75, 7.75 ],
    "to": [ 9.25, 10.875, 8.25 ],
    "faces": {
        "down":  { "uv": [ 6.875, 8.25, 6.75, 7.75 ], "texture": "#texture" },
        "up":    { "uv": [ 9.125, 7.75, 9.25, 8.25 ], "texture": "#texture" },
        "north": { "uv": [ 6.75, 5.125, 6.875, 5.25 ], "texture": "#particle" },
        "south": { "uv": [ 9.125, 5.125, 9.25, 5.25 ], "texture": "#particle" },
        "west":  { "uv": [ 7.75, 5.125, 8.25, 5.25 ], "texture": "#texture" },
        "east":  { "uv": [ 7.75, 5.125, 8.25, 5.25 ], "texture": "#texture" }
    }
},
{
    "__comment": "Shijian",
    "from": [ 9.125, 7, 8.125 ],
    "to": [ 9.625, 7.125, 8.25 ],
    "faces": {
        "down":  { "uv": [ 6.875, 8.25, 6.375, 8.125 ], "texture": "#texture" },
        "up":    { "uv": [ 9.125, 8.125, 9.625, 8.25 ], "texture": "#texture" },
        "north": { "uv": [ 6.375, 8.875, 6.875, 9 ], "texture": "#particle" },
        "south": { "uv": [ 9.125, 8.875, 9.625, 9 ], "texture": "#particle" },
        "west":  { "uv": [ 8.125, 8.875, 8.25, 9 ], "texture": "#texture" },
        "east":  { "uv": [ 7.75, 8.875, 7.875, 9 ], "texture": "#texture" }
    }
},
{
    "__comment": "Shijian",
    "from": [ 9.25, 7.125, 7.75 ],
    "to": [ 9.75, 7.25, 7.875 ],
    "faces": {
        "down":  { "uv": [ 6.75, 7.875, 6.25, 7.75 ], "texture": "#texture" },
        "up":    { "uv": [ 9.25, 7.75, 9.75, 7.875 ], "texture": "#texture" },
        "north": { "uv": [ 6.25, 8.75, 6.75, 8.875 ], "texture": "#particle" },
        "south": { "uv": [ 9.25, 8.75, 9.75, 8.875 ], "texture": "#particle" },
        "west":  { "uv": [ 7.75, 8.75, 7.875, 8.875 ], "texture": "#texture" },
        "east":  { "uv": [ 8.125, 8.75, 8.25, 8.875 ], "texture": "#texture" }
    }
},
{
    "__comment": "Shijian",
    "from": [ 9.25, 7.125, 8.125 ],
    "to": [ 9.75, 7.25, 8.25 ],
    "faces": {
        "down":  { "uv": [ 6.75, 8.25, 6.25, 8.125 ], "texture": "#texture" },
        "up":    { "uv": [ 9.25, 8.125, 9.75, 8.25 ], "texture": "#texture" },
        "north": { "uv": [ 6.25, 8.75, 6.75, 8.875 ], "texture": "#particle" },
        "south": { "uv": [ 9.25, 8.75, 9.75, 8.875 ], "texture": "#particle" },
        "west":  { "uv": [ 8.125, 8.75, 8.25, 8.875 ], "texture": "#texture" },
        "east":  { "uv": [ 7.75, 8.75, 7.875, 8.875 ], "texture": "#texture" }
    }
},
{
    "__comment": "Shijian",
    "from": [ 9.375, 6.625, 7.75 ],
    "to": [ 9.5, 6.875, 7.875 ],
    "faces": {
        "down":  { "uv": [ 6.625, 7.875, 6.5, 7.75 ], "texture": "#texture" },
        "up":    { "uv": [ 9.375, 7.75, 9.5, 7.875 ], "texture": "#texture" },
        "north": { "uv": [ 6.5, 9.125, 6.625, 9.375 ], "texture": "#particle" },
        "south": { "uv": [ 9.375, 9.125, 9.5, 9.375 ], "texture": "#particle" },
        "west":  { "uv": [ 7.75, 9.125, 7.875, 9.375 ], "texture": "#texture" },
        "east":  { "uv": [ 8.125, 9.125, 8.25, 9.375 ], "texture": "#texture" }
    }
},
{
    "__comment": "Shijian",
    "from": [ 9.375, 7.25, 7.75 ],
    "to": [ 9.75, 7.375, 7.875 ],
    "faces": {
        "down":  { "uv": [ 6.625, 7.875, 6.25, 7.75 ], "texture": "#texture" },
        "up":    { "uv": [ 9.375, 7.75, 9.75, 7.875 ], "texture": "#texture" },
        "north": { "uv": [ 6.25, 8.625, 6.625, 8.75 ], "texture": "#particle" },
        "south": { "uv": [ 9.375, 8.625, 9.75, 8.75 ], "texture": "#particle" },
        "west":  { "uv": [ 7.75, 8.625, 7.875, 8.75 ], "texture": "#texture" },
        "east":  { "uv": [ 8.125, 8.625, 8.25, 8.75 ], "texture": "#texture" }
    }
},
{
    "__comment": "Shijian",
    "from": [ 9.375, 7.5, 7.875 ],
    "to": [ 10, 7.625, 8.125 ],
    "faces": {
        "down":  { "uv": [ 6.625, 8.125, 6, 7.875 ], "texture": "#texture" },
        "up":    { "uv": [ 9.375, 7.875, 10, 8.125 ], "texture": "#texture" },
        "north": { "uv": [ 6, 8.375, 6.625, 8.5 ], "texture": "#particle" },
        "south": { "uv": [ 9.375, 8.375, 10, 8.5 ], "texture": "#particle" },
        "west":  { "uv": [ 7.875, 8.375, 8.125, 8.5 ], "texture": "#texture" },
        "east":  { "uv": [ 7.875, 8.375, 8.125, 8.5 ], "texture": "#texture" }
    }
},
{
    "__comment": "Shijian",
    "from": [ 9.375, 7.25, 8.125 ],
    "to": [ 9.75, 7.375, 8.25 ],
    "faces": {
        "down":  { "uv": [ 6.625, 8.25, 6.25, 8.125 ], "texture": "#texture" },
        "up":    { "uv": [ 9.375, 8.125, 9.75, 8.25 ], "texture": "#texture" },
        "north": { "uv": [ 6.25, 8.625, 6.625, 8.75 ], "texture": "#particle" },
        "south": { "uv": [ 9.375, 8.625, 9.75, 8.75 ], "texture": "#particle" },
        "west":  { "uv": [ 8.125, 8.625, 8.25, 8.75 ], "texture": "#texture" },
        "east":  { "uv": [ 7.75, 8.625, 7.875, 8.75 ], "texture": "#texture" }
    }
},
{
    "__comment": "Shijian",
    "from": [ 9.5, 7.375, 7.75 ],
    "to": [ 9.875, 7.625, 7.875 ],
    "faces": {
        "down":  { "uv": [ 6.5, 7.875, 6.125, 7.75 ], "texture": "#texture" },
        "up":    { "uv": [ 9.5, 7.75, 9.875, 7.875 ], "texture": "#texture" },
        "north": { "uv": [ 6.125, 8.375, 6.5, 8.625 ], "texture": "#particle" },
        "south": { "uv": [ 9.5, 8.375, 9.875, 8.625 ], "texture": "#particle" },
        "west":  { "uv": [ 7.75, 8.375, 7.875, 8.625 ], "texture": "#texture" },
        "east":  { "uv": [ 8.125, 8.375, 8.25, 8.625 ], "texture": "#texture" }
    }
},
{
    "__comment": "Shijian",
    "from": [ 9.5, 7.625, 7.875 ],
    "to": [ 10, 7.875, 8.125 ],
    "faces": {
        "down":  { "uv": [ 6.5, 8.125, 6, 7.875 ], "texture": "#texture" },
        "up":    { "uv": [ 9.5, 7.875, 10, 8.125 ], "texture": "#texture" },
        "north": { "uv": [ 6, 8.125, 6.5, 8.375 ], "texture": "#particle" },
        "south": { "uv": [ 9.5, 8.125, 10, 8.375 ], "texture": "#particle" },
        "west":  { "uv": [ 7.875, 8.125, 8.125, 8.375 ], "texture": "#texture" },
        "east":  { "uv": [ 7.875, 8.125, 8.125, 8.375 ], "texture": "#texture" }
    }
},
{
    "__comment": "Shijian",
    "from": [ 9.5, 7.375, 8.125 ],
    "to": [ 9.875, 7.625, 8.25 ],
    "faces": {
        "down":  { "uv": [ 6.5, 8.25, 6.125, 8.125 ], "texture": "#texture" },
        "up":    { "uv": [ 9.5, 8.125, 9.875, 8.25 ], "texture": "#texture" },
        "north": { "uv": [ 6.125, 8.375, 6.5, 8.625 ], "texture": "#particle" },
        "south": { "uv": [ 9.5, 8.375, 9.875, 8.625 ], "texture": "#particle" },
        "west":  { "uv": [ 8.125, 8.375, 8.25, 8.625 ], "texture": "#texture" },
        "east":  { "uv": [ 7.75, 8.375, 7.875, 8.625 ], "texture": "#texture" }
    }
},
{
    "__comment": "Shijian",
    "from": [ 9.625, 7.625, 7.75 ],
    "to": [ 9.875, 7.875, 7.875 ],
    "faces": {
        "down":  { "uv": [ 6.375, 7.875, 6.125, 7.75 ], "texture": "#texture" },
        "up":    { "uv": [ 9.625, 7.75, 9.875, 7.875 ], "texture": "#texture" },
        "north": { "uv": [ 6.125, 8.125, 6.375, 8.375 ], "texture": "#particle" },
        "south": { "uv": [ 9.625, 8.125, 9.875, 8.375 ], "texture": "#particle" },
        "west":  { "uv": [ 7.75, 8.125, 7.875, 8.375 ], "texture": "#texture" },
        "east":  { "uv": [ 8.125, 8.125, 8.25, 8.375 ], "texture": "#texture" }
    }
},
{
    "__comment": "Shijian",
    "from": [ 9.625, 7.875, 7.875 ],
    "to": [ 10, 8, 8.125 ],
    "faces": {
        "down":  { "uv": [ 6.375, 8.125, 6, 7.875 ], "texture": "#texture" },
        "up":    { "uv": [ 9.625, 7.875, 10, 8.125 ], "texture": "#texture" },
        "north": { "uv": [ 6, 8, 6.375, 8.125 ], "texture": "#particle" },
        "south": { "uv": [ 9.625, 8, 10, 8.125 ], "texture": "#particle" },
        "west":  { "uv": [ 7.875, 8, 8.125, 8.125 ], "texture": "#texture" },
        "east":  { "uv": [ 7.875, 8, 8.125, 8.125 ], "texture": "#texture" }
    }
},
{
    "__comment": "Shijian",
    "from": [ 9.625, 7.625, 8.125 ],
    "to": [ 9.875, 7.875, 8.25 ],
    "faces": {
        "down":  { "uv": [ 6.375, 8.25, 6.125, 8.125 ], "texture": "#texture" },
        "up":    { "uv": [ 9.625, 8.125, 9.875, 8.25 ], "texture": "#texture" },
        "north": { "uv": [ 6.125, 8.125, 6.375, 8.375 ], "texture": "#particle" },
        "south": { "uv": [ 9.625, 8.125, 9.875, 8.375 ], "texture": "#particle" },
        "west":  { "uv": [ 8.125, 8.125, 8.25, 8.375 ], "texture": "#texture" },
        "east":  { "uv": [ 7.75, 8.125, 7.875, 8.375 ], "texture": "#texture" }
    }
},
{
    "__comment": "Shijian",
    "from": [ 9.75, 7.875, 7.75 ],
    "to": [ 9.875, 8, 7.875 ],
    "faces": {
        "down":  { "uv": [ 6.25, 7.875, 6.125, 7.75 ], "texture": "#texture" },
        "up":    { "uv": [ 9.75, 7.75, 9.875, 7.875 ], "texture": "#texture" },
        "north": { "uv": [ 6.125, 8, 6.25, 8.125 ], "texture": "#particle" },
        "south": { "uv": [ 9.75, 8, 9.875, 8.125 ], "texture": "#particle" },
        "west":  { "uv": [ 7.75, 8, 7.875, 8.125 ], "texture": "#texture" },
        "east":  { "uv": [ 8.125, 8, 8.25, 8.125 ], "texture": "#texture" }
    }
},
{
    "__comment": "Shijian",
    "from": [ 9.75, 8, 7.875 ],
    "to": [ 10, 8.25, 8.125 ],
    "faces": {
        "down":  { "uv": [ 6.25, 8.125, 6, 7.875 ], "texture": "#texture" },
        "up":    { "uv": [ 9.75, 7.875, 10, 8.125 ], "texture": "#texture" },
        "north": { "uv": [ 6, 7.75, 6.25, 8 ], "texture": "#particle" },
        "south": { "uv": [ 9.75, 7.75, 10, 8 ], "texture": "#particle" },
        "west":  { "uv": [ 7.875, 7.75, 8.125, 8 ], "texture": "#texture" },
        "east":  { "uv": [ 7.875, 7.75, 8.125, 8 ], "texture": "#texture" }
    }
},
{
    "__comment": "Shijian",
    "from": [ 9.75, 7.875, 8.125 ],
    "to": [ 9.875, 8, 8.25 ],
    "faces": {
        "down":  { "uv": [ 6.25, 8.25, 6.125, 8.125 ], "texture": "#texture" },
        "up":    { "uv": [ 9.75, 8.125, 9.875, 8.25 ], "texture": "#texture" },
        "north": { "uv": [ 6.125, 8, 6.25, 8.125 ], "texture": "#particle" },
        "south": { "uv": [ 9.75, 8, 9.875, 8.125 ], "texture": "#particle" },
        "west":  { "uv": [ 8.125, 8, 8.25, 8.125 ], "texture": "#texture" },
        "east":  { "uv": [ 7.75, 8, 7.875, 8.125 ], "texture": "#texture" }
    }
}
],
"display": {
    "thirdperson_righthand": {
        "rotation": [ 0, 90, 0 ],
        "translation": [ 0, 8.31, 1.7 ],
        "scale": [ 2.5, 2.5, 2.5 ]
    },
    "thirdperson_lefthand": {
        "rotation": [ 0, 90, 0 ],
        "translation": [ 0, 8.31, 1.7 ],
        "scale": [ 2.5, 2.5, 2.5 ]
    },
    "head": {
        "rotation": [ 0, 0, 135 ],
        "translation": [ 0.57, -14.55, 5.48 ],
        "scale": [ 3, 3, 3 ]
    },
    "ground": {
        "rotation": [ 0, 0, 45 ],
        "translation": [ 0, 0, 0 ],
        "scale": [ 2, 2, 2 ]
    },
    "fixed": {
        "rotation": [ 0, 0, -45 ],
        "translation": [ 0, 0, -1.51 ],
        "scale": [ 2.5, 2.5, 2.5 ]
    },
    "firstperson_righthand": {
        "rotation": [ 0, 72, 0 ],
        "translation": [ 0, -3.59, 0 ],
        "scale": [ 2, 2, 2 ]
    },
    "firstperson_lefthand": {
        "rotation": [ 0, 72, 0 ],
        "translation": [ -2.27, -4.16, 0 ],
        "scale": [ 2, 2, 2 ]
    },
    "gui": {
        "rotation": [ 0, 0, 45 ],
        "translation": [ 0.76, -0.76, 0 ],
        "scale": [ 1.5, 1.5, 1.5 ]
    }
}
}