{
"__comment": "Designed by Tf7717435 with BDcraft Cubik PRO 0.96 Beta - http://bdcraft.net",
"textures": {
    "particle": "item/wooden_sword/wooden_sword",
    "texture": "item/wooden_sword/wooden_sword1"
},
"elements": [ 
{
    "__comment": "Mujian",
    "from": [ 5.375, 10.75, 9.875 ],
    "to": [ 10.625, 10.875, 10.625 ],
    "faces": {
        "down":  { "uv": [ 10.625, 10.625, 5.375, 9.875 ], "texture": "#particle" },
        "up":    { "uv": [ 5.375, 9.875, 10.625, 10.625 ], "texture": "#particle" },
        "north": { "uv": [ 5.375, 5.125, 10.625, 5.25 ], "texture": "#texture" },
        "south": { "uv": [ 5.375, 5.125, 10.625, 5.25 ], "texture": "#texture" },
        "west":  { "uv": [ 9.875, 5.125, 10.625, 5.25 ], "texture": "#texture" },
        "east":  { "uv": [ 5.375, 5.125, 6.125, 5.25 ], "texture": "#texture" }
    }
},
{
    "__comment": "Mujian",
    "from": [ 5.625, 10.75, 9.5 ],
    "to": [ 10.375, 10.875, 9.875 ],
    "faces": {
        "down":  { "uv": [ 10.375, 9.875, 5.625, 9.5 ], "texture": "#particle" },
        "up":    { "uv": [ 5.625, 9.5, 10.375, 9.875 ], "texture": "#particle" },
        "north": { "uv": [ 5.625, 5.125, 10.375, 5.25 ], "texture": "#texture" },
        "south": { "uv": [ 5.625, 5.125, 10.375, 5.25 ], "texture": "#texture" },
        "west":  { "uv": [ 9.5, 5.125, 9.875, 5.25 ], "texture": "#texture" },
        "east":  { "uv": [ 6.125, 5.125, 6.5, 5.25 ], "texture": "#texture" }
    }
},
{
    "__comment": "Mujian",
    "from": [ 5.625, 10.75, 10.625 ],
    "to": [ 10.375, 10.875, 10.875 ],
    "faces": {
        "down":  { "uv": [ 10.375, 10.875, 5.625, 10.625 ], "texture": "#particle" },
        "up":    { "uv": [ 5.625, 10.625, 10.375, 10.875 ], "texture": "#particle" },
        "north": { "uv": [ 5.625, 5.125, 10.375, 5.25 ], "texture": "#texture" },
        "south": { "uv": [ 5.625, 5.125, 10.375, 5.25 ], "texture": "#texture" },
        "west":  { "uv": [ 10.625, 5.125, 10.875, 5.25 ], "texture": "#texture" },
        "east":  { "uv": [ 5.125, 5.125, 5.375, 5.25 ], "texture": "#texture" }
    }
},
{
    "__comment": "Mujian",
    "from": [ 5.875, 10.75, 9.25 ],
    "to": [ 10.125, 10.875, 9.5 ],
    "faces": {
        "down":  { "uv": [ 10.125, 9.5, 5.875, 9.25 ], "texture": "#particle" },
        "up":    { "uv": [ 5.875, 9.25, 10.125, 9.5 ], "texture": "#particle" },
        "north": { "uv": [ 5.875, 5.125, 10.125, 5.25 ], "texture": "#texture" },
        "south": { "uv": [ 5.875, 5.125, 10.125, 5.25 ], "texture": "#texture" },
        "west":  { "uv": [ 9.25, 5.125, 9.5, 5.25 ], "texture": "#texture" },
        "east":  { "uv": [ 6.5, 5.125, 6.75, 5.25 ], "texture": "#texture" }
    }
},
{
    "__comment": "Mujian",
    "from": [ 5.875, 10.5, 9.75 ],
    "to": [ 10.125, 10.75, 10.625 ],
    "faces": {
        "down":  { "uv": [ 10.125, 10.625, 5.875, 9.75 ], "texture": "#particle" },
        "up":    { "uv": [ 5.875, 9.75, 10.125, 10.625 ], "texture": "#particle" },
        "north": { "uv": [ 5.875, 5.25, 10.125, 5.5 ], "texture": "#texture" },
        "south": { "uv": [ 5.875, 5.25, 10.125, 5.5 ], "texture": "#texture" },
        "west":  { "uv": [ 9.75, 5.25, 10.625, 5.5 ], "texture": "#texture" },
        "east":  { "uv": [ 5.375, 5.25, 6.25, 5.5 ], "texture": "#texture" }
    }
},
{
    "__comment": "Mujian",
    "from": [ 5.875, 10.875, 9.75 ],
    "to": [ 9.875, 11.125, 10.875 ],
    "faces": {
        "down":  { "uv": [ 10.125, 10.875, 6.125, 9.75 ], "texture": "#particle" },
        "up":    { "uv": [ 5.875, 9.75, 9.875, 10.875 ], "texture": "#particle" },
        "north": { "uv": [ 6.125, 4.875, 10.125, 5.125 ], "texture": "#texture" },
        "south": { "uv": [ 5.875, 4.875, 9.875, 5.125 ], "texture": "#texture" },
        "west":  { "uv": [ 9.75, 4.875, 10.875, 5.125 ], "texture": "#texture" },
        "east":  { "uv": [ 5.125, 4.875, 6.25, 5.125 ], "texture": "#texture" }
    }
},
{
    "__comment": "Mujian",
    "from": [ 5.875, 10.75, 10.875 ],
    "to": [ 6.5, 10.875, 11.5 ],
    "faces": {
        "down":  { "uv": [ 10.125, 11.5, 9.5, 10.875 ], "texture": "#particle" },
        "up":    { "uv": [ 5.875, 10.875, 6.5, 11.5 ], "texture": "#particle" },
        "north": { "uv": [ 9.5, 5.125, 10.125, 5.25 ], "texture": "#texture" },
        "south": { "uv": [ 5.875, 5.125, 6.5, 5.25 ], "texture": "#texture" },
        "west":  { "uv": [ 10.875, 5.125, 11.5, 5.25 ], "texture": "#texture" },
        "east":  { "uv": [ 4.5, 5.125, 5.125, 5.25 ], "texture": "#texture" }
    }
},
{
    "__comment": "Mujian",
    "from": [ 6.125, 10.5, 9.5 ],
    "to": [ 9.875, 10.75, 9.75 ],
    "faces": {
        "down":  { "uv": [ 9.875, 9.75, 6.125, 9.5 ], "texture": "#particle" },
        "up":    { "uv": [ 6.125, 9.5, 9.875, 9.75 ], "texture": "#particle" },
        "north": { "uv": [ 6.125, 5.25, 9.875, 5.5 ], "texture": "#texture" },
        "south": { "uv": [ 6.125, 5.25, 9.875, 5.5 ], "texture": "#texture" },
        "west":  { "uv": [ 9.5, 5.25, 9.75, 5.5 ], "texture": "#texture" },
        "east":  { "uv": [ 6.25, 5.25, 6.5, 5.5 ], "texture": "#texture" }
    }
},
{
    "__comment": "Mujian",
    "from": [ 6.125, 10.875, 9.5 ],
    "to": [ 9.875, 11.125, 9.75 ],
    "faces": {
        "down":  { "uv": [ 9.875, 9.75, 6.125, 9.5 ], "texture": "#particle" },
        "up":    { "uv": [ 6.125, 9.5, 9.875, 9.75 ], "texture": "#particle" },
        "north": { "uv": [ 6.125, 4.875, 9.875, 5.125 ], "texture": "#texture" },
        "south": { "uv": [ 6.125, 4.875, 9.875, 5.125 ], "texture": "#texture" },
        "west":  { "uv": [ 9.5, 4.875, 9.75, 5.125 ], "texture": "#texture" },
        "east":  { "uv": [ 6.25, 4.875, 6.5, 5.125 ], "texture": "#texture" }
    }
},
{
    "__comment": "Mujian",
    "from": [ 6.125, 10.5, 10.625 ],
    "to": [ 6.5, 10.75, 11.25 ],
    "faces": {
        "down":  { "uv": [ 9.875, 11.25, 9.5, 10.625 ], "texture": "#particle" },
        "up":    { "uv": [ 6.125, 10.625, 6.5, 11.25 ], "texture": "#particle" },
        "north": { "uv": [ 9.5, 5.25, 9.875, 5.5 ], "texture": "#texture" },
        "south": { "uv": [ 6.125, 5.25, 6.5, 5.5 ], "texture": "#texture" },
        "west":  { "uv": [ 10.625, 5.25, 11.25, 5.5 ], "texture": "#texture" },
        "east":  { "uv": [ 4.75, 5.25, 5.375, 5.5 ], "texture": "#texture" }
    }
},
{
    "__comment": "Mujian",
    "from": [ 6.125, 10.875, 10.875 ],
    "to": [ 6.5, 11.125, 11.25 ],
    "faces": {
        "down":  { "uv": [ 9.875, 11.25, 9.5, 10.875 ], "texture": "#particle" },
        "up":    { "uv": [ 6.125, 10.875, 6.5, 11.25 ], "texture": "#particle" },
        "north": { "uv": [ 9.5, 4.875, 9.875, 5.125 ], "texture": "#texture" },
        "south": { "uv": [ 6.125, 4.875, 6.5, 5.125 ], "texture": "#texture" },
        "west":  { "uv": [ 10.875, 4.875, 11.25, 5.125 ], "texture": "#texture" },
        "east":  { "uv": [ 4.75, 4.875, 5.125, 5.125 ], "texture": "#texture" }
    }
},
{
    "__comment": "Mujian",
    "from": [ 6.25, 10.75, 9 ],
    "to": [ 9.75, 10.875, 9.25 ],
    "faces": {
        "down":  { "uv": [ 9.75, 9.25, 6.25, 9 ], "texture": "#particle" },
        "up":    { "uv": [ 6.25, 9, 9.75, 9.25 ], "texture": "#particle" },
        "north": { "uv": [ 6.25, 5.125, 9.75, 5.25 ], "texture": "#texture" },
        "south": { "uv": [ 6.25, 5.125, 9.75, 5.25 ], "texture": "#texture" },
        "west":  { "uv": [ 9, 5.125, 9.25, 5.25 ], "texture": "#texture" },
        "east":  { "uv": [ 6.75, 5.125, 7, 5.25 ], "texture": "#texture" }
    }
},
{
    "__comment": "Mujian",
    "from": [ 6.25, 10.25, 9.875 ],
    "to": [ 6.75, 10.5, 10.875 ],
    "faces": {
        "down":  { "uv": [ 9.75, 10.875, 9.25, 9.875 ], "texture": "#particle" },
        "up":    { "uv": [ 6.25, 9.875, 6.75, 10.875 ], "texture": "#particle" },
        "north": { "uv": [ 9.25, 5.5, 9.75, 5.75 ], "texture": "#texture" },
        "south": { "uv": [ 6.25, 5.5, 6.75, 5.75 ], "texture": "#texture" },
        "west":  { "uv": [ 9.875, 5.5, 10.875, 5.75 ], "texture": "#texture" },
        "east":  { "uv": [ 5.125, 5.5, 6.125, 5.75 ], "texture": "#texture" }
    }
},
{
    "__comment": "Mujian",
    "from": [ 6.25, 11.125, 9.875 ],
    "to": [ 6.75, 11.375, 10.875 ],
    "faces": {
        "down":  { "uv": [ 9.75, 10.875, 9.25, 9.875 ], "texture": "#particle" },
        "up":    { "uv": [ 6.25, 9.875, 6.75, 10.875 ], "texture": "#particle" },
        "north": { "uv": [ 9.25, 4.625, 9.75, 4.875 ], "texture": "#texture" },
        "south": { "uv": [ 6.25, 4.625, 6.75, 4.875 ], "texture": "#texture" },
        "west":  { "uv": [ 9.875, 4.625, 10.875, 4.875 ], "texture": "#texture" },
        "east":  { "uv": [ 5.125, 4.625, 6.125, 4.875 ], "texture": "#texture" }
    }
},
{
    "__comment": "Mujian",
    "from": [ 6.5, 10.5, 9.25 ],
    "to": [ 9.5, 10.75, 9.5 ],
    "faces": {
        "down":  { "uv": [ 9.5, 9.5, 6.5, 9.25 ], "texture": "#particle" },
        "up":    { "uv": [ 6.5, 9.25, 9.5, 9.5 ], "texture": "#particle" },
        "north": { "uv": [ 6.5, 5.25, 9.5, 5.5 ], "texture": "#texture" },
        "south": { "uv": [ 6.5, 5.25, 9.5, 5.5 ], "texture": "#texture" },
        "west":  { "uv": [ 9.25, 5.25, 9.5, 5.5 ], "texture": "#texture" },
        "east":  { "uv": [ 6.5, 5.25, 6.75, 5.5 ], "texture": "#texture" }
    }
},
{
    "__comment": "Mujian",
    "from": [ 6.5, 10.875, 9.25 ],
    "to": [ 9.5, 11.125, 9.5 ],
    "faces": {
        "down":  { "uv": [ 9.5, 9.5, 6.5, 9.25 ], "texture": "#particle" },
        "up":    { "uv": [ 6.5, 9.25, 9.5, 9.5 ], "texture": "#particle" },
        "north": { "uv": [ 6.5, 4.875, 9.5, 5.125 ], "texture": "#texture" },
        "south": { "uv": [ 6.5, 4.875, 9.5, 5.125 ], "texture": "#texture" },
        "west":  { "uv": [ 9.25, 4.875, 9.5, 5.125 ], "texture": "#texture" },
        "east":  { "uv": [ 6.5, 4.875, 6.75, 5.125 ], "texture": "#texture" }
    }
},
{
    "__comment": "Mujian",
    "from": [ 6.5, 10.25, 9.75 ],
    "to": [ 9.5, 10.5, 9.875 ],
    "faces": {
        "down":  { "uv": [ 9.5, 9.875, 6.5, 9.75 ], "texture": "#particle" },
        "up":    { "uv": [ 6.5, 9.75, 9.5, 9.875 ], "texture": "#particle" },
        "north": { "uv": [ 6.5, 5.5, 9.5, 5.75 ], "texture": "#texture" },
        "south": { "uv": [ 6.5, 5.5, 9.5, 5.75 ], "texture": "#texture" },
        "west":  { "uv": [ 9.75, 5.5, 9.875, 5.75 ], "texture": "#texture" },
        "east":  { "uv": [ 6.125, 5.5, 6.25, 5.75 ], "texture": "#texture" }
    }
},
{
    "__comment": "Mujian",
    "from": [ 6.5, 11.125, 9.75 ],
    "to": [ 9.5, 11.375, 9.875 ],
    "faces": {
        "down":  { "uv": [ 9.5, 9.875, 6.5, 9.75 ], "texture": "#particle" },
        "up":    { "uv": [ 6.5, 9.75, 9.5, 9.875 ], "texture": "#particle" },
        "north": { "uv": [ 6.5, 4.625, 9.5, 4.875 ], "texture": "#texture" },
        "south": { "uv": [ 6.5, 4.625, 9.5, 4.875 ], "texture": "#texture" },
        "west":  { "uv": [ 9.75, 4.625, 9.875, 4.875 ], "texture": "#texture" },
        "east":  { "uv": [ 6.125, 4.625, 6.25, 4.875 ], "texture": "#texture" }
    }
},
{
    "__comment": "Mujian",
    "from": [ 6.5, 10.5, 10.625 ],
    "to": [ 6.75, 10.75, 11 ],
    "faces": {
        "down":  { "uv": [ 9.5, 11, 9.25, 10.625 ], "texture": "#particle" },
        "up":    { "uv": [ 6.5, 10.625, 6.75, 11 ], "texture": "#particle" },
        "north": { "uv": [ 9.25, 5.25, 9.5, 5.5 ], "texture": "#texture" },
        "south": { "uv": [ 6.5, 5.25, 6.75, 5.5 ], "texture": "#texture" },
        "west":  { "uv": [ 10.625, 5.25, 11, 5.5 ], "texture": "#texture" },
        "east":  { "uv": [ 5, 5.25, 5.375, 5.5 ], "texture": "#texture" }
    }
},
{
    "__comment": "Mujian",
    "from": [ 6.5, 10.75, 10.875 ],
    "to": [ 6.75, 10.875, 11.25 ],
    "faces": {
        "down":  { "uv": [ 9.5, 11.25, 9.25, 10.875 ], "texture": "#particle" },
        "up":    { "uv": [ 6.5, 10.875, 6.75, 11.25 ], "texture": "#particle" },
        "north": { "uv": [ 9.25, 5.125, 9.5, 5.25 ], "texture": "#texture" },
        "south": { "uv": [ 6.5, 5.125, 6.75, 5.25 ], "texture": "#texture" },
        "west":  { "uv": [ 10.875, 5.125, 11.25, 5.25 ], "texture": "#texture" },
        "east":  { "uv": [ 4.75, 5.125, 5.125, 5.25 ], "texture": "#texture" }
    }
},
{
    "__comment": "Mujian",
    "from": [ 6.5, 10.875, 10.875 ],
    "to": [ 6.75, 11.125, 11 ],
    "faces": {
        "down":  { "uv": [ 9.5, 11, 9.25, 10.875 ], "texture": "#particle" },
        "up":    { "uv": [ 6.5, 10.875, 6.75, 11 ], "texture": "#particle" },
        "north": { "uv": [ 9.25, 4.875, 9.5, 5.125 ], "texture": "#texture" },
        "south": { "uv": [ 6.5, 4.875, 6.75, 5.125 ], "texture": "#texture" },
        "west":  { "uv": [ 10.875, 4.875, 11, 5.125 ], "texture": "#texture" },
        "east":  { "uv": [ 5, 4.875, 5.125, 5.125 ], "texture": "#texture" }
    }
},
{
    "__comment": "Mujian",
    "from": [ 6.75, 10.75, 8.75 ],
    "to": [ 9.25, 10.875, 9 ],
    "faces": {
        "down":  { "uv": [ 9.25, 9, 6.75, 8.75 ], "texture": "#particle" },
        "up":    { "uv": [ 6.75, 8.75, 9.25, 9 ], "texture": "#particle" },
        "north": { "uv": [ 6.75, 5.125, 9.25, 5.25 ], "texture": "#texture" },
        "south": { "uv": [ 6.75, 5.125, 9.25, 5.25 ], "texture": "#texture" },
        "west":  { "uv": [ 8.75, 5.125, 9, 5.25 ], "texture": "#texture" },
        "east":  { "uv": [ 7, 5.125, 7.25, 5.25 ], "texture": "#texture" }
    }
},
{
    "__comment": "Mujian",
    "from": [ 6.75, 10.25, 9.875 ],
    "to": [ 7, 10.5, 10.625 ],
    "faces": {
        "down":  { "uv": [ 9.25, 10.625, 9, 9.875 ], "texture": "#particle" },
        "up":    { "uv": [ 6.75, 9.875, 7, 10.625 ], "texture": "#particle" },
        "north": { "uv": [ 9, 5.5, 9.25, 5.75 ], "texture": "#texture" },
        "south": { "uv": [ 6.75, 5.5, 7, 5.75 ], "texture": "#texture" },
        "west":  { "uv": [ 9.875, 5.5, 10.625, 5.75 ], "texture": "#texture" },
        "east":  { "uv": [ 5.375, 5.5, 6.125, 5.75 ], "texture": "#texture" }
    }
},
{
    "__comment": "Mujian",
    "from": [ 6.75, 11.125, 9.875 ],
    "to": [ 7, 11.375, 10.625 ],
    "faces": {
        "down":  { "uv": [ 9.25, 10.625, 9, 9.875 ], "texture": "#particle" },
        "up":    { "uv": [ 6.75, 9.875, 7, 10.625 ], "texture": "#particle" },
        "north": { "uv": [ 9, 4.625, 9.25, 4.875 ], "texture": "#texture" },
        "south": { "uv": [ 6.75, 4.625, 7, 4.875 ], "texture": "#texture" },
        "west":  { "uv": [ 9.875, 4.625, 10.625, 4.875 ], "texture": "#texture" },
        "east":  { "uv": [ 5.375, 4.625, 6.125, 4.875 ], "texture": "#texture" }
    }
},
{
    "__comment": "Mujian",
    "from": [ 6.75, 10.5, 10.625 ],
    "to": [ 10.125, 10.75, 10.875 ],
    "faces": {
        "down":  { "uv": [ 9.25, 10.875, 5.875, 10.625 ], "texture": "#particle" },
        "up":    { "uv": [ 6.75, 10.625, 10.125, 10.875 ], "texture": "#particle" },
        "north": { "uv": [ 5.875, 5.25, 9.25, 5.5 ], "texture": "#texture" },
        "south": { "uv": [ 6.75, 5.25, 10.125, 5.5 ], "texture": "#texture" },
        "west":  { "uv": [ 10.625, 5.25, 10.875, 5.5 ], "texture": "#texture" },
        "east":  { "uv": [ 5.125, 5.25, 5.375, 5.5 ], "texture": "#texture" }
    }
},
{
    "__comment": "Mujian",
    "from": [ 6.75, 10.75, 10.875 ],
    "to": [ 10.125, 10.875, 11 ],
    "faces": {
        "down":  { "uv": [ 9.25, 11, 5.875, 10.875 ], "texture": "#particle" },
        "up":    { "uv": [ 6.75, 10.875, 10.125, 11 ], "texture": "#particle" },
        "north": { "uv": [ 5.875, 5.125, 9.25, 5.25 ], "texture": "#texture" },
        "south": { "uv": [ 6.75, 5.125, 10.125, 5.25 ], "texture": "#texture" },
        "west":  { "uv": [ 10.875, 5.125, 11, 5.25 ], "texture": "#texture" },
        "east":  { "uv": [ 5, 5.125, 5.125, 5.25 ], "texture": "#texture" }
    }
},
{
    "__comment": "Mujian",
    "from": [ 7, 10.5, 9 ],
    "to": [ 9, 10.75, 9.25 ],
    "faces": {
        "down":  { "uv": [ 9, 9.25, 7, 9 ], "texture": "#particle" },
        "up":    { "uv": [ 7, 9, 9, 9.25 ], "texture": "#particle" },
        "north": { "uv": [ 7, 5.25, 9, 5.5 ], "texture": "#texture" },
        "south": { "uv": [ 7, 5.25, 9, 5.5 ], "texture": "#texture" },
        "west":  { "uv": [ 9, 5.25, 9.25, 5.5 ], "texture": "#texture" },
        "east":  { "uv": [ 6.75, 5.25, 7, 5.5 ], "texture": "#texture" }
    }
},
{
    "__comment": "Mujian",
    "from": [ 7, 10.875, 9 ],
    "to": [ 9, 11.125, 9.25 ],
    "faces": {
        "down":  { "uv": [ 9, 9.25, 7, 9 ], "texture": "#particle" },
        "up":    { "uv": [ 7, 9, 9, 9.25 ], "texture": "#particle" },
        "north": { "uv": [ 7, 4.875, 9, 5.125 ], "texture": "#texture" },
        "south": { "uv": [ 7, 4.875, 9, 5.125 ], "texture": "#texture" },
        "west":  { "uv": [ 9, 4.875, 9.25, 5.125 ], "texture": "#texture" },
        "east":  { "uv": [ 6.75, 4.875, 7, 5.125 ], "texture": "#texture" }
    }
},
{
    "__comment": "Mujian",
    "from": [ 7, 10.25, 9.5 ],
    "to": [ 9, 10.5, 9.75 ],
    "faces": {
        "down":  { "uv": [ 9, 9.75, 7, 9.5 ], "texture": "#particle" },
        "up":    { "uv": [ 7, 9.5, 9, 9.75 ], "texture": "#particle" },
        "north": { "uv": [ 7, 5.5, 9, 5.75 ], "texture": "#texture" },
        "south": { "uv": [ 7, 5.5, 9, 5.75 ], "texture": "#texture" },
        "west":  { "uv": [ 9.5, 5.5, 9.75, 5.75 ], "texture": "#texture" },
        "east":  { "uv": [ 6.25, 5.5, 6.5, 5.75 ], "texture": "#texture" }
    }
},
{
    "__comment": "Mujian",
    "from": [ 7, 11.125, 9.5 ],
    "to": [ 9, 11.375, 9.75 ],
    "faces": {
        "down":  { "uv": [ 9, 9.75, 7, 9.5 ], "texture": "#particle" },
        "up":    { "uv": [ 7, 9.5, 9, 9.75 ], "texture": "#particle" },
        "north": { "uv": [ 7, 4.625, 9, 4.875 ], "texture": "#texture" },
        "south": { "uv": [ 7, 4.625, 9, 4.875 ], "texture": "#texture" },
        "west":  { "uv": [ 9.5, 4.625, 9.75, 4.875 ], "texture": "#texture" },
        "east":  { "uv": [ 6.25, 4.625, 6.5, 4.875 ], "texture": "#texture" }
    }
},
{
    "__comment": "Mujian",
    "from": [ 7, 10.25, 9.875 ],
    "to": [ 7.375, 10.5, 10.375 ],
    "faces": {
        "down":  { "uv": [ 9, 10.375, 8.625, 9.875 ], "texture": "#particle" },
        "up":    { "uv": [ 7, 9.875, 7.375, 10.375 ], "texture": "#particle" },
        "north": { "uv": [ 8.625, 5.5, 9, 5.75 ], "texture": "#texture" },
        "south": { "uv": [ 7, 5.5, 7.375, 5.75 ], "texture": "#texture" },
        "west":  { "uv": [ 9.875, 5.5, 10.375, 5.75 ], "texture": "#texture" },
        "east":  { "uv": [ 5.625, 5.5, 6.125, 5.75 ], "texture": "#texture" }
    }
},
{
    "__comment": "Mujian",
    "from": [ 7, 11.125, 9.875 ],
    "to": [ 7.375, 11.375, 10.375 ],
    "faces": {
        "down":  { "uv": [ 9, 10.375, 8.625, 9.875 ], "texture": "#particle" },
        "up":    { "uv": [ 7, 9.875, 7.375, 10.375 ], "texture": "#particle" },
        "north": { "uv": [ 8.625, 4.625, 9, 4.875 ], "texture": "#texture" },
        "south": { "uv": [ 7, 4.625, 7.375, 4.875 ], "texture": "#texture" },
        "west":  { "uv": [ 9.875, 4.625, 10.375, 4.875 ], "texture": "#texture" },
        "east":  { "uv": [ 5.625, 4.625, 6.125, 4.875 ], "texture": "#texture" }
    }
},
{
    "__comment": "Mujian",
    "from": [ 7.25, 10.75, 8.125 ],
    "to": [ 8.75, 10.875, 8.75 ],
    "faces": {
        "down":  { "uv": [ 8.75, 8.75, 7.25, 8.125 ], "texture": "#particle" },
        "up":    { "uv": [ 7.25, 8.125, 8.75, 8.75 ], "texture": "#particle" },
        "north": { "uv": [ 7.25, 5.125, 8.75, 5.25 ], "texture": "#texture" },
        "south": { "uv": [ 7.25, 5.125, 8.75, 5.25 ], "texture": "#texture" },
        "west":  { "uv": [ 8.125, 5.125, 8.75, 5.25 ], "texture": "#texture" },
        "east":  { "uv": [ 7.25, 5.125, 7.875, 5.25 ], "texture": "#texture" }
    }
},
{
    "__comment": "Mujian",
    "from": [ 7.375, 10.75, 1.125 ],
    "to": [ 8.625, 10.875, 8.125 ],
    "faces": {
        "down":  { "uv": [ 8.625, 8.125, 7.375, 1.125 ], "texture": "#particle" },
        "up":    { "uv": [ 7.375, 1.125, 8.625, 8.125 ], "texture": "#particle" },
        "north": { "uv": [ 7.375, 5.125, 8.625, 5.25 ], "texture": "#texture" },
        "south": { "uv": [ 7.375, 5.125, 8.625, 5.25 ], "texture": "#texture" },
        "west":  { "uv": [ 1.125, 5.125, 8.125, 5.25 ], "texture": "#texture" },
        "east":  { "uv": [ 7.875, 5.125, 14.875, 5.25 ], "texture": "#texture" }
    }
},
{
    "__comment": "Mujian",
    "from": [ 7.375, 10.5, 8.625 ],
    "to": [ 8.625, 10.75, 9 ],
    "faces": {
        "down":  { "uv": [ 8.625, 9, 7.375, 8.625 ], "texture": "#particle" },
        "up":    { "uv": [ 7.375, 8.625, 8.625, 9 ], "texture": "#particle" },
        "north": { "uv": [ 7.375, 5.25, 8.625, 5.5 ], "texture": "#texture" },
        "south": { "uv": [ 7.375, 5.25, 8.625, 5.5 ], "texture": "#texture" },
        "west":  { "uv": [ 8.625, 5.25, 9, 5.5 ], "texture": "#texture" },
        "east":  { "uv": [ 7, 5.25, 7.375, 5.5 ], "texture": "#texture" }
    }
},
{
    "__comment": "Mujian",
    "from": [ 7.375, 10.875, 8.625 ],
    "to": [ 8.625, 11.125, 9 ],
    "faces": {
        "down":  { "uv": [ 8.625, 9, 7.375, 8.625 ], "texture": "#particle" },
        "up":    { "uv": [ 7.375, 8.625, 8.625, 9 ], "texture": "#particle" },
        "north": { "uv": [ 7.375, 4.875, 8.625, 5.125 ], "texture": "#texture" },
        "south": { "uv": [ 7.375, 4.875, 8.625, 5.125 ], "texture": "#texture" },
        "west":  { "uv": [ 8.625, 4.875, 9, 5.125 ], "texture": "#texture" },
        "east":  { "uv": [ 7, 4.875, 7.375, 5.125 ], "texture": "#texture" }
    }
},
{
    "__comment": "Mujian",
    "from": [ 7.375, 10.25, 8.75 ],
    "to": [ 8.625, 10.5, 9.5 ],
    "faces": {
        "down":  { "uv": [ 8.625, 9.5, 7.375, 8.75 ], "texture": "#particle" },
        "up":    { "uv": [ 7.375, 8.75, 8.625, 9.5 ], "texture": "#particle" },
        "north": { "uv": [ 7.375, 5.5, 8.625, 5.75 ], "texture": "#texture" },
        "south": { "uv": [ 7.375, 5.5, 8.625, 5.75 ], "texture": "#texture" },
        "west":  { "uv": [ 8.75, 5.5, 9.5, 5.75 ], "texture": "#texture" },
        "east":  { "uv": [ 6.5, 5.5, 7.25, 5.75 ], "texture": "#texture" }
    }
},
{
    "__comment": "Mujian",
    "from": [ 7.375, 11.125, 8.75 ],
    "to": [ 8.625, 11.375, 9.5 ],
    "faces": {
        "down":  { "uv": [ 8.625, 9.5, 7.375, 8.75 ], "texture": "#particle" },
        "up":    { "uv": [ 7.375, 8.75, 8.625, 9.5 ], "texture": "#particle" },
        "north": { "uv": [ 7.375, 4.625, 8.625, 4.875 ], "texture": "#texture" },
        "south": { "uv": [ 7.375, 4.625, 8.625, 4.875 ], "texture": "#texture" },
        "west":  { "uv": [ 8.75, 4.625, 9.5, 4.875 ], "texture": "#texture" },
        "east":  { "uv": [ 6.5, 4.625, 7.25, 4.875 ], "texture": "#texture" }
    }
},
{
    "__comment": "Mujian",
    "from": [ 7.375, 10, 9.25 ],
    "to": [ 8.625, 10.25, 9.75 ],
    "faces": {
        "down":  { "uv": [ 8.625, 9.75, 7.375, 9.25 ], "texture": "#particle" },
        "up":    { "uv": [ 7.375, 9.25, 8.625, 9.75 ], "texture": "#particle" },
        "north": { "uv": [ 7.375, 5.75, 8.625, 6 ], "texture": "#texture" },
        "south": { "uv": [ 7.375, 5.75, 8.625, 6 ], "texture": "#texture" },
        "west":  { "uv": [ 9.25, 5.75, 9.75, 6 ], "texture": "#texture" },
        "east":  { "uv": [ 6.25, 5.75, 6.75, 6 ], "texture": "#texture" }
    }
},
{
    "__comment": "Mujian",
    "from": [ 7.375, 11.375, 9.25 ],
    "to": [ 8.625, 11.625, 9.75 ],
    "faces": {
        "down":  { "uv": [ 8.625, 9.75, 7.375, 9.25 ], "texture": "#particle" },
        "up":    { "uv": [ 7.375, 9.25, 8.625, 9.75 ], "texture": "#particle" },
        "north": { "uv": [ 7.375, 4.375, 8.625, 4.625 ], "texture": "#texture" },
        "south": { "uv": [ 7.375, 4.375, 8.625, 4.625 ], "texture": "#texture" },
        "west":  { "uv": [ 9.25, 4.375, 9.75, 4.625 ], "texture": "#texture" },
        "east":  { "uv": [ 6.25, 4.375, 6.75, 4.625 ], "texture": "#texture" }
    }
},
{
    "__comment": "Mujian",
    "from": [ 7.375, 10.25, 9.875 ],
    "to": [ 9.75, 10.5, 10.125 ],
    "faces": {
        "down":  { "uv": [ 8.625, 10.125, 6.25, 9.875 ], "texture": "#particle" },
        "up":    { "uv": [ 7.375, 9.875, 9.75, 10.125 ], "texture": "#particle" },
        "north": { "uv": [ 6.25, 5.5, 8.625, 5.75 ], "texture": "#texture" },
        "south": { "uv": [ 7.375, 5.5, 9.75, 5.75 ], "texture": "#texture" },
        "west":  { "uv": [ 9.875, 5.5, 10.125, 5.75 ], "texture": "#texture" },
        "east":  { "uv": [ 5.875, 5.5, 6.125, 5.75 ], "texture": "#texture" }
    }
},
{
    "__comment": "Mujian",
    "from": [ 7.375, 11.125, 9.875 ],
    "to": [ 9.75, 11.375, 10.125 ],
    "faces": {
        "down":  { "uv": [ 8.625, 10.125, 6.25, 9.875 ], "texture": "#particle" },
        "up":    { "uv": [ 7.375, 9.875, 9.75, 10.125 ], "texture": "#particle" },
        "north": { "uv": [ 6.25, 4.625, 8.625, 4.875 ], "texture": "#texture" },
        "south": { "uv": [ 7.375, 4.625, 9.75, 4.875 ], "texture": "#texture" },
        "west":  { "uv": [ 9.875, 4.625, 10.125, 4.875 ], "texture": "#texture" },
        "east":  { "uv": [ 5.875, 4.625, 6.125, 4.875 ], "texture": "#texture" }
    }
},
{
    "__comment": "Mujian",
    "from": [ 7.375, 10.5, 10.875 ],
    "to": [ 8.625, 10.75, 11.25 ],
    "faces": {
        "down":  { "uv": [ 8.625, 11.25, 7.375, 10.875 ], "texture": "#particle" },
        "up":    { "uv": [ 7.375, 10.875, 8.625, 11.25 ], "texture": "#particle" },
        "north": { "uv": [ 7.375, 5.25, 8.625, 5.5 ], "texture": "#texture" },
        "south": { "uv": [ 7.375, 5.25, 8.625, 5.5 ], "texture": "#texture" },
        "west":  { "uv": [ 10.875, 5.25, 11.25, 5.5 ], "texture": "#texture" },
        "east":  { "uv": [ 4.75, 5.25, 5.125, 5.5 ], "texture": "#texture" }
    }
},
{
    "__comment": "Mujian",
    "from": [ 7.375, 10.875, 10.875 ],
    "to": [ 8.625, 11.125, 11 ],
    "faces": {
        "down":  { "uv": [ 8.625, 11, 7.375, 10.875 ], "texture": "#particle" },
        "up":    { "uv": [ 7.375, 10.875, 8.625, 11 ], "texture": "#particle" },
        "north": { "uv": [ 7.375, 4.875, 8.625, 5.125 ], "texture": "#texture" },
        "south": { "uv": [ 7.375, 4.875, 8.625, 5.125 ], "texture": "#texture" },
        "west":  { "uv": [ 10.875, 4.875, 11, 5.125 ], "texture": "#texture" },
        "east":  { "uv": [ 5, 4.875, 5.125, 5.125 ], "texture": "#texture" }
    }
},
{
    "__comment": "Mujian",
    "from": [ 7.375, 10.75, 11 ],
    "to": [ 8.625, 10.875, 11.25 ],
    "faces": {
        "down":  { "uv": [ 8.625, 11.25, 7.375, 11 ], "texture": "#particle" },
        "up":    { "uv": [ 7.375, 11, 8.625, 11.25 ], "texture": "#particle" },
        "north": { "uv": [ 7.375, 5.125, 8.625, 5.25 ], "texture": "#texture" },
        "south": { "uv": [ 7.375, 5.125, 8.625, 5.25 ], "texture": "#texture" },
        "west":  { "uv": [ 11, 5.125, 11.25, 5.25 ], "texture": "#texture" },
        "east":  { "uv": [ 4.75, 5.125, 5, 5.25 ], "texture": "#texture" }
    }
},
{
    "__comment": "Mujian",
    "from": [ 7.375, 10.5, 14.875 ],
    "to": [ 8.625, 11.125, 15.75 ],
    "faces": {
        "down":  { "uv": [ 8.625, 15.75, 7.375, 14.875 ], "texture": "#particle" },
        "up":    { "uv": [ 7.375, 14.875, 8.625, 15.75 ], "texture": "#particle" },
        "north": { "uv": [ 7.375, 4.875, 8.625, 5.5 ], "texture": "#texture" },
        "south": { "uv": [ 7.375, 4.875, 8.625, 5.5 ], "texture": "#texture" },
        "west":  { "uv": [ 14.875, 4.875, 15.75, 5.5 ], "texture": "#texture" },
        "east":  { "uv": [ 0.25, 4.875, 1.125, 5.5 ], "texture": "#texture" }
    }
},
{
    "__comment": "Mujian",
    "from": [ 7.625, 10.75, 0.625 ],
    "to": [ 8.375, 10.875, 1.125 ],
    "faces": {
        "down":  { "uv": [ 8.375, 1.125, 7.625, 0.625 ], "texture": "#particle" },
        "up":    { "uv": [ 7.625, 0.625, 8.375, 1.125 ], "texture": "#particle" },
        "north": { "uv": [ 7.625, 5.125, 8.375, 5.25 ], "texture": "#texture" },
        "south": { "uv": [ 7.625, 5.125, 8.375, 5.25 ], "texture": "#texture" },
        "west":  { "uv": [ 0.625, 5.125, 1.125, 5.25 ], "texture": "#texture" },
        "east":  { "uv": [ 14.875, 5.125, 15.375, 5.25 ], "texture": "#texture" }
    }
},
{
    "__comment": "Mujian",
    "from": [ 7.625, 10.5, 1.625 ],
    "to": [ 8.375, 10.75, 8.625 ],
    "faces": {
        "down":  { "uv": [ 8.375, 8.625, 7.625, 1.625 ], "texture": "#particle" },
        "up":    { "uv": [ 7.625, 1.625, 8.375, 8.625 ], "texture": "#particle" },
        "north": { "uv": [ 7.625, 5.25, 8.375, 5.5 ], "texture": "#texture" },
        "south": { "uv": [ 7.625, 5.25, 8.375, 5.5 ], "texture": "#texture" },
        "west":  { "uv": [ 1.625, 5.25, 8.625, 5.5 ], "texture": "#texture" },
        "east":  { "uv": [ 7.375, 5.25, 14.375, 5.5 ], "texture": "#texture" }
    }
},
{
    "__comment": "Mujian",
    "from": [ 7.625, 10.875, 1.625 ],
    "to": [ 8.375, 11.125, 8.625 ],
    "faces": {
        "down":  { "uv": [ 8.375, 8.625, 7.625, 1.625 ], "texture": "#particle" },
        "up":    { "uv": [ 7.625, 1.625, 8.375, 8.625 ], "texture": "#particle" },
        "north": { "uv": [ 7.625, 4.875, 8.375, 5.125 ], "texture": "#texture" },
        "south": { "uv": [ 7.625, 4.875, 8.375, 5.125 ], "texture": "#texture" },
        "west":  { "uv": [ 1.625, 4.875, 8.625, 5.125 ], "texture": "#texture" },
        "east":  { "uv": [ 7.375, 4.875, 14.375, 5.125 ], "texture": "#texture" }
    }
},
{
    "__comment": "Mujian",
    "from": [ 7.625, 10.25, 8.625 ],
    "to": [ 8.375, 10.5, 8.75 ],
    "faces": {
        "down":  { "uv": [ 8.375, 8.75, 7.625, 8.625 ], "texture": "#particle" },
        "up":    { "uv": [ 7.625, 8.625, 8.375, 8.75 ], "texture": "#particle" },
        "north": { "uv": [ 7.625, 5.5, 8.375, 5.75 ], "texture": "#texture" },
        "south": { "uv": [ 7.625, 5.5, 8.375, 5.75 ], "texture": "#texture" },
        "west":  { "uv": [ 8.625, 5.5, 8.75, 5.75 ], "texture": "#texture" },
        "east":  { "uv": [ 7.25, 5.5, 7.375, 5.75 ], "texture": "#texture" }
    }
},
{
    "__comment": "Mujian",
    "from": [ 7.625, 11.125, 8.625 ],
    "to": [ 8.375, 11.375, 8.75 ],
    "faces": {
        "down":  { "uv": [ 8.375, 8.75, 7.625, 8.625 ], "texture": "#particle" },
        "up":    { "uv": [ 7.625, 8.625, 8.375, 8.75 ], "texture": "#particle" },
        "north": { "uv": [ 7.625, 4.625, 8.375, 4.875 ], "texture": "#texture" },
        "south": { "uv": [ 7.625, 4.625, 8.375, 4.875 ], "texture": "#texture" },
        "west":  { "uv": [ 8.625, 4.625, 8.75, 4.875 ], "texture": "#texture" },
        "east":  { "uv": [ 7.25, 4.625, 7.375, 4.875 ], "texture": "#texture" }
    }
},
{
    "__comment": "Mujian",
    "from": [ 7.625, 10, 8.75 ],
    "to": [ 8.375, 10.25, 9.25 ],
    "faces": {
        "down":  { "uv": [ 8.375, 9.25, 7.625, 8.75 ], "texture": "#particle" },
        "up":    { "uv": [ 7.625, 8.75, 8.375, 9.25 ], "texture": "#particle" },
        "north": { "uv": [ 7.625, 5.75, 8.375, 6 ], "texture": "#texture" },
        "south": { "uv": [ 7.625, 5.75, 8.375, 6 ], "texture": "#texture" },
        "west":  { "uv": [ 8.75, 5.75, 9.25, 6 ], "texture": "#texture" },
        "east":  { "uv": [ 6.75, 5.75, 7.25, 6 ], "texture": "#texture" }
    }
},
{
    "__comment": "Mujian",
    "from": [ 7.625, 11.375, 8.75 ],
    "to": [ 8.375, 11.625, 9.25 ],
    "faces": {
        "down":  { "uv": [ 8.375, 9.25, 7.625, 8.75 ], "texture": "#particle" },
        "up":    { "uv": [ 7.625, 8.75, 8.375, 9.25 ], "texture": "#particle" },
        "north": { "uv": [ 7.625, 4.375, 8.375, 4.625 ], "texture": "#texture" },
        "south": { "uv": [ 7.625, 4.375, 8.375, 4.625 ], "texture": "#texture" },
        "west":  { "uv": [ 8.75, 4.375, 9.25, 4.625 ], "texture": "#texture" },
        "east":  { "uv": [ 6.75, 4.375, 7.25, 4.625 ], "texture": "#texture" }
    }
},
{
    "__comment": "Mujian",
    "from": [ 7.625, 10, 9.75 ],
    "to": [ 8.375, 10.25, 9.875 ],
    "faces": {
        "down":  { "uv": [ 8.375, 9.875, 7.625, 9.75 ], "texture": "#particle" },
        "up":    { "uv": [ 7.625, 9.75, 8.375, 9.875 ], "texture": "#particle" },
        "north": { "uv": [ 7.625, 5.75, 8.375, 6 ], "texture": "#texture" },
        "south": { "uv": [ 7.625, 5.75, 8.375, 6 ], "texture": "#texture" },
        "west":  { "uv": [ 9.75, 5.75, 9.875, 6 ], "texture": "#texture" },
        "east":  { "uv": [ 6.125, 5.75, 6.25, 6 ], "texture": "#texture" }
    }
},
{
    "__comment": "Mujian",
    "from": [ 7.625, 11.375, 9.75 ],
    "to": [ 8.375, 11.625, 9.875 ],
    "faces": {
        "down":  { "uv": [ 8.375, 9.875, 7.625, 9.75 ], "texture": "#particle" },
        "up":    { "uv": [ 7.625, 9.75, 8.375, 9.875 ], "texture": "#particle" },
        "north": { "uv": [ 7.625, 4.375, 8.375, 4.625 ], "texture": "#texture" },
        "south": { "uv": [ 7.625, 4.375, 8.375, 4.625 ], "texture": "#texture" },
        "west":  { "uv": [ 9.75, 4.375, 9.875, 4.625 ], "texture": "#texture" },
        "east":  { "uv": [ 6.125, 4.375, 6.25, 4.625 ], "texture": "#texture" }
    }
},
{
    "__comment": "Mujian",
    "from": [ 7.625, 10.25, 10.125 ],
    "to": [ 8.375, 10.5, 10.875 ],
    "faces": {
        "down":  { "uv": [ 8.375, 10.875, 7.625, 10.125 ], "texture": "#particle" },
        "up":    { "uv": [ 7.625, 10.125, 8.375, 10.875 ], "texture": "#particle" },
        "north": { "uv": [ 7.625, 5.5, 8.375, 5.75 ], "texture": "#texture" },
        "south": { "uv": [ 7.625, 5.5, 8.375, 5.75 ], "texture": "#texture" },
        "west":  { "uv": [ 10.125, 5.5, 10.875, 5.75 ], "texture": "#texture" },
        "east":  { "uv": [ 5.125, 5.5, 5.875, 5.75 ], "texture": "#texture" }
    }
},
{
    "__comment": "Mujian",
    "from": [ 7.625, 10.875, 11 ],
    "to": [ 8.375, 11.125, 11.25 ],
    "faces": {
        "down":  { "uv": [ 8.375, 11.25, 7.625, 11 ], "texture": "#particle" },
        "up":    { "uv": [ 7.625, 11, 8.375, 11.25 ], "texture": "#particle" },
        "north": { "uv": [ 7.625, 4.875, 8.375, 5.125 ], "texture": "#texture" },
        "south": { "uv": [ 7.625, 4.875, 8.375, 5.125 ], "texture": "#texture" },
        "west":  { "uv": [ 11, 4.875, 11.25, 5.125 ], "texture": "#texture" },
        "east":  { "uv": [ 4.75, 4.875, 5, 5.125 ], "texture": "#texture" }
    }
},
{
    "__comment": "Mujian",
    "from": [ 7.625, 10.75, 11.25 ],
    "to": [ 8.375, 10.875, 14.875 ],
    "faces": {
        "down":  { "uv": [ 8.375, 14.875, 7.625, 11.25 ], "texture": "#particle" },
        "up":    { "uv": [ 7.625, 11.25, 8.375, 14.875 ], "texture": "#particle" },
        "north": { "uv": [ 7.625, 5.125, 8.375, 5.25 ], "texture": "#texture" },
        "south": { "uv": [ 7.625, 5.125, 8.375, 5.25 ], "texture": "#texture" },
        "west":  { "uv": [ 11.25, 5.125, 14.875, 5.25 ], "texture": "#texture" },
        "east":  { "uv": [ 1.125, 5.125, 4.75, 5.25 ], "texture": "#texture" }
    }
},
{
    "__comment": "Mujian",
    "from": [ 7.625, 10.25, 14.875 ],
    "to": [ 8.375, 10.5, 15.75 ],
    "faces": {
        "down":  { "uv": [ 8.375, 15.75, 7.625, 14.875 ], "texture": "#particle" },
        "up":    { "uv": [ 7.625, 14.875, 8.375, 15.75 ], "texture": "#particle" },
        "north": { "uv": [ 7.625, 5.5, 8.375, 5.75 ], "texture": "#texture" },
        "south": { "uv": [ 7.625, 5.5, 8.375, 5.75 ], "texture": "#texture" },
        "west":  { "uv": [ 14.875, 5.5, 15.75, 5.75 ], "texture": "#texture" },
        "east":  { "uv": [ 0.25, 5.5, 1.125, 5.75 ], "texture": "#texture" }
    }
},
{
    "__comment": "Mujian",
    "from": [ 7.625, 11.125, 14.875 ],
    "to": [ 8.375, 11.375, 15.75 ],
    "faces": {
        "down":  { "uv": [ 8.375, 15.75, 7.625, 14.875 ], "texture": "#particle" },
        "up":    { "uv": [ 7.625, 14.875, 8.375, 15.75 ], "texture": "#particle" },
        "north": { "uv": [ 7.625, 4.625, 8.375, 4.875 ], "texture": "#texture" },
        "south": { "uv": [ 7.625, 4.625, 8.375, 4.875 ], "texture": "#texture" },
        "west":  { "uv": [ 14.875, 4.625, 15.75, 4.875 ], "texture": "#texture" },
        "east":  { "uv": [ 0.25, 4.625, 1.125, 4.875 ], "texture": "#texture" }
    }
},
{
    "__comment": "Mujian",
    "from": [ 7.875, 10.75, 0.5 ],
    "to": [ 8.125, 10.875, 0.625 ],
    "faces": {
        "down":  { "uv": [ 8.125, 0.625, 7.875, 0.5 ], "texture": "#particle" },
        "up":    { "uv": [ 7.875, 0.5, 8.125, 0.625 ], "texture": "#particle" },
        "north": { "uv": [ 7.875, 5.125, 8.125, 5.25 ], "texture": "#texture" },
        "south": { "uv": [ 7.875, 5.125, 8.125, 5.25 ], "texture": "#texture" },
        "west":  { "uv": [ 0.5, 5.125, 0.625, 5.25 ], "texture": "#texture" },
        "east":  { "uv": [ 15.375, 5.125, 15.5, 5.25 ], "texture": "#texture" }
    }
},
{
    "__comment": "Mujian",
    "from": [ 7.875, 10.5, 1.375 ],
    "to": [ 8.125, 10.75, 1.625 ],
    "faces": {
        "down":  { "uv": [ 8.125, 1.625, 7.875, 1.375 ], "texture": "#particle" },
        "up":    { "uv": [ 7.875, 1.375, 8.125, 1.625 ], "texture": "#particle" },
        "north": { "uv": [ 7.875, 5.25, 8.125, 5.5 ], "texture": "#texture" },
        "south": { "uv": [ 7.875, 5.25, 8.125, 5.5 ], "texture": "#texture" },
        "west":  { "uv": [ 1.375, 5.25, 1.625, 5.5 ], "texture": "#texture" },
        "east":  { "uv": [ 14.375, 5.25, 14.625, 5.5 ], "texture": "#texture" }
    }
},
{
    "__comment": "Mujian",
    "from": [ 7.875, 10.875, 1.375 ],
    "to": [ 8.125, 11.125, 1.625 ],
    "faces": {
        "down":  { "uv": [ 8.125, 1.625, 7.875, 1.375 ], "texture": "#particle" },
        "up":    { "uv": [ 7.875, 1.375, 8.125, 1.625 ], "texture": "#particle" },
        "north": { "uv": [ 7.875, 4.875, 8.125, 5.125 ], "texture": "#texture" },
        "south": { "uv": [ 7.875, 4.875, 8.125, 5.125 ], "texture": "#texture" },
        "west":  { "uv": [ 1.375, 4.875, 1.625, 5.125 ], "texture": "#texture" },
        "east":  { "uv": [ 14.375, 4.875, 14.625, 5.125 ], "texture": "#texture" }
    }
},
{
    "__comment": "Mujian",
    "from": [ 7.875, 10.25, 8.375 ],
    "to": [ 8.125, 10.5, 8.625 ],
    "faces": {
        "down":  { "uv": [ 8.125, 8.625, 7.875, 8.375 ], "texture": "#particle" },
        "up":    { "uv": [ 7.875, 8.375, 8.125, 8.625 ], "texture": "#particle" },
        "north": { "uv": [ 7.875, 5.5, 8.125, 5.75 ], "texture": "#texture" },
        "south": { "uv": [ 7.875, 5.5, 8.125, 5.75 ], "texture": "#texture" },
        "west":  { "uv": [ 8.375, 5.5, 8.625, 5.75 ], "texture": "#texture" },
        "east":  { "uv": [ 7.375, 5.5, 7.625, 5.75 ], "texture": "#texture" }
    }
},
{
    "__comment": "Mujian",
    "from": [ 7.875, 11.125, 8.375 ],
    "to": [ 8.125, 11.375, 8.625 ],
    "faces": {
        "down":  { "uv": [ 8.125, 8.625, 7.875, 8.375 ], "texture": "#particle" },
        "up":    { "uv": [ 7.875, 8.375, 8.125, 8.625 ], "texture": "#particle" },
        "north": { "uv": [ 7.875, 4.625, 8.125, 4.875 ], "texture": "#texture" },
        "south": { "uv": [ 7.875, 4.625, 8.125, 4.875 ], "texture": "#texture" },
        "west":  { "uv": [ 8.375, 4.625, 8.625, 4.875 ], "texture": "#texture" },
        "east":  { "uv": [ 7.375, 4.625, 7.625, 4.875 ], "texture": "#texture" }
    }
},
{
    "__comment": "Mujian",
    "from": [ 7.875, 10, 8.625 ],
    "to": [ 8.125, 10.25, 8.75 ],
    "faces": {
        "down":  { "uv": [ 8.125, 8.75, 7.875, 8.625 ], "texture": "#particle" },
        "up":    { "uv": [ 7.875, 8.625, 8.125, 8.75 ], "texture": "#particle" },
        "north": { "uv": [ 7.875, 5.75, 8.125, 6 ], "texture": "#texture" },
        "south": { "uv": [ 7.875, 5.75, 8.125, 6 ], "texture": "#texture" },
        "west":  { "uv": [ 8.625, 5.75, 8.75, 6 ], "texture": "#texture" },
        "east":  { "uv": [ 7.25, 5.75, 7.375, 6 ], "texture": "#texture" }
    }
},
{
    "__comment": "Mujian",
    "from": [ 7.875, 11.375, 8.625 ],
    "to": [ 8.125, 11.625, 8.75 ],
    "faces": {
        "down":  { "uv": [ 8.125, 8.75, 7.875, 8.625 ], "texture": "#particle" },
        "up":    { "uv": [ 7.875, 8.625, 8.125, 8.75 ], "texture": "#particle" },
        "north": { "uv": [ 7.875, 4.375, 8.125, 4.625 ], "texture": "#texture" },
        "south": { "uv": [ 7.875, 4.375, 8.125, 4.625 ], "texture": "#texture" },
        "west":  { "uv": [ 8.625, 4.375, 8.75, 4.625 ], "texture": "#texture" },
        "east":  { "uv": [ 7.25, 4.375, 7.375, 4.625 ], "texture": "#texture" }
    }
},
{
    "__comment": "Mujian",
    "from": [ 7.875, 10.5, 11.25 ],
    "to": [ 8.125, 10.75, 14.875 ],
    "faces": {
        "down":  { "uv": [ 8.125, 14.875, 7.875, 11.25 ], "texture": "#particle" },
        "up":    { "uv": [ 7.875, 11.25, 8.125, 14.875 ], "texture": "#particle" },
        "north": { "uv": [ 7.875, 5.25, 8.125, 5.5 ], "texture": "#texture" },
        "south": { "uv": [ 7.875, 5.25, 8.125, 5.5 ], "texture": "#texture" },
        "west":  { "uv": [ 11.25, 5.25, 14.875, 5.5 ], "texture": "#texture" },
        "east":  { "uv": [ 1.125, 5.25, 4.75, 5.5 ], "texture": "#texture" }
    }
},
{
    "__comment": "Mujian",
    "from": [ 7.875, 10.875, 11.25 ],
    "to": [ 8.125, 11.125, 14.875 ],
    "faces": {
        "down":  { "uv": [ 8.125, 14.875, 7.875, 11.25 ], "texture": "#particle" },
        "up":    { "uv": [ 7.875, 11.25, 8.125, 14.875 ], "texture": "#particle" },
        "north": { "uv": [ 7.875, 4.875, 8.125, 5.125 ], "texture": "#texture" },
        "south": { "uv": [ 7.875, 4.875, 8.125, 5.125 ], "texture": "#texture" },
        "west":  { "uv": [ 11.25, 4.875, 14.875, 5.125 ], "texture": "#texture" },
        "east":  { "uv": [ 1.125, 4.875, 4.75, 5.125 ], "texture": "#texture" }
    }
},
{
    "__comment": "Mujian",
    "from": [ 8.625, 10.25, 10.125 ],
    "to": [ 9.75, 10.5, 10.375 ],
    "faces": {
        "down":  { "uv": [ 7.375, 10.375, 6.25, 10.125 ], "texture": "#particle" },
        "up":    { "uv": [ 8.625, 10.125, 9.75, 10.375 ], "texture": "#particle" },
        "north": { "uv": [ 6.25, 5.5, 7.375, 5.75 ], "texture": "#texture" },
        "south": { "uv": [ 8.625, 5.5, 9.75, 5.75 ], "texture": "#texture" },
        "west":  { "uv": [ 10.125, 5.5, 10.375, 5.75 ], "texture": "#texture" },
        "east":  { "uv": [ 5.625, 5.5, 5.875, 5.75 ], "texture": "#texture" }
    }
},
{
    "__comment": "Mujian",
    "from": [ 8.625, 11.125, 10.125 ],
    "to": [ 9.75, 11.375, 10.375 ],
    "faces": {
        "down":  { "uv": [ 7.375, 10.375, 6.25, 10.125 ], "texture": "#particle" },
        "up":    { "uv": [ 8.625, 10.125, 9.75, 10.375 ], "texture": "#particle" },
        "north": { "uv": [ 6.25, 4.625, 7.375, 4.875 ], "texture": "#texture" },
        "south": { "uv": [ 8.625, 4.625, 9.75, 4.875 ], "texture": "#texture" },
        "west":  { "uv": [ 10.125, 4.625, 10.375, 4.875 ], "texture": "#texture" },
        "east":  { "uv": [ 5.625, 4.625, 5.875, 4.875 ], "texture": "#texture" }
    }
},
{
    "__comment": "Mujian",
    "from": [ 9, 10.25, 10.375 ],
    "to": [ 9.75, 10.5, 10.625 ],
    "faces": {
        "down":  { "uv": [ 7, 10.625, 6.25, 10.375 ], "texture": "#particle" },
        "up":    { "uv": [ 9, 10.375, 9.75, 10.625 ], "texture": "#particle" },
        "north": { "uv": [ 6.25, 5.5, 7, 5.75 ], "texture": "#texture" },
        "south": { "uv": [ 9, 5.5, 9.75, 5.75 ], "texture": "#texture" },
        "west":  { "uv": [ 10.375, 5.5, 10.625, 5.75 ], "texture": "#texture" },
        "east":  { "uv": [ 5.375, 5.5, 5.625, 5.75 ], "texture": "#texture" }
    }
},
{
    "__comment": "Mujian",
    "from": [ 9, 11.125, 10.375 ],
    "to": [ 9.75, 11.375, 10.625 ],
    "faces": {
        "down":  { "uv": [ 7, 10.625, 6.25, 10.375 ], "texture": "#particle" },
        "up":    { "uv": [ 9, 10.375, 9.75, 10.625 ], "texture": "#particle" },
        "north": { "uv": [ 6.25, 4.625, 7, 4.875 ], "texture": "#texture" },
        "south": { "uv": [ 9, 4.625, 9.75, 4.875 ], "texture": "#texture" },
        "west":  { "uv": [ 10.375, 4.625, 10.625, 4.875 ], "texture": "#texture" },
        "east":  { "uv": [ 5.375, 4.625, 5.625, 4.875 ], "texture": "#texture" }
    }
},
{
    "__comment": "Mujian",
    "from": [ 9.25, 10.25, 10.625 ],
    "to": [ 9.75, 10.5, 10.875 ],
    "faces": {
        "down":  { "uv": [ 6.75, 10.875, 6.25, 10.625 ], "texture": "#particle" },
        "up":    { "uv": [ 9.25, 10.625, 9.75, 10.875 ], "texture": "#particle" },
        "north": { "uv": [ 6.25, 5.5, 6.75, 5.75 ], "texture": "#texture" },
        "south": { "uv": [ 9.25, 5.5, 9.75, 5.75 ], "texture": "#texture" },
        "west":  { "uv": [ 10.625, 5.5, 10.875, 5.75 ], "texture": "#texture" },
        "east":  { "uv": [ 5.125, 5.5, 5.375, 5.75 ], "texture": "#texture" }
    }
},
{
    "__comment": "Mujian",
    "from": [ 9.25, 11.125, 10.625 ],
    "to": [ 9.75, 11.375, 10.875 ],
    "faces": {
        "down":  { "uv": [ 6.75, 10.875, 6.25, 10.625 ], "texture": "#particle" },
        "up":    { "uv": [ 9.25, 10.625, 9.75, 10.875 ], "texture": "#particle" },
        "north": { "uv": [ 6.25, 4.625, 6.75, 4.875 ], "texture": "#texture" },
        "south": { "uv": [ 9.25, 4.625, 9.75, 4.875 ], "texture": "#texture" },
        "west":  { "uv": [ 10.625, 4.625, 10.875, 4.875 ], "texture": "#texture" },
        "east":  { "uv": [ 5.125, 4.625, 5.375, 4.875 ], "texture": "#texture" }
    }
},
{
    "__comment": "Mujian",
    "from": [ 9.25, 10.5, 10.875 ],
    "to": [ 9.875, 10.75, 11 ],
    "faces": {
        "down":  { "uv": [ 6.75, 11, 6.125, 10.875 ], "texture": "#particle" },
        "up":    { "uv": [ 9.25, 10.875, 9.875, 11 ], "texture": "#particle" },
        "north": { "uv": [ 6.125, 5.25, 6.75, 5.5 ], "texture": "#texture" },
        "south": { "uv": [ 9.25, 5.25, 9.875, 5.5 ], "texture": "#texture" },
        "west":  { "uv": [ 10.875, 5.25, 11, 5.5 ], "texture": "#texture" },
        "east":  { "uv": [ 5, 5.25, 5.125, 5.5 ], "texture": "#texture" }
    }
},
{
    "__comment": "Mujian",
    "from": [ 9.25, 10.875, 10.875 ],
    "to": [ 9.875, 11.125, 11 ],
    "faces": {
        "down":  { "uv": [ 6.75, 11, 6.125, 10.875 ], "texture": "#particle" },
        "up":    { "uv": [ 9.25, 10.875, 9.875, 11 ], "texture": "#particle" },
        "north": { "uv": [ 6.125, 4.875, 6.75, 5.125 ], "texture": "#texture" },
        "south": { "uv": [ 9.25, 4.875, 9.875, 5.125 ], "texture": "#texture" },
        "west":  { "uv": [ 10.875, 4.875, 11, 5.125 ], "texture": "#texture" },
        "east":  { "uv": [ 5, 4.875, 5.125, 5.125 ], "texture": "#texture" }
    }
},
{
    "__comment": "Mujian",
    "from": [ 9.25, 10.75, 11 ],
    "to": [ 10.125, 10.875, 11.25 ],
    "faces": {
        "down":  { "uv": [ 6.75, 11.25, 5.875, 11 ], "texture": "#particle" },
        "up":    { "uv": [ 9.25, 11, 10.125, 11.25 ], "texture": "#particle" },
        "north": { "uv": [ 5.875, 5.125, 6.75, 5.25 ], "texture": "#texture" },
        "south": { "uv": [ 9.25, 5.125, 10.125, 5.25 ], "texture": "#texture" },
        "west":  { "uv": [ 11, 5.125, 11.25, 5.25 ], "texture": "#texture" },
        "east":  { "uv": [ 4.75, 5.125, 5, 5.25 ], "texture": "#texture" }
    }
},
{
    "__comment": "Mujian",
    "from": [ 9.5, 10.5, 11 ],
    "to": [ 9.875, 10.75, 11.25 ],
    "faces": {
        "down":  { "uv": [ 6.5, 11.25, 6.125, 11 ], "texture": "#particle" },
        "up":    { "uv": [ 9.5, 11, 9.875, 11.25 ], "texture": "#particle" },
        "north": { "uv": [ 6.125, 5.25, 6.5, 5.5 ], "texture": "#texture" },
        "south": { "uv": [ 9.5, 5.25, 9.875, 5.5 ], "texture": "#texture" },
        "west":  { "uv": [ 11, 5.25, 11.25, 5.5 ], "texture": "#texture" },
        "east":  { "uv": [ 4.75, 5.25, 5, 5.5 ], "texture": "#texture" }
    }
},
{
    "__comment": "Mujian",
    "from": [ 9.5, 10.875, 11 ],
    "to": [ 9.875, 11.125, 11.25 ],
    "faces": {
        "down":  { "uv": [ 6.5, 11.25, 6.125, 11 ], "texture": "#particle" },
        "up":    { "uv": [ 9.5, 11, 9.875, 11.25 ], "texture": "#particle" },
        "north": { "uv": [ 6.125, 4.875, 6.5, 5.125 ], "texture": "#texture" },
        "south": { "uv": [ 9.5, 4.875, 9.875, 5.125 ], "texture": "#texture" },
        "west":  { "uv": [ 11, 4.875, 11.25, 5.125 ], "texture": "#texture" },
        "east":  { "uv": [ 4.75, 4.875, 5, 5.125 ], "texture": "#texture" }
    }
},
{
    "__comment": "Mujian",
    "from": [ 9.5, 10.75, 11.25 ],
    "to": [ 10.125, 10.875, 11.5 ],
    "faces": {
        "down":  { "uv": [ 6.5, 11.5, 5.875, 11.25 ], "texture": "#particle" },
        "up":    { "uv": [ 9.5, 11.25, 10.125, 11.5 ], "texture": "#particle" },
        "north": { "uv": [ 5.875, 5.125, 6.5, 5.25 ], "texture": "#texture" },
        "south": { "uv": [ 9.5, 5.125, 10.125, 5.25 ], "texture": "#texture" },
        "west":  { "uv": [ 11.25, 5.125, 11.5, 5.25 ], "texture": "#texture" },
        "east":  { "uv": [ 4.5, 5.125, 4.75, 5.25 ], "texture": "#texture" }
    }
},
{
    "__comment": "Mujian",
    "from": [ 9.875, 10.875, 9.75 ],
    "to": [ 10.125, 11.125, 10.625 ],
    "faces": {
        "down":  { "uv": [ 6.125, 10.625, 5.875, 9.75 ], "texture": "#particle" },
        "up":    { "uv": [ 9.875, 9.75, 10.125, 10.625 ], "texture": "#particle" },
        "north": { "uv": [ 5.875, 4.875, 6.125, 5.125 ], "texture": "#texture" },
        "south": { "uv": [ 9.875, 4.875, 10.125, 5.125 ], "texture": "#texture" },
        "west":  { "uv": [ 9.75, 4.875, 10.625, 5.125 ], "texture": "#texture" },
        "east":  { "uv": [ 5.375, 4.875, 6.25, 5.125 ], "texture": "#texture" }
    }
}
],
"display": {
    "thirdperson_righthand": {
        "rotation": [ 103, 4, 92 ],
        "translation": [ 5.29, 7.94, 4.16 ],
        "scale": [ 2, 2, 2 ]
    },
    "thirdperson_lefthand": {
        "rotation": [ 103, 4, 92 ],
        "translation": [ 5.29, 7.94, 4.16 ],
        "scale": [ 2, 2, 2 ]
    },
    "head": {
        "rotation": [ -90, 45, 0 ],
        "translation": [ 1.89, -17.01, 12.85 ],
        "scale": [ 2.5, 2.5, 2.5 ]
    },
    "ground": {
        "rotation": [ 45, 0, 0 ],
        "translation": [ 0.19, 0, -3.02 ],
        "scale": [ 1, 1, 1 ]
    },
    "fixed": {
        "rotation": [ 90, 0, 0 ],
        "translation": [ 0, 0, -9.26 ],
        "scale": [ 2, 2, 2 ]
    },
    "firstperson_righthand": {
        "rotation": [ 57, 0, 79 ],
        "translation": [ 3.59, 0.19, 1.12 ],
        "scale": [ 1.5, 1.5, 1.5 ]
    },
    "firstperson_lefthand": {
        "rotation": [ 57, 0, 79 ],
        "translation": [ 2.08, 0.57, 1.12 ],
        "scale": [ 1.5, 1.5, 1.5 ]
    },
    "gui": {
        "rotation": [ 90, 45, 0 ],
        "translation": [ 0, 0, 0 ],
        "scale": [ 1.3, 1.3, 1.3 ]
    }
}
}