{
"__comment": "Designed by Tf7717435 with BDcraft Cubik PRO 0.96 Beta - http://bdcraft.net",
"textures": {
    "particle": "item/diamond_sword/diamond_sword",
    "texture": "item/diamond_sword/diamond_sword1",
    "diamond_sword": "item/diamond_sword/diamond_sword2"
},
"elements": [ 
{
    "__comment": "Minecraft",
    "from": [ 6.625, 9.125, 4.25 ],
    "to": [ 6.75, 9.375, 4.625 ],
    "faces": {
        "down":  { "uv": [ 9.375, 4.625, 9.25, 4.25 ], "texture": "#texture" },
        "up":    { "uv": [ 6.625, 4.25, 6.75, 4.625 ], "texture": "#particle" },
        "north": { "uv": [ 9.25, 6.625, 9.375, 6.875 ], "texture": "#diamond_sword" },
        "south": { "uv": [ 6.625, 6.625, 6.75, 6.875 ], "texture": "#diamond_sword" },
        "west":  { "uv": [ 4.25, 6.625, 4.625, 6.875 ], "texture": "#diamond_sword" },
        "east":  { "uv": [ 11.375, 6.625, 11.75, 6.875 ], "texture": "#diamond_sword" }
    }
},
{
    "__comment": "Minecraft",
    "from": [ 6.75, 9.125, 4.25 ],
    "to": [ 9.375, 9.25, 4.75 ],
    "faces": {
        "down":  { "uv": [ 9.25, 4.75, 6.625, 4.25 ], "texture": "#texture" },
        "up":    { "uv": [ 6.75, 4.25, 9.375, 4.75 ], "texture": "#particle" },
        "north": { "uv": [ 6.625, 6.75, 9.25, 6.875 ], "texture": "#diamond_sword" },
        "south": { "uv": [ 6.75, 6.75, 9.375, 6.875 ], "texture": "#diamond_sword" },
        "west":  { "uv": [ 4.25, 6.75, 4.75, 6.875 ], "texture": "#diamond_sword" },
        "east":  { "uv": [ 11.25, 6.75, 11.75, 6.875 ], "texture": "#diamond_sword" }
    }
},
{
    "__comment": "Minecraft",
    "from": [ 6.75, 9.25, 4.375 ],
    "to": [ 6.875, 9.375, 4.75 ],
    "faces": {
        "down":  { "uv": [ 9.25, 4.75, 9.125, 4.375 ], "texture": "#texture" },
        "up":    { "uv": [ 6.75, 4.375, 6.875, 4.75 ], "texture": "#particle" },
        "north": { "uv": [ 9.125, 6.625, 9.25, 6.75 ], "texture": "#diamond_sword" },
        "south": { "uv": [ 6.75, 6.625, 6.875, 6.75 ], "texture": "#diamond_sword" },
        "west":  { "uv": [ 4.375, 6.625, 4.75, 6.75 ], "texture": "#diamond_sword" },
        "east":  { "uv": [ 11.25, 6.625, 11.625, 6.75 ], "texture": "#diamond_sword" }
    }
},
{
    "__comment": "Minecraft",
    "from": [ 6.875, 9.25, 4.5 ],
    "to": [ 7, 9.375, 5.25 ],
    "faces": {
        "down":  { "uv": [ 9.125, 5.25, 9, 4.5 ], "texture": "#texture" },
        "up":    { "uv": [ 6.875, 4.5, 7, 5.25 ], "texture": "#particle" },
        "north": { "uv": [ 9, 6.625, 9.125, 6.75 ], "texture": "#diamond_sword" },
        "south": { "uv": [ 6.875, 6.625, 7, 6.75 ], "texture": "#diamond_sword" },
        "west":  { "uv": [ 4.5, 6.625, 5.25, 6.75 ], "texture": "#diamond_sword" },
        "east":  { "uv": [ 10.75, 6.625, 11.5, 6.75 ], "texture": "#diamond_sword" }
    }
},
{
    "__comment": "Minecraft",
    "from": [ 6.875, 9.125, 4.75 ],
    "to": [ 9.125, 9.25, 5.25 ],
    "faces": {
        "down":  { "uv": [ 9.125, 5.25, 6.875, 4.75 ], "texture": "#texture" },
        "up":    { "uv": [ 6.875, 4.75, 9.125, 5.25 ], "texture": "#particle" },
        "north": { "uv": [ 6.875, 6.75, 9.125, 6.875 ], "texture": "#diamond_sword" },
        "south": { "uv": [ 6.875, 6.75, 9.125, 6.875 ], "texture": "#diamond_sword" },
        "west":  { "uv": [ 4.75, 6.75, 5.25, 6.875 ], "texture": "#diamond_sword" },
        "east":  { "uv": [ 10.75, 6.75, 11.25, 6.875 ], "texture": "#diamond_sword" }
    }
},
{
    "__comment": "Minecraft",
    "from": [ 7, 9.125, 3.5 ],
    "to": [ 7.125, 9.375, 4.25 ],
    "faces": {
        "down":  { "uv": [ 9, 4.25, 8.875, 3.5 ], "texture": "#texture" },
        "up":    { "uv": [ 7, 3.5, 7.125, 4.25 ], "texture": "#particle" },
        "north": { "uv": [ 8.875, 6.625, 9, 6.875 ], "texture": "#diamond_sword" },
        "south": { "uv": [ 7, 6.625, 7.125, 6.875 ], "texture": "#diamond_sword" },
        "west":  { "uv": [ 3.5, 6.625, 4.25, 6.875 ], "texture": "#diamond_sword" },
        "east":  { "uv": [ 11.75, 6.625, 12.5, 6.875 ], "texture": "#diamond_sword" }
    }
},
{
    "__comment": "Minecraft",
    "from": [ 7, 9.25, 4.625 ],
    "to": [ 7.125, 9.375, 5.5 ],
    "faces": {
        "down":  { "uv": [ 9, 5.5, 8.875, 4.625 ], "texture": "#texture" },
        "up":    { "uv": [ 7, 4.625, 7.125, 5.5 ], "texture": "#particle" },
        "north": { "uv": [ 8.875, 6.625, 9, 6.75 ], "texture": "#diamond_sword" },
        "south": { "uv": [ 7, 6.625, 7.125, 6.75 ], "texture": "#diamond_sword" },
        "west":  { "uv": [ 4.625, 6.625, 5.5, 6.75 ], "texture": "#diamond_sword" },
        "east":  { "uv": [ 10.5, 6.625, 11.375, 6.75 ], "texture": "#diamond_sword" }
    }
},
{
    "__comment": "Minecraft",
    "from": [ 7, 9, 5 ],
    "to": [ 9, 9.125, 5.25 ],
    "faces": {
        "down":  { "uv": [ 9, 5.25, 7, 5 ], "texture": "#texture" },
        "up":    { "uv": [ 7, 5, 9, 5.25 ], "texture": "#particle" },
        "north": { "uv": [ 7, 6.875, 9, 7 ], "texture": "#diamond_sword" },
        "south": { "uv": [ 7, 6.875, 9, 7 ], "texture": "#diamond_sword" },
        "west":  { "uv": [ 5, 6.875, 5.25, 7 ], "texture": "#diamond_sword" },
        "east":  { "uv": [ 10.75, 6.875, 11, 7 ], "texture": "#diamond_sword" }
    }
},
{
    "__comment": "Minecraft",
    "from": [ 7, 9.375, 5 ],
    "to": [ 7.125, 9.5, 5.25 ],
    "faces": {
        "down":  { "uv": [ 9, 5.25, 8.875, 5 ], "texture": "#texture" },
        "up":    { "uv": [ 7, 5, 7.125, 5.25 ], "texture": "#particle" },
        "north": { "uv": [ 8.875, 6.5, 9, 6.625 ], "texture": "#diamond_sword" },
        "south": { "uv": [ 7, 6.5, 7.125, 6.625 ], "texture": "#diamond_sword" },
        "west":  { "uv": [ 5, 6.5, 5.25, 6.625 ], "texture": "#diamond_sword" },
        "east":  { "uv": [ 10.75, 6.5, 11, 6.625 ], "texture": "#diamond_sword" }
    }
},
{
    "__comment": "Minecraft",
    "from": [ 7, 9.125, 5.25 ],
    "to": [ 9.125, 9.25, 5.5 ],
    "faces": {
        "down":  { "uv": [ 9, 5.5, 6.875, 5.25 ], "texture": "#texture" },
        "up":    { "uv": [ 7, 5.25, 9.125, 5.5 ], "texture": "#particle" },
        "north": { "uv": [ 6.875, 6.75, 9, 6.875 ], "texture": "#diamond_sword" },
        "south": { "uv": [ 7, 6.75, 9.125, 6.875 ], "texture": "#diamond_sword" },
        "west":  { "uv": [ 5.25, 6.75, 5.5, 6.875 ], "texture": "#diamond_sword" },
        "east":  { "uv": [ 10.5, 6.75, 10.75, 6.875 ], "texture": "#diamond_sword" }
    }
},
{
    "__comment": "Minecraft",
    "from": [ 7.125, 9.125, 3.5 ],
    "to": [ 7.25, 9.25, 4.25 ],
    "faces": {
        "down":  { "uv": [ 8.875, 4.25, 8.75, 3.5 ], "texture": "#texture" },
        "up":    { "uv": [ 7.125, 3.5, 7.25, 4.25 ], "texture": "#particle" },
        "north": { "uv": [ 8.75, 6.75, 8.875, 6.875 ], "texture": "#diamond_sword" },
        "south": { "uv": [ 7.125, 6.75, 7.25, 6.875 ], "texture": "#diamond_sword" },
        "west":  { "uv": [ 3.5, 6.75, 4.25, 6.875 ], "texture": "#diamond_sword" },
        "east":  { "uv": [ 11.75, 6.75, 12.5, 6.875 ], "texture": "#diamond_sword" }
    }
},
{
    "__comment": "Minecraft",
    "from": [ 7.125, 9.25, 3.75 ],
    "to": [ 7.25, 9.375, 4.5 ],
    "faces": {
        "down":  { "uv": [ 8.875, 4.5, 8.75, 3.75 ], "texture": "#texture" },
        "up":    { "uv": [ 7.125, 3.75, 7.25, 4.5 ], "texture": "#particle" },
        "north": { "uv": [ 8.75, 6.625, 8.875, 6.75 ], "texture": "#diamond_sword" },
        "south": { "uv": [ 7.125, 6.625, 7.25, 6.75 ], "texture": "#diamond_sword" },
        "west":  { "uv": [ 3.75, 6.625, 4.5, 6.75 ], "texture": "#diamond_sword" },
        "east":  { "uv": [ 11.5, 6.625, 12.25, 6.75 ], "texture": "#diamond_sword" }
    }
},
{
    "__comment": "Minecraft",
    "from": [ 7.125, 9.25, 4.875 ],
    "to": [ 7.25, 9.375, 5.875 ],
    "faces": {
        "down":  { "uv": [ 8.875, 5.875, 8.75, 4.875 ], "texture": "#texture" },
        "up":    { "uv": [ 7.125, 4.875, 7.25, 5.875 ], "texture": "#particle" },
        "north": { "uv": [ 8.75, 6.625, 8.875, 6.75 ], "texture": "#diamond_sword" },
        "south": { "uv": [ 7.125, 6.625, 7.25, 6.75 ], "texture": "#diamond_sword" },
        "west":  { "uv": [ 4.875, 6.625, 5.875, 6.75 ], "texture": "#diamond_sword" },
        "east":  { "uv": [ 10.125, 6.625, 11.125, 6.75 ], "texture": "#diamond_sword" }
    }
},
{
    "__comment": "Minecraft",
    "from": [ 7.125, 9.375, 5.125 ],
    "to": [ 7.25, 9.5, 5.375 ],
    "faces": {
        "down":  { "uv": [ 8.875, 5.375, 8.75, 5.125 ], "texture": "#texture" },
        "up":    { "uv": [ 7.125, 5.125, 7.25, 5.375 ], "texture": "#particle" },
        "north": { "uv": [ 8.75, 6.5, 8.875, 6.625 ], "texture": "#diamond_sword" },
        "south": { "uv": [ 7.125, 6.5, 7.25, 6.625 ], "texture": "#diamond_sword" },
        "west":  { "uv": [ 5.125, 6.5, 5.375, 6.625 ], "texture": "#diamond_sword" },
        "east":  { "uv": [ 10.625, 6.5, 10.875, 6.625 ], "texture": "#diamond_sword" }
    }
},
{
    "__comment": "Minecraft",
    "from": [ 7.125, 9, 5.25 ],
    "to": [ 8.875, 9.125, 5.375 ],
    "faces": {
        "down":  { "uv": [ 8.875, 5.375, 7.125, 5.25 ], "texture": "#texture" },
        "up":    { "uv": [ 7.125, 5.25, 8.875, 5.375 ], "texture": "#particle" },
        "north": { "uv": [ 7.125, 6.875, 8.875, 7 ], "texture": "#diamond_sword" },
        "south": { "uv": [ 7.125, 6.875, 8.875, 7 ], "texture": "#diamond_sword" },
        "west":  { "uv": [ 5.25, 6.875, 5.375, 7 ], "texture": "#diamond_sword" },
        "east":  { "uv": [ 10.625, 6.875, 10.75, 7 ], "texture": "#diamond_sword" }
    }
},
{
    "__comment": "Minecraft",
    "from": [ 7.125, 9.125, 5.5 ],
    "to": [ 9, 9.25, 5.875 ],
    "faces": {
        "down":  { "uv": [ 8.875, 5.875, 7, 5.5 ], "texture": "#texture" },
        "up":    { "uv": [ 7.125, 5.5, 9, 5.875 ], "texture": "#particle" },
        "north": { "uv": [ 7, 6.75, 8.875, 6.875 ], "texture": "#diamond_sword" },
        "south": { "uv": [ 7.125, 6.75, 9, 6.875 ], "texture": "#diamond_sword" },
        "west":  { "uv": [ 5.5, 6.75, 5.875, 6.875 ], "texture": "#diamond_sword" },
        "east":  { "uv": [ 10.125, 6.75, 10.5, 6.875 ], "texture": "#diamond_sword" }
    }
},
{
    "__comment": "Minecraft",
    "from": [ 7.25, 9.125, 3.875 ],
    "to": [ 9.5, 9.25, 4.25 ],
    "faces": {
        "down":  { "uv": [ 8.75, 4.25, 6.5, 3.875 ], "texture": "#texture" },
        "up":    { "uv": [ 7.25, 3.875, 9.5, 4.25 ], "texture": "#particle" },
        "north": { "uv": [ 6.5, 6.75, 8.75, 6.875 ], "texture": "#diamond_sword" },
        "south": { "uv": [ 7.25, 6.75, 9.5, 6.875 ], "texture": "#diamond_sword" },
        "west":  { "uv": [ 3.875, 6.75, 4.25, 6.875 ], "texture": "#diamond_sword" },
        "east":  { "uv": [ 11.75, 6.75, 12.125, 6.875 ], "texture": "#diamond_sword" }
    }
},
{
    "__comment": "Minecraft",
    "from": [ 7.25, 9.25, 4 ],
    "to": [ 7.375, 9.375, 4.75 ],
    "faces": {
        "down":  { "uv": [ 8.75, 4.75, 8.625, 4 ], "texture": "#texture" },
        "up":    { "uv": [ 7.25, 4, 7.375, 4.75 ], "texture": "#particle" },
        "north": { "uv": [ 8.625, 6.625, 8.75, 6.75 ], "texture": "#diamond_sword" },
        "south": { "uv": [ 7.25, 6.625, 7.375, 6.75 ], "texture": "#diamond_sword" },
        "west":  { "uv": [ 4, 6.625, 4.75, 6.75 ], "texture": "#diamond_sword" },
        "east":  { "uv": [ 11.25, 6.625, 12, 6.75 ], "texture": "#diamond_sword" }
    }
},
{
    "__comment": "Minecraft",
    "from": [ 7.25, 9.25, 5.125 ],
    "to": [ 8.625, 9.375, 6.25 ],
    "faces": {
        "down":  { "uv": [ 8.75, 6.25, 7.375, 5.125 ], "texture": "#texture" },
        "up":    { "uv": [ 7.25, 5.125, 8.625, 6.25 ], "texture": "#particle" },
        "north": { "uv": [ 7.375, 6.625, 8.75, 6.75 ], "texture": "#diamond_sword" },
        "south": { "uv": [ 7.25, 6.625, 8.625, 6.75 ], "texture": "#diamond_sword" },
        "west":  { "uv": [ 5.125, 6.625, 6.25, 6.75 ], "texture": "#diamond_sword" },
        "east":  { "uv": [ 9.75, 6.625, 10.875, 6.75 ], "texture": "#diamond_sword" }
    }
},
{
    "__comment": "Minecraft",
    "from": [ 7.25, 9.375, 5.25 ],
    "to": [ 8.625, 9.5, 5.875 ],
    "faces": {
        "down":  { "uv": [ 8.75, 5.875, 7.375, 5.25 ], "texture": "#texture" },
        "up":    { "uv": [ 7.25, 5.25, 8.625, 5.875 ], "texture": "#particle" },
        "north": { "uv": [ 7.375, 6.5, 8.75, 6.625 ], "texture": "#diamond_sword" },
        "south": { "uv": [ 7.25, 6.5, 8.625, 6.625 ], "texture": "#diamond_sword" },
        "west":  { "uv": [ 5.25, 6.5, 5.875, 6.625 ], "texture": "#diamond_sword" },
        "east":  { "uv": [ 10.125, 6.5, 10.75, 6.625 ], "texture": "#diamond_sword" }
    }
},
{
    "__comment": "Minecraft",
    "from": [ 7.25, 9, 5.375 ],
    "to": [ 8.75, 9.125, 5.875 ],
    "faces": {
        "down":  { "uv": [ 8.75, 5.875, 7.25, 5.375 ], "texture": "#texture" },
        "up":    { "uv": [ 7.25, 5.375, 8.75, 5.875 ], "texture": "#particle" },
        "north": { "uv": [ 7.25, 6.875, 8.75, 7 ], "texture": "#diamond_sword" },
        "south": { "uv": [ 7.25, 6.875, 8.75, 7 ], "texture": "#diamond_sword" },
        "west":  { "uv": [ 5.375, 6.875, 5.875, 7 ], "texture": "#diamond_sword" },
        "east":  { "uv": [ 10.125, 6.875, 10.625, 7 ], "texture": "#diamond_sword" }
    }
},
{
    "__comment": "Minecraft",
    "from": [ 7.25, 9.125, 5.875 ],
    "to": [ 8.875, 9.25, 6.25 ],
    "faces": {
        "down":  { "uv": [ 8.75, 6.25, 7.125, 5.875 ], "texture": "#texture" },
        "up":    { "uv": [ 7.25, 5.875, 8.875, 6.25 ], "texture": "#particle" },
        "north": { "uv": [ 7.125, 6.75, 8.75, 6.875 ], "texture": "#diamond_sword" },
        "south": { "uv": [ 7.25, 6.75, 8.875, 6.875 ], "texture": "#diamond_sword" },
        "west":  { "uv": [ 5.875, 6.75, 6.25, 6.875 ], "texture": "#diamond_sword" },
        "east":  { "uv": [ 9.75, 6.75, 10.125, 6.875 ], "texture": "#diamond_sword" }
    }
},
{
    "__comment": "Minecraft",
    "from": [ 7.375, 9.25, 4.25 ],
    "to": [ 8.25, 9.375, 5.125 ],
    "faces": {
        "down":  { "uv": [ 8.625, 5.125, 7.75, 4.25 ], "texture": "#texture" },
        "up":    { "uv": [ 7.375, 4.25, 8.25, 5.125 ], "texture": "#particle" },
        "north": { "uv": [ 7.75, 6.625, 8.625, 6.75 ], "texture": "#diamond_sword" },
        "south": { "uv": [ 7.375, 6.625, 8.25, 6.75 ], "texture": "#diamond_sword" },
        "west":  { "uv": [ 4.25, 6.625, 5.125, 6.75 ], "texture": "#diamond_sword" },
        "east":  { "uv": [ 10.875, 6.625, 11.75, 6.75 ], "texture": "#diamond_sword" }
    }
},
{
    "__comment": "Minecraft",
    "from": [ 7.375, 9.375, 5.125 ],
    "to": [ 8.875, 9.5, 5.25 ],
    "faces": {
        "down":  { "uv": [ 8.625, 5.25, 7.125, 5.125 ], "texture": "#texture" },
        "up":    { "uv": [ 7.375, 5.125, 8.875, 5.25 ], "texture": "#particle" },
        "north": { "uv": [ 7.125, 6.5, 8.625, 6.625 ], "texture": "#diamond_sword" },
        "south": { "uv": [ 7.375, 6.5, 8.875, 6.625 ], "texture": "#diamond_sword" },
        "west":  { "uv": [ 5.125, 6.5, 5.25, 6.625 ], "texture": "#diamond_sword" },
        "east":  { "uv": [ 10.75, 6.5, 10.875, 6.625 ], "texture": "#diamond_sword" }
    }
},
{
    "__comment": "Minecraft",
    "from": [ 7.375, 9, 5.875 ],
    "to": [ 8.75, 9.125, 6 ],
    "faces": {
        "down":  { "uv": [ 8.625, 6, 7.25, 5.875 ], "texture": "#texture" },
        "up":    { "uv": [ 7.375, 5.875, 8.75, 6 ], "texture": "#particle" },
        "north": { "uv": [ 7.25, 6.875, 8.625, 7 ], "texture": "#diamond_sword" },
        "south": { "uv": [ 7.375, 6.875, 8.75, 7 ], "texture": "#diamond_sword" },
        "west":  { "uv": [ 5.875, 6.875, 6, 7 ], "texture": "#diamond_sword" },
        "east":  { "uv": [ 10, 6.875, 10.125, 7 ], "texture": "#diamond_sword" }
    }
},
{
    "__comment": "Minecraft",
    "from": [ 7.375, 9.375, 5.875 ],
    "to": [ 8.5, 9.5, 6 ],
    "faces": {
        "down":  { "uv": [ 8.625, 6, 7.5, 5.875 ], "texture": "#texture" },
        "up":    { "uv": [ 7.375, 5.875, 8.5, 6 ], "texture": "#particle" },
        "north": { "uv": [ 7.5, 6.5, 8.625, 6.625 ], "texture": "#diamond_sword" },
        "south": { "uv": [ 7.375, 6.5, 8.5, 6.625 ], "texture": "#diamond_sword" },
        "west":  { "uv": [ 5.875, 6.5, 6, 6.625 ], "texture": "#diamond_sword" },
        "east":  { "uv": [ 10, 6.5, 10.125, 6.625 ], "texture": "#diamond_sword" }
    }
},
{
    "__comment": "Minecraft",
    "from": [ 7.375, 9.125, 6.25 ],
    "to": [ 8.5, 9.375, 8.875 ],
    "faces": {
        "down":  { "uv": [ 8.625, 8.875, 7.5, 6.25 ], "texture": "#texture" },
        "up":    { "uv": [ 7.375, 6.25, 8.5, 8.875 ], "texture": "#particle" },
        "north": { "uv": [ 7.5, 6.625, 8.625, 6.875 ], "texture": "#diamond_sword" },
        "south": { "uv": [ 7.375, 6.625, 8.5, 6.875 ], "texture": "#diamond_sword" },
        "west":  { "uv": [ 6.25, 6.625, 8.875, 6.875 ], "texture": "#diamond_sword" },
        "east":  { "uv": [ 7.125, 6.625, 9.75, 6.875 ], "texture": "#diamond_sword" }
    }
},
{
    "__comment": "Minecraft",
    "from": [ 7.5, 9.25, 4 ],
    "to": [ 8.5, 9.375, 4.25 ],
    "faces": {
        "down":  { "uv": [ 8.5, 4.25, 7.5, 4 ], "texture": "#texture" },
        "up":    { "uv": [ 7.5, 4, 8.5, 4.25 ], "texture": "#particle" },
        "north": { "uv": [ 7.5, 6.625, 8.5, 6.75 ], "texture": "#diamond_sword" },
        "south": { "uv": [ 7.5, 6.625, 8.5, 6.75 ], "texture": "#diamond_sword" },
        "west":  { "uv": [ 4, 6.625, 4.25, 6.75 ], "texture": "#diamond_sword" },
        "east":  { "uv": [ 11.75, 6.625, 12, 6.75 ], "texture": "#diamond_sword" }
    }
},
{
    "__comment": "Minecraft",
    "from": [ 7.5, 9, 4.125 ],
    "to": [ 9.25, 9.125, 4.375 ],
    "faces": {
        "down":  { "uv": [ 8.5, 4.375, 6.75, 4.125 ], "texture": "#texture" },
        "up":    { "uv": [ 7.5, 4.125, 9.25, 4.375 ], "texture": "#particle" },
        "north": { "uv": [ 6.75, 6.875, 8.5, 7 ], "texture": "#diamond_sword" },
        "south": { "uv": [ 7.5, 6.875, 9.25, 7 ], "texture": "#diamond_sword" },
        "west":  { "uv": [ 4.125, 6.875, 4.375, 7 ], "texture": "#diamond_sword" },
        "east":  { "uv": [ 11.625, 6.875, 11.875, 7 ], "texture": "#diamond_sword" }
    }
},
{
    "__comment": "Minecraft",
    "from": [ 7.5, 9.375, 4.125 ],
    "to": [ 7.75, 9.5, 4.375 ],
    "faces": {
        "down":  { "uv": [ 8.5, 4.375, 8.25, 4.125 ], "texture": "#texture" },
        "up":    { "uv": [ 7.5, 4.125, 7.75, 4.375 ], "texture": "#particle" },
        "north": { "uv": [ 8.25, 6.5, 8.5, 6.625 ], "texture": "#diamond_sword" },
        "south": { "uv": [ 7.5, 6.5, 7.75, 6.625 ], "texture": "#diamond_sword" },
        "west":  { "uv": [ 4.125, 6.5, 4.375, 6.625 ], "texture": "#diamond_sword" },
        "east":  { "uv": [ 11.625, 6.5, 11.875, 6.625 ], "texture": "#diamond_sword" }
    }
},
{
    "__comment": "Minecraft",
    "from": [ 7.5, 8.875, 4.25 ],
    "to": [ 8.5, 9, 4.375 ],
    "faces": {
        "down":  { "uv": [ 8.5, 4.375, 7.5, 4.25 ], "texture": "#texture" },
        "up":    { "uv": [ 7.5, 4.25, 8.5, 4.375 ], "texture": "#particle" },
        "north": { "uv": [ 7.5, 7, 8.5, 7.125 ], "texture": "#diamond_sword" },
        "south": { "uv": [ 7.5, 7, 8.5, 7.125 ], "texture": "#diamond_sword" },
        "west":  { "uv": [ 4.25, 7, 4.375, 7.125 ], "texture": "#diamond_sword" },
        "east":  { "uv": [ 11.625, 7, 11.75, 7.125 ], "texture": "#diamond_sword" }
    }
},
{
    "__comment": "Minecraft",
    "from": [ 7.5, 9.5, 4.25 ],
    "to": [ 7.75, 9.625, 4.375 ],
    "faces": {
        "down":  { "uv": [ 8.5, 4.375, 8.25, 4.25 ], "texture": "#texture" },
        "up":    { "uv": [ 7.5, 4.25, 7.75, 4.375 ], "texture": "#particle" },
        "north": { "uv": [ 8.25, 6.375, 8.5, 6.5 ], "texture": "#diamond_sword" },
        "south": { "uv": [ 7.5, 6.375, 7.75, 6.5 ], "texture": "#diamond_sword" },
        "west":  { "uv": [ 4.25, 6.375, 4.375, 6.5 ], "texture": "#diamond_sword" },
        "east":  { "uv": [ 11.625, 6.375, 11.75, 6.5 ], "texture": "#diamond_sword" }
    }
},
{
    "__comment": "Minecraft",
    "from": [ 7.5, 9, 4.625 ],
    "to": [ 9, 9.125, 5 ],
    "faces": {
        "down":  { "uv": [ 8.5, 5, 7, 4.625 ], "texture": "#texture" },
        "up":    { "uv": [ 7.5, 4.625, 9, 5 ], "texture": "#particle" },
        "north": { "uv": [ 7, 6.875, 8.5, 7 ], "texture": "#diamond_sword" },
        "south": { "uv": [ 7.5, 6.875, 9, 7 ], "texture": "#diamond_sword" },
        "west":  { "uv": [ 4.625, 6.875, 5, 7 ], "texture": "#diamond_sword" },
        "east":  { "uv": [ 11, 6.875, 11.375, 7 ], "texture": "#diamond_sword" }
    }
},
{
    "__comment": "Minecraft",
    "from": [ 7.5, 9.375, 4.625 ],
    "to": [ 8.5, 9.5, 5.125 ],
    "faces": {
        "down":  { "uv": [ 8.5, 5.125, 7.5, 4.625 ], "texture": "#texture" },
        "up":    { "uv": [ 7.5, 4.625, 8.5, 5.125 ], "texture": "#particle" },
        "north": { "uv": [ 7.5, 6.5, 8.5, 6.625 ], "texture": "#diamond_sword" },
        "south": { "uv": [ 7.5, 6.5, 8.5, 6.625 ], "texture": "#diamond_sword" },
        "west":  { "uv": [ 4.625, 6.5, 5.125, 6.625 ], "texture": "#diamond_sword" },
        "east":  { "uv": [ 10.875, 6.5, 11.375, 6.625 ], "texture": "#diamond_sword" }
    }
},
{
    "__comment": "Minecraft",
    "from": [ 7.5, 9, 6 ],
    "to": [ 8.625, 9.125, 6.125 ],
    "faces": {
        "down":  { "uv": [ 8.5, 6.125, 7.375, 6 ], "texture": "#texture" },
        "up":    { "uv": [ 7.5, 6, 8.625, 6.125 ], "texture": "#particle" },
        "north": { "uv": [ 7.375, 6.875, 8.5, 7 ], "texture": "#diamond_sword" },
        "south": { "uv": [ 7.5, 6.875, 8.625, 7 ], "texture": "#diamond_sword" },
        "west":  { "uv": [ 6, 6.875, 6.125, 7 ], "texture": "#diamond_sword" },
        "east":  { "uv": [ 9.875, 6.875, 10, 7 ], "texture": "#diamond_sword" }
    }
},
{
    "__comment": "Minecraft",
    "from": [ 7.5, 9.375, 6 ],
    "to": [ 8.375, 9.5, 6.125 ],
    "faces": {
        "down":  { "uv": [ 8.5, 6.125, 7.625, 6 ], "texture": "#texture" },
        "up":    { "uv": [ 7.5, 6, 8.375, 6.125 ], "texture": "#particle" },
        "north": { "uv": [ 7.625, 6.5, 8.5, 6.625 ], "texture": "#diamond_sword" },
        "south": { "uv": [ 7.5, 6.5, 8.375, 6.625 ], "texture": "#diamond_sword" },
        "west":  { "uv": [ 6, 6.5, 6.125, 6.625 ], "texture": "#diamond_sword" },
        "east":  { "uv": [ 9.875, 6.5, 10, 6.625 ], "texture": "#diamond_sword" }
    }
},
{
    "__comment": "Minecraft",
    "from": [ 7.5, 9.125, 8.875 ],
    "to": [ 8.375, 9.375, 12.375 ],
    "faces": {
        "down":  { "uv": [ 8.5, 12.375, 7.625, 8.875 ], "texture": "#texture" },
        "up":    { "uv": [ 7.5, 8.875, 8.375, 12.375 ], "texture": "#particle" },
        "north": { "uv": [ 7.625, 6.625, 8.5, 6.875 ], "texture": "#diamond_sword" },
        "south": { "uv": [ 7.5, 6.625, 8.375, 6.875 ], "texture": "#diamond_sword" },
        "west":  { "uv": [ 8.875, 6.625, 12.375, 6.875 ], "texture": "#diamond_sword" },
        "east":  { "uv": [ 3.625, 6.625, 7.125, 6.875 ], "texture": "#diamond_sword" }
    }
},
{
    "__comment": "Minecraft",
    "from": [ 7.625, 9.125, 0.875 ],
    "to": [ 8.25, 9.375, 1.125 ],
    "faces": {
        "down":  { "uv": [ 8.375, 1.125, 7.75, 0.875 ], "texture": "#texture" },
        "up":    { "uv": [ 7.625, 0.875, 8.25, 1.125 ], "texture": "#particle" },
        "north": { "uv": [ 7.75, 6.625, 8.375, 6.875 ], "texture": "#diamond_sword" },
        "south": { "uv": [ 7.625, 6.625, 8.25, 6.875 ], "texture": "#diamond_sword" },
        "west":  { "uv": [ 0.875, 6.625, 1.125, 6.875 ], "texture": "#diamond_sword" },
        "east":  { "uv": [ 14.875, 6.625, 15.125, 6.875 ], "texture": "#diamond_sword" }
    }
},
{
    "__comment": "Minecraft",
    "from": [ 7.625, 9.125, 3.625 ],
    "to": [ 8.375, 9.25, 3.875 ],
    "faces": {
        "down":  { "uv": [ 8.375, 3.875, 7.625, 3.625 ], "texture": "#texture" },
        "up":    { "uv": [ 7.625, 3.625, 8.375, 3.875 ], "texture": "#particle" },
        "north": { "uv": [ 7.625, 6.75, 8.375, 6.875 ], "texture": "#diamond_sword" },
        "south": { "uv": [ 7.625, 6.75, 8.375, 6.875 ], "texture": "#diamond_sword" },
        "west":  { "uv": [ 3.625, 6.75, 3.875, 6.875 ], "texture": "#diamond_sword" },
        "east":  { "uv": [ 12.125, 6.75, 12.375, 6.875 ], "texture": "#diamond_sword" }
    }
},
{
    "__comment": "Minecraft",
    "from": [ 7.625, 9, 4.5 ],
    "to": [ 9.25, 9.125, 4.625 ],
    "faces": {
        "down":  { "uv": [ 8.375, 4.625, 6.75, 4.5 ], "texture": "#texture" },
        "up":    { "uv": [ 7.625, 4.5, 9.25, 4.625 ], "texture": "#particle" },
        "north": { "uv": [ 6.75, 6.875, 8.375, 7 ], "texture": "#diamond_sword" },
        "south": { "uv": [ 7.625, 6.875, 9.25, 7 ], "texture": "#diamond_sword" },
        "west":  { "uv": [ 4.5, 6.875, 4.625, 7 ], "texture": "#diamond_sword" },
        "east":  { "uv": [ 11.375, 6.875, 11.5, 7 ], "texture": "#diamond_sword" }
    }
},
{
    "__comment": "Minecraft",
    "from": [ 7.625, 9.375, 4.5 ],
    "to": [ 8.375, 9.5, 4.625 ],
    "faces": {
        "down":  { "uv": [ 8.375, 4.625, 7.625, 4.5 ], "texture": "#texture" },
        "up":    { "uv": [ 7.625, 4.5, 8.375, 4.625 ], "texture": "#particle" },
        "north": { "uv": [ 7.625, 6.5, 8.375, 6.625 ], "texture": "#diamond_sword" },
        "south": { "uv": [ 7.625, 6.5, 8.375, 6.625 ], "texture": "#diamond_sword" },
        "west":  { "uv": [ 4.5, 6.5, 4.625, 6.625 ], "texture": "#diamond_sword" },
        "east":  { "uv": [ 11.375, 6.5, 11.5, 6.625 ], "texture": "#diamond_sword" }
    }
},
{
    "__comment": "Minecraft",
    "from": [ 7.625, 8.875, 4.625 ],
    "to": [ 8.5, 9, 4.875 ],
    "faces": {
        "down":  { "uv": [ 8.375, 4.875, 7.5, 4.625 ], "texture": "#texture" },
        "up":    { "uv": [ 7.625, 4.625, 8.5, 4.875 ], "texture": "#particle" },
        "north": { "uv": [ 7.5, 7, 8.375, 7.125 ], "texture": "#diamond_sword" },
        "south": { "uv": [ 7.625, 7, 8.5, 7.125 ], "texture": "#diamond_sword" },
        "west":  { "uv": [ 4.625, 7, 4.875, 7.125 ], "texture": "#diamond_sword" },
        "east":  { "uv": [ 11.125, 7, 11.375, 7.125 ], "texture": "#diamond_sword" }
    }
},
{
    "__comment": "Minecraft",
    "from": [ 7.625, 9.5, 4.625 ],
    "to": [ 8.25, 9.625, 4.875 ],
    "faces": {
        "down":  { "uv": [ 8.375, 4.875, 7.75, 4.625 ], "texture": "#texture" },
        "up":    { "uv": [ 7.625, 4.625, 8.25, 4.875 ], "texture": "#particle" },
        "north": { "uv": [ 7.75, 6.375, 8.375, 6.5 ], "texture": "#diamond_sword" },
        "south": { "uv": [ 7.625, 6.375, 8.25, 6.5 ], "texture": "#diamond_sword" },
        "west":  { "uv": [ 4.625, 6.375, 4.875, 6.5 ], "texture": "#diamond_sword" },
        "east":  { "uv": [ 11.125, 6.375, 11.375, 6.5 ], "texture": "#diamond_sword" }
    }
},
{
    "__comment": "Minecraft",
    "from": [ 7.625, 8.875, 5.125 ],
    "to": [ 8.75, 9, 5.375 ],
    "faces": {
        "down":  { "uv": [ 8.375, 5.375, 7.25, 5.125 ], "texture": "#texture" },
        "up":    { "uv": [ 7.625, 5.125, 8.75, 5.375 ], "texture": "#particle" },
        "north": { "uv": [ 7.25, 7, 8.375, 7.125 ], "texture": "#diamond_sword" },
        "south": { "uv": [ 7.625, 7, 8.75, 7.125 ], "texture": "#diamond_sword" },
        "west":  { "uv": [ 5.125, 7, 5.375, 7.125 ], "texture": "#diamond_sword" },
        "east":  { "uv": [ 10.625, 7, 10.875, 7.125 ], "texture": "#diamond_sword" }
    }
},
{
    "__comment": "Minecraft",
    "from": [ 7.625, 9.5, 5.125 ],
    "to": [ 8.25, 9.625, 5.375 ],
    "faces": {
        "down":  { "uv": [ 8.375, 5.375, 7.75, 5.125 ], "texture": "#texture" },
        "up":    { "uv": [ 7.625, 5.125, 8.25, 5.375 ], "texture": "#particle" },
        "north": { "uv": [ 7.75, 6.375, 8.375, 6.5 ], "texture": "#diamond_sword" },
        "south": { "uv": [ 7.625, 6.375, 8.25, 6.5 ], "texture": "#diamond_sword" },
        "west":  { "uv": [ 5.125, 6.375, 5.375, 6.5 ], "texture": "#diamond_sword" },
        "east":  { "uv": [ 10.625, 6.375, 10.875, 6.5 ], "texture": "#diamond_sword" }
    }
},
{
    "__comment": "Minecraft",
    "from": [ 7.625, 9, 6.125 ],
    "to": [ 8.5, 9.125, 7.375 ],
    "faces": {
        "down":  { "uv": [ 8.375, 7.375, 7.5, 6.125 ], "texture": "#texture" },
        "up":    { "uv": [ 7.625, 6.125, 8.5, 7.375 ], "texture": "#particle" },
        "north": { "uv": [ 7.5, 6.875, 8.375, 7 ], "texture": "#diamond_sword" },
        "south": { "uv": [ 7.625, 6.875, 8.5, 7 ], "texture": "#diamond_sword" },
        "west":  { "uv": [ 6.125, 6.875, 7.375, 7 ], "texture": "#diamond_sword" },
        "east":  { "uv": [ 8.625, 6.875, 9.875, 7 ], "texture": "#diamond_sword" }
    }
},
{
    "__comment": "Minecraft",
    "from": [ 7.625, 9.375, 6.125 ],
    "to": [ 8.25, 9.5, 7.375 ],
    "faces": {
        "down":  { "uv": [ 8.375, 7.375, 7.75, 6.125 ], "texture": "#texture" },
        "up":    { "uv": [ 7.625, 6.125, 8.25, 7.375 ], "texture": "#particle" },
        "north": { "uv": [ 7.75, 6.5, 8.375, 6.625 ], "texture": "#diamond_sword" },
        "south": { "uv": [ 7.625, 6.5, 8.25, 6.625 ], "texture": "#diamond_sword" },
        "west":  { "uv": [ 6.125, 6.5, 7.375, 6.625 ], "texture": "#diamond_sword" },
        "east":  { "uv": [ 8.625, 6.5, 9.875, 6.625 ], "texture": "#diamond_sword" }
    }
},
{
    "__comment": "Minecraft",
    "from": [ 7.625, 9.125, 12.375 ],
    "to": [ 8.25, 9.375, 14.5 ],
    "faces": {
        "down":  { "uv": [ 8.375, 14.5, 7.75, 12.375 ], "texture": "#texture" },
        "up":    { "uv": [ 7.625, 12.375, 8.25, 14.5 ], "texture": "#particle" },
        "north": { "uv": [ 7.75, 6.625, 8.375, 6.875 ], "texture": "#diamond_sword" },
        "south": { "uv": [ 7.625, 6.625, 8.25, 6.875 ], "texture": "#diamond_sword" },
        "west":  { "uv": [ 12.375, 6.625, 14.5, 6.875 ], "texture": "#diamond_sword" },
        "east":  { "uv": [ 1.5, 6.625, 3.625, 6.875 ], "texture": "#diamond_sword" }
    }
},
{
    "__comment": "Minecraft",
    "from": [ 7.75, 9.125, 0.625 ],
    "to": [ 8.125, 9.375, 0.875 ],
    "faces": {
        "down":  { "uv": [ 8.25, 0.875, 7.875, 0.625 ], "texture": "#texture" },
        "up":    { "uv": [ 7.75, 0.625, 8.125, 0.875 ], "texture": "#particle" },
        "north": { "uv": [ 7.875, 6.625, 8.25, 6.875 ], "texture": "#diamond_sword" },
        "south": { "uv": [ 7.75, 6.625, 8.125, 6.875 ], "texture": "#diamond_sword" },
        "west":  { "uv": [ 0.625, 6.625, 0.875, 6.875 ], "texture": "#diamond_sword" },
        "east":  { "uv": [ 15.125, 6.625, 15.375, 6.875 ], "texture": "#diamond_sword" }
    }
},
{
    "__comment": "Minecraft",
    "from": [ 7.75, 9, 0.875 ],
    "to": [ 8.25, 9.125, 1.125 ],
    "faces": {
        "down":  { "uv": [ 8.25, 1.125, 7.75, 0.875 ], "texture": "#texture" },
        "up":    { "uv": [ 7.75, 0.875, 8.25, 1.125 ], "texture": "#particle" },
        "north": { "uv": [ 7.75, 6.875, 8.25, 7 ], "texture": "#diamond_sword" },
        "south": { "uv": [ 7.75, 6.875, 8.25, 7 ], "texture": "#diamond_sword" },
        "west":  { "uv": [ 0.875, 6.875, 1.125, 7 ], "texture": "#diamond_sword" },
        "east":  { "uv": [ 14.875, 6.875, 15.125, 7 ], "texture": "#diamond_sword" }
    }
},
{
    "__comment": "Minecraft",
    "from": [ 7.75, 9.375, 0.875 ],
    "to": [ 8.125, 9.5, 1.125 ],
    "faces": {
        "down":  { "uv": [ 8.25, 1.125, 7.875, 0.875 ], "texture": "#texture" },
        "up":    { "uv": [ 7.75, 0.875, 8.125, 1.125 ], "texture": "#particle" },
        "north": { "uv": [ 7.875, 6.5, 8.25, 6.625 ], "texture": "#diamond_sword" },
        "south": { "uv": [ 7.75, 6.5, 8.125, 6.625 ], "texture": "#diamond_sword" },
        "west":  { "uv": [ 0.875, 6.5, 1.125, 6.625 ], "texture": "#diamond_sword" },
        "east":  { "uv": [ 14.875, 6.5, 15.125, 6.625 ], "texture": "#diamond_sword" }
    }
},
{
    "__comment": "Minecraft",
    "from": [ 7.75, 9.125, 1.125 ],
    "to": [ 8.125, 9.375, 1.375 ],
    "faces": {
        "down":  { "uv": [ 8.25, 1.375, 7.875, 1.125 ], "texture": "#texture" },
        "up":    { "uv": [ 7.75, 1.125, 8.125, 1.375 ], "texture": "#particle" },
        "north": { "uv": [ 7.875, 6.625, 8.25, 6.875 ], "texture": "#diamond_sword" },
        "south": { "uv": [ 7.75, 6.625, 8.125, 6.875 ], "texture": "#diamond_sword" },
        "west":  { "uv": [ 1.125, 6.625, 1.375, 6.875 ], "texture": "#diamond_sword" },
        "east":  { "uv": [ 14.625, 6.625, 14.875, 6.875 ], "texture": "#diamond_sword" }
    }
},
{
    "__comment": "Minecraft",
    "from": [ 7.75, 9.125, 3.5 ],
    "to": [ 8.25, 9.25, 3.625 ],
    "faces": {
        "down":  { "uv": [ 8.25, 3.625, 7.75, 3.5 ], "texture": "#texture" },
        "up":    { "uv": [ 7.75, 3.5, 8.25, 3.625 ], "texture": "#particle" },
        "north": { "uv": [ 7.75, 6.75, 8.25, 6.875 ], "texture": "#diamond_sword" },
        "south": { "uv": [ 7.75, 6.75, 8.25, 6.875 ], "texture": "#diamond_sword" },
        "west":  { "uv": [ 3.5, 6.75, 3.625, 6.875 ], "texture": "#diamond_sword" },
        "east":  { "uv": [ 12.375, 6.75, 12.5, 6.875 ], "texture": "#diamond_sword" }
    }
},
{
    "__comment": "Minecraft",
    "from": [ 7.75, 9.25, 3.875 ],
    "to": [ 8.25, 9.375, 4 ],
    "faces": {
        "down":  { "uv": [ 8.25, 4, 7.75, 3.875 ], "texture": "#texture" },
        "up":    { "uv": [ 7.75, 3.875, 8.25, 4 ], "texture": "#particle" },
        "north": { "uv": [ 7.75, 6.625, 8.25, 6.75 ], "texture": "#diamond_sword" },
        "south": { "uv": [ 7.75, 6.625, 8.25, 6.75 ], "texture": "#diamond_sword" },
        "west":  { "uv": [ 3.875, 6.625, 4, 6.75 ], "texture": "#diamond_sword" },
        "east":  { "uv": [ 12, 6.625, 12.125, 6.75 ], "texture": "#diamond_sword" }
    }
},
{
    "__comment": "Minecraft",
    "from": [ 7.75, 9, 4 ],
    "to": [ 8.5, 9.125, 4.125 ],
    "faces": {
        "down":  { "uv": [ 8.25, 4.125, 7.5, 4 ], "texture": "#texture" },
        "up":    { "uv": [ 7.75, 4, 8.5, 4.125 ], "texture": "#particle" },
        "north": { "uv": [ 7.5, 6.875, 8.25, 7 ], "texture": "#diamond_sword" },
        "south": { "uv": [ 7.75, 6.875, 8.5, 7 ], "texture": "#diamond_sword" },
        "west":  { "uv": [ 4, 6.875, 4.125, 7 ], "texture": "#diamond_sword" },
        "east":  { "uv": [ 11.875, 6.875, 12, 7 ], "texture": "#diamond_sword" }
    }
},
{
    "__comment": "Minecraft",
    "from": [ 7.75, 9.375, 4 ],
    "to": [ 8.25, 9.5, 4.25 ],
    "faces": {
        "down":  { "uv": [ 8.25, 4.25, 7.75, 4 ], "texture": "#texture" },
        "up":    { "uv": [ 7.75, 4, 8.25, 4.25 ], "texture": "#particle" },
        "north": { "uv": [ 7.75, 6.5, 8.25, 6.625 ], "texture": "#diamond_sword" },
        "south": { "uv": [ 7.75, 6.5, 8.25, 6.625 ], "texture": "#diamond_sword" },
        "west":  { "uv": [ 4, 6.5, 4.25, 6.625 ], "texture": "#diamond_sword" },
        "east":  { "uv": [ 11.75, 6.5, 12, 6.625 ], "texture": "#diamond_sword" }
    }
},
{
    "__comment": "Minecraft",
    "from": [ 7.75, 8.875, 4.125 ],
    "to": [ 8.5, 9, 4.25 ],
    "faces": {
        "down":  { "uv": [ 8.25, 4.25, 7.5, 4.125 ], "texture": "#texture" },
        "up":    { "uv": [ 7.75, 4.125, 8.5, 4.25 ], "texture": "#particle" },
        "north": { "uv": [ 7.5, 7, 8.25, 7.125 ], "texture": "#diamond_sword" },
        "south": { "uv": [ 7.75, 7, 8.5, 7.125 ], "texture": "#diamond_sword" },
        "west":  { "uv": [ 4.125, 7, 4.25, 7.125 ], "texture": "#diamond_sword" },
        "east":  { "uv": [ 11.75, 7, 11.875, 7.125 ], "texture": "#diamond_sword" }
    }
},
{
    "__comment": "Minecraft",
    "from": [ 7.75, 9.5, 4.125 ],
    "to": [ 8.125, 9.625, 4.25 ],
    "faces": {
        "down":  { "uv": [ 8.25, 4.25, 7.875, 4.125 ], "texture": "#texture" },
        "up":    { "uv": [ 7.75, 4.125, 8.125, 4.25 ], "texture": "#particle" },
        "north": { "uv": [ 7.875, 6.375, 8.25, 6.5 ], "texture": "#diamond_sword" },
        "south": { "uv": [ 7.75, 6.375, 8.125, 6.5 ], "texture": "#diamond_sword" },
        "west":  { "uv": [ 4.125, 6.375, 4.25, 6.5 ], "texture": "#diamond_sword" },
        "east":  { "uv": [ 11.75, 6.375, 11.875, 6.5 ], "texture": "#diamond_sword" }
    }
},
{
    "__comment": "Minecraft",
    "from": [ 7.75, 9, 4.375 ],
    "to": [ 9.25, 9.125, 4.5 ],
    "faces": {
        "down":  { "uv": [ 8.25, 4.5, 6.75, 4.375 ], "texture": "#texture" },
        "up":    { "uv": [ 7.75, 4.375, 9.25, 4.5 ], "texture": "#particle" },
        "north": { "uv": [ 6.75, 6.875, 8.25, 7 ], "texture": "#diamond_sword" },
        "south": { "uv": [ 7.75, 6.875, 9.25, 7 ], "texture": "#diamond_sword" },
        "west":  { "uv": [ 4.375, 6.875, 4.5, 7 ], "texture": "#diamond_sword" },
        "east":  { "uv": [ 11.5, 6.875, 11.625, 7 ], "texture": "#diamond_sword" }
    }
},
{
    "__comment": "Minecraft",
    "from": [ 7.75, 9.375, 4.375 ],
    "to": [ 8.25, 9.5, 4.5 ],
    "faces": {
        "down":  { "uv": [ 8.25, 4.5, 7.75, 4.375 ], "texture": "#texture" },
        "up":    { "uv": [ 7.75, 4.375, 8.25, 4.5 ], "texture": "#particle" },
        "north": { "uv": [ 7.75, 6.5, 8.25, 6.625 ], "texture": "#diamond_sword" },
        "south": { "uv": [ 7.75, 6.5, 8.25, 6.625 ], "texture": "#diamond_sword" },
        "west":  { "uv": [ 4.375, 6.5, 4.5, 6.625 ], "texture": "#diamond_sword" },
        "east":  { "uv": [ 11.5, 6.5, 11.625, 6.625 ], "texture": "#diamond_sword" }
    }
},
{
    "__comment": "Minecraft",
    "from": [ 7.75, 8.875, 4.5 ],
    "to": [ 8.5, 9, 4.625 ],
    "faces": {
        "down":  { "uv": [ 8.25, 4.625, 7.5, 4.5 ], "texture": "#texture" },
        "up":    { "uv": [ 7.75, 4.5, 8.5, 4.625 ], "texture": "#particle" },
        "north": { "uv": [ 7.5, 7, 8.25, 7.125 ], "texture": "#diamond_sword" },
        "south": { "uv": [ 7.75, 7, 8.5, 7.125 ], "texture": "#diamond_sword" },
        "west":  { "uv": [ 4.5, 7, 4.625, 7.125 ], "texture": "#diamond_sword" },
        "east":  { "uv": [ 11.375, 7, 11.5, 7.125 ], "texture": "#diamond_sword" }
    }
},
{
    "__comment": "Minecraft",
    "from": [ 7.75, 9.5, 4.5 ],
    "to": [ 8.125, 9.625, 4.625 ],
    "faces": {
        "down":  { "uv": [ 8.25, 4.625, 7.875, 4.5 ], "texture": "#texture" },
        "up":    { "uv": [ 7.75, 4.5, 8.125, 4.625 ], "texture": "#particle" },
        "north": { "uv": [ 7.875, 6.375, 8.25, 6.5 ], "texture": "#diamond_sword" },
        "south": { "uv": [ 7.75, 6.375, 8.125, 6.5 ], "texture": "#diamond_sword" },
        "west":  { "uv": [ 4.5, 6.375, 4.625, 6.5 ], "texture": "#diamond_sword" },
        "east":  { "uv": [ 11.375, 6.375, 11.5, 6.5 ], "texture": "#diamond_sword" }
    }
},
{
    "__comment": "Minecraft",
    "from": [ 7.75, 8.875, 4.875 ],
    "to": [ 8.875, 9, 5 ],
    "faces": {
        "down":  { "uv": [ 8.25, 5, 7.125, 4.875 ], "texture": "#texture" },
        "up":    { "uv": [ 7.75, 4.875, 8.875, 5 ], "texture": "#particle" },
        "north": { "uv": [ 7.125, 7, 8.25, 7.125 ], "texture": "#diamond_sword" },
        "south": { "uv": [ 7.75, 7, 8.875, 7.125 ], "texture": "#diamond_sword" },
        "west":  { "uv": [ 4.875, 7, 5, 7.125 ], "texture": "#diamond_sword" },
        "east":  { "uv": [ 11, 7, 11.125, 7.125 ], "texture": "#diamond_sword" }
    }
},
{
    "__comment": "Minecraft",
    "from": [ 7.75, 9.5, 4.875 ],
    "to": [ 8.125, 9.625, 5 ],
    "faces": {
        "down":  { "uv": [ 8.25, 5, 7.875, 4.875 ], "texture": "#texture" },
        "up":    { "uv": [ 7.75, 4.875, 8.125, 5 ], "texture": "#particle" },
        "north": { "uv": [ 7.875, 6.375, 8.25, 6.5 ], "texture": "#diamond_sword" },
        "south": { "uv": [ 7.75, 6.375, 8.125, 6.5 ], "texture": "#diamond_sword" },
        "west":  { "uv": [ 4.875, 6.375, 5, 6.5 ], "texture": "#diamond_sword" },
        "east":  { "uv": [ 11, 6.375, 11.125, 6.5 ], "texture": "#diamond_sword" }
    }
},
{
    "__comment": "Minecraft",
    "from": [ 7.75, 8.75, 5.125 ],
    "to": [ 8.25, 8.875, 5.375 ],
    "faces": {
        "down":  { "uv": [ 8.25, 5.375, 7.75, 5.125 ], "texture": "#texture" },
        "up":    { "uv": [ 7.75, 5.125, 8.25, 5.375 ], "texture": "#particle" },
        "north": { "uv": [ 7.75, 7.125, 8.25, 7.25 ], "texture": "#diamond_sword" },
        "south": { "uv": [ 7.75, 7.125, 8.25, 7.25 ], "texture": "#diamond_sword" },
        "west":  { "uv": [ 5.125, 7.125, 5.375, 7.25 ], "texture": "#diamond_sword" },
        "east":  { "uv": [ 10.625, 7.125, 10.875, 7.25 ], "texture": "#diamond_sword" }
    }
},
{
    "__comment": "Minecraft",
    "from": [ 7.75, 9.625, 5.125 ],
    "to": [ 8.125, 9.75, 5.375 ],
    "faces": {
        "down":  { "uv": [ 8.25, 5.375, 7.875, 5.125 ], "texture": "#texture" },
        "up":    { "uv": [ 7.75, 5.125, 8.125, 5.375 ], "texture": "#particle" },
        "north": { "uv": [ 7.875, 6.25, 8.25, 6.375 ], "texture": "#diamond_sword" },
        "south": { "uv": [ 7.75, 6.25, 8.125, 6.375 ], "texture": "#diamond_sword" },
        "west":  { "uv": [ 5.125, 6.25, 5.375, 6.375 ], "texture": "#diamond_sword" },
        "east":  { "uv": [ 10.625, 6.25, 10.875, 6.375 ], "texture": "#diamond_sword" }
    }
},
{
    "__comment": "Minecraft",
    "from": [ 7.75, 8.875, 5.375 ],
    "to": [ 8.625, 9, 5.5 ],
    "faces": {
        "down":  { "uv": [ 8.25, 5.5, 7.375, 5.375 ], "texture": "#texture" },
        "up":    { "uv": [ 7.75, 5.375, 8.625, 5.5 ], "texture": "#particle" },
        "north": { "uv": [ 7.375, 7, 8.25, 7.125 ], "texture": "#diamond_sword" },
        "south": { "uv": [ 7.75, 7, 8.625, 7.125 ], "texture": "#diamond_sword" },
        "west":  { "uv": [ 5.375, 7, 5.5, 7.125 ], "texture": "#diamond_sword" },
        "east":  { "uv": [ 10.5, 7, 10.625, 7.125 ], "texture": "#diamond_sword" }
    }
},
{
    "__comment": "Minecraft",
    "from": [ 7.75, 9.5, 5.375 ],
    "to": [ 8.125, 9.625, 5.5 ],
    "faces": {
        "down":  { "uv": [ 8.25, 5.5, 7.875, 5.375 ], "texture": "#texture" },
        "up":    { "uv": [ 7.75, 5.375, 8.125, 5.5 ], "texture": "#particle" },
        "north": { "uv": [ 7.875, 6.375, 8.25, 6.5 ], "texture": "#diamond_sword" },
        "south": { "uv": [ 7.75, 6.375, 8.125, 6.5 ], "texture": "#diamond_sword" },
        "west":  { "uv": [ 5.375, 6.375, 5.5, 6.5 ], "texture": "#diamond_sword" },
        "east":  { "uv": [ 10.5, 6.375, 10.625, 6.5 ], "texture": "#diamond_sword" }
    }
},
{
    "__comment": "Minecraft",
    "from": [ 7.75, 9, 7.375 ],
    "to": [ 8.5, 9.125, 8.875 ],
    "faces": {
        "down":  { "uv": [ 8.25, 8.875, 7.5, 7.375 ], "texture": "#texture" },
        "up":    { "uv": [ 7.75, 7.375, 8.5, 8.875 ], "texture": "#particle" },
        "north": { "uv": [ 7.5, 6.875, 8.25, 7 ], "texture": "#diamond_sword" },
        "south": { "uv": [ 7.75, 6.875, 8.5, 7 ], "texture": "#diamond_sword" },
        "west":  { "uv": [ 7.375, 6.875, 8.875, 7 ], "texture": "#diamond_sword" },
        "east":  { "uv": [ 7.125, 6.875, 8.625, 7 ], "texture": "#diamond_sword" }
    }
},
{
    "__comment": "Minecraft",
    "from": [ 7.75, 9.375, 7.375 ],
    "to": [ 8.125, 9.5, 8.875 ],
    "faces": {
        "down":  { "uv": [ 8.25, 8.875, 7.875, 7.375 ], "texture": "#texture" },
        "up":    { "uv": [ 7.75, 7.375, 8.125, 8.875 ], "texture": "#particle" },
        "north": { "uv": [ 7.875, 6.5, 8.25, 6.625 ], "texture": "#diamond_sword" },
        "south": { "uv": [ 7.75, 6.5, 8.125, 6.625 ], "texture": "#diamond_sword" },
        "west":  { "uv": [ 7.375, 6.5, 8.875, 6.625 ], "texture": "#diamond_sword" },
        "east":  { "uv": [ 7.125, 6.5, 8.625, 6.625 ], "texture": "#diamond_sword" }
    }
},
{
    "__comment": "Minecraft",
    "from": [ 7.75, 9.125, 14.5 ],
    "to": [ 8.125, 9.375, 15.125 ],
    "faces": {
        "down":  { "uv": [ 8.25, 15.125, 7.875, 14.5 ], "texture": "#texture" },
        "up":    { "uv": [ 7.75, 14.5, 8.125, 15.125 ], "texture": "#particle" },
        "north": { "uv": [ 7.875, 6.625, 8.25, 6.875 ], "texture": "#diamond_sword" },
        "south": { "uv": [ 7.75, 6.625, 8.125, 6.875 ], "texture": "#diamond_sword" },
        "west":  { "uv": [ 14.5, 6.625, 15.125, 6.875 ], "texture": "#diamond_sword" },
        "east":  { "uv": [ 0.875, 6.625, 1.5, 6.875 ], "texture": "#diamond_sword" }
    }
},
{
    "__comment": "Minecraft",
    "from": [ 7.875, 9.125, 0.375 ],
    "to": [ 8, 9.375, 0.625 ],
    "faces": {
        "down":  { "uv": [ 8.125, 0.625, 8, 0.375 ], "texture": "#texture" },
        "up":    { "uv": [ 7.875, 0.375, 8, 0.625 ], "texture": "#particle" },
        "north": { "uv": [ 8, 6.625, 8.125, 6.875 ], "texture": "#diamond_sword" },
        "south": { "uv": [ 7.875, 6.625, 8, 6.875 ], "texture": "#diamond_sword" },
        "west":  { "uv": [ 0.375, 6.625, 0.625, 6.875 ], "texture": "#diamond_sword" },
        "east":  { "uv": [ 15.375, 6.625, 15.625, 6.875 ], "texture": "#diamond_sword" }
    }
},
{
    "__comment": "Minecraft",
    "from": [ 7.875, 9, 0.625 ],
    "to": [ 8.125, 9.125, 0.875 ],
    "faces": {
        "down":  { "uv": [ 8.125, 0.875, 7.875, 0.625 ], "texture": "#texture" },
        "up":    { "uv": [ 7.875, 0.625, 8.125, 0.875 ], "texture": "#particle" },
        "north": { "uv": [ 7.875, 6.875, 8.125, 7 ], "texture": "#diamond_sword" },
        "south": { "uv": [ 7.875, 6.875, 8.125, 7 ], "texture": "#diamond_sword" },
        "west":  { "uv": [ 0.625, 6.875, 0.875, 7 ], "texture": "#diamond_sword" },
        "east":  { "uv": [ 15.125, 6.875, 15.375, 7 ], "texture": "#diamond_sword" }
    }
},
{
    "__comment": "Minecraft",
    "from": [ 7.875, 9.375, 0.625 ],
    "to": [ 8, 9.5, 0.875 ],
    "faces": {
        "down":  { "uv": [ 8.125, 0.875, 8, 0.625 ], "texture": "#texture" },
        "up":    { "uv": [ 7.875, 0.625, 8, 0.875 ], "texture": "#particle" },
        "north": { "uv": [ 8, 6.5, 8.125, 6.625 ], "texture": "#diamond_sword" },
        "south": { "uv": [ 7.875, 6.5, 8, 6.625 ], "texture": "#diamond_sword" },
        "west":  { "uv": [ 0.625, 6.5, 0.875, 6.625 ], "texture": "#diamond_sword" },
        "east":  { "uv": [ 15.125, 6.5, 15.375, 6.625 ], "texture": "#diamond_sword" }
    }
},
{
    "__comment": "Minecraft",
    "from": [ 7.875, 8.875, 0.875 ],
    "to": [ 8.125, 9, 1.125 ],
    "faces": {
        "down":  { "uv": [ 8.125, 1.125, 7.875, 0.875 ], "texture": "#texture" },
        "up":    { "uv": [ 7.875, 0.875, 8.125, 1.125 ], "texture": "#particle" },
        "north": { "uv": [ 7.875, 7, 8.125, 7.125 ], "texture": "#diamond_sword" },
        "south": { "uv": [ 7.875, 7, 8.125, 7.125 ], "texture": "#diamond_sword" },
        "west":  { "uv": [ 0.875, 7, 1.125, 7.125 ], "texture": "#diamond_sword" },
        "east":  { "uv": [ 14.875, 7, 15.125, 7.125 ], "texture": "#diamond_sword" }
    }
},
{
    "__comment": "Minecraft",
    "from": [ 7.875, 9.5, 0.875 ],
    "to": [ 8, 9.625, 1.125 ],
    "faces": {
        "down":  { "uv": [ 8.125, 1.125, 8, 0.875 ], "texture": "#texture" },
        "up":    { "uv": [ 7.875, 0.875, 8, 1.125 ], "texture": "#particle" },
        "north": { "uv": [ 8, 6.375, 8.125, 6.5 ], "texture": "#diamond_sword" },
        "south": { "uv": [ 7.875, 6.375, 8, 6.5 ], "texture": "#diamond_sword" },
        "west":  { "uv": [ 0.875, 6.375, 1.125, 6.5 ], "texture": "#diamond_sword" },
        "east":  { "uv": [ 14.875, 6.375, 15.125, 6.5 ], "texture": "#diamond_sword" }
    }
},
{
    "__comment": "Minecraft",
    "from": [ 7.875, 9, 1.125 ],
    "to": [ 8.125, 9.125, 1.375 ],
    "faces": {
        "down":  { "uv": [ 8.125, 1.375, 7.875, 1.125 ], "texture": "#texture" },
        "up":    { "uv": [ 7.875, 1.125, 8.125, 1.375 ], "texture": "#particle" },
        "north": { "uv": [ 7.875, 6.875, 8.125, 7 ], "texture": "#diamond_sword" },
        "south": { "uv": [ 7.875, 6.875, 8.125, 7 ], "texture": "#diamond_sword" },
        "west":  { "uv": [ 1.125, 6.875, 1.375, 7 ], "texture": "#diamond_sword" },
        "east":  { "uv": [ 14.625, 6.875, 14.875, 7 ], "texture": "#diamond_sword" }
    }
},
{
    "__comment": "Minecraft",
    "from": [ 7.875, 9.375, 1.125 ],
    "to": [ 8, 9.5, 1.375 ],
    "faces": {
        "down":  { "uv": [ 8.125, 1.375, 8, 1.125 ], "texture": "#texture" },
        "up":    { "uv": [ 7.875, 1.125, 8, 1.375 ], "texture": "#particle" },
        "north": { "uv": [ 8, 6.5, 8.125, 6.625 ], "texture": "#diamond_sword" },
        "south": { "uv": [ 7.875, 6.5, 8, 6.625 ], "texture": "#diamond_sword" },
        "west":  { "uv": [ 1.125, 6.5, 1.375, 6.625 ], "texture": "#diamond_sword" },
        "east":  { "uv": [ 14.625, 6.5, 14.875, 6.625 ], "texture": "#diamond_sword" }
    }
},
{
    "__comment": "Minecraft",
    "from": [ 7.875, 9.125, 1.375 ],
    "to": [ 8, 9.375, 3.5 ],
    "faces": {
        "down":  { "uv": [ 8.125, 3.5, 8, 1.375 ], "texture": "#texture" },
        "up":    { "uv": [ 7.875, 1.375, 8, 3.5 ], "texture": "#particle" },
        "north": { "uv": [ 8, 6.625, 8.125, 6.875 ], "texture": "#diamond_sword" },
        "south": { "uv": [ 7.875, 6.625, 8, 6.875 ], "texture": "#diamond_sword" },
        "west":  { "uv": [ 1.375, 6.625, 3.5, 6.875 ], "texture": "#diamond_sword" },
        "east":  { "uv": [ 12.5, 6.625, 14.625, 6.875 ], "texture": "#diamond_sword" }
    }
},
{
    "__comment": "Minecraft",
    "from": [ 7.875, 9.25, 3.5 ],
    "to": [ 8.125, 9.375, 3.875 ],
    "faces": {
        "down":  { "uv": [ 8.125, 3.875, 7.875, 3.5 ], "texture": "#texture" },
        "up":    { "uv": [ 7.875, 3.5, 8.125, 3.875 ], "texture": "#particle" },
        "north": { "uv": [ 7.875, 6.625, 8.125, 6.75 ], "texture": "#diamond_sword" },
        "south": { "uv": [ 7.875, 6.625, 8.125, 6.75 ], "texture": "#diamond_sword" },
        "west":  { "uv": [ 3.5, 6.625, 3.875, 6.75 ], "texture": "#diamond_sword" },
        "east":  { "uv": [ 12.125, 6.625, 12.5, 6.75 ], "texture": "#diamond_sword" }
    }
},
{
    "__comment": "Minecraft",
    "from": [ 7.875, 9.375, 4.25 ],
    "to": [ 8.125, 9.5, 4.375 ],
    "faces": {
        "down":  { "uv": [ 8.125, 4.375, 7.875, 4.25 ], "texture": "#texture" },
        "up":    { "uv": [ 7.875, 4.25, 8.125, 4.375 ], "texture": "#particle" },
        "north": { "uv": [ 7.875, 6.5, 8.125, 6.625 ], "texture": "#diamond_sword" },
        "south": { "uv": [ 7.875, 6.5, 8.125, 6.625 ], "texture": "#diamond_sword" },
        "west":  { "uv": [ 4.25, 6.5, 4.375, 6.625 ], "texture": "#diamond_sword" },
        "east":  { "uv": [ 11.625, 6.5, 11.75, 6.625 ], "texture": "#diamond_sword" }
    }
},
{
    "__comment": "Minecraft",
    "from": [ 7.875, 8.875, 4.375 ],
    "to": [ 8.5, 9, 4.5 ],
    "faces": {
        "down":  { "uv": [ 8.125, 4.5, 7.5, 4.375 ], "texture": "#texture" },
        "up":    { "uv": [ 7.875, 4.375, 8.5, 4.5 ], "texture": "#particle" },
        "north": { "uv": [ 7.5, 7, 8.125, 7.125 ], "texture": "#diamond_sword" },
        "south": { "uv": [ 7.875, 7, 8.5, 7.125 ], "texture": "#diamond_sword" },
        "west":  { "uv": [ 4.375, 7, 4.5, 7.125 ], "texture": "#diamond_sword" },
        "east":  { "uv": [ 11.5, 7, 11.625, 7.125 ], "texture": "#diamond_sword" }
    }
},
{
    "__comment": "Minecraft",
    "from": [ 7.875, 9.5, 4.375 ],
    "to": [ 8, 9.625, 4.5 ],
    "faces": {
        "down":  { "uv": [ 8.125, 4.5, 8, 4.375 ], "texture": "#texture" },
        "up":    { "uv": [ 7.875, 4.375, 8, 4.5 ], "texture": "#particle" },
        "north": { "uv": [ 8, 6.375, 8.125, 6.5 ], "texture": "#diamond_sword" },
        "south": { "uv": [ 7.875, 6.375, 8, 6.5 ], "texture": "#diamond_sword" },
        "west":  { "uv": [ 4.375, 6.375, 4.5, 6.5 ], "texture": "#diamond_sword" },
        "east":  { "uv": [ 11.5, 6.375, 11.625, 6.5 ], "texture": "#diamond_sword" }
    }
},
{
    "__comment": "Minecraft",
    "from": [ 7.875, 8.875, 5 ],
    "to": [ 8.875, 9, 5.125 ],
    "faces": {
        "down":  { "uv": [ 8.125, 5.125, 7.125, 5 ], "texture": "#texture" },
        "up":    { "uv": [ 7.875, 5, 8.875, 5.125 ], "texture": "#particle" },
        "north": { "uv": [ 7.125, 7, 8.125, 7.125 ], "texture": "#diamond_sword" },
        "south": { "uv": [ 7.875, 7, 8.875, 7.125 ], "texture": "#diamond_sword" },
        "west":  { "uv": [ 5, 7, 5.125, 7.125 ], "texture": "#diamond_sword" },
        "east":  { "uv": [ 10.875, 7, 11, 7.125 ], "texture": "#diamond_sword" }
    }
},
{
    "__comment": "Minecraft",
    "from": [ 7.875, 9.5, 5 ],
    "to": [ 8, 9.625, 5.125 ],
    "faces": {
        "down":  { "uv": [ 8.125, 5.125, 8, 5 ], "texture": "#texture" },
        "up":    { "uv": [ 7.875, 5, 8, 5.125 ], "texture": "#particle" },
        "north": { "uv": [ 8, 6.375, 8.125, 6.5 ], "texture": "#diamond_sword" },
        "south": { "uv": [ 7.875, 6.375, 8, 6.5 ], "texture": "#diamond_sword" },
        "west":  { "uv": [ 5, 6.375, 5.125, 6.5 ], "texture": "#diamond_sword" },
        "east":  { "uv": [ 10.875, 6.375, 11, 6.5 ], "texture": "#diamond_sword" }
    }
},
{
    "__comment": "Minecraft",
    "from": [ 7.875, 8.75, 5.375 ],
    "to": [ 8.125, 8.875, 5.5 ],
    "faces": {
        "down":  { "uv": [ 8.125, 5.5, 7.875, 5.375 ], "texture": "#texture" },
        "up":    { "uv": [ 7.875, 5.375, 8.125, 5.5 ], "texture": "#particle" },
        "north": { "uv": [ 7.875, 7.125, 8.125, 7.25 ], "texture": "#diamond_sword" },
        "south": { "uv": [ 7.875, 7.125, 8.125, 7.25 ], "texture": "#diamond_sword" },
        "west":  { "uv": [ 5.375, 7.125, 5.5, 7.25 ], "texture": "#diamond_sword" },
        "east":  { "uv": [ 10.5, 7.125, 10.625, 7.25 ], "texture": "#diamond_sword" }
    }
},
{
    "__comment": "Minecraft",
    "from": [ 7.875, 9.625, 5.375 ],
    "to": [ 8, 9.75, 5.5 ],
    "faces": {
        "down":  { "uv": [ 8.125, 5.5, 8, 5.375 ], "texture": "#texture" },
        "up":    { "uv": [ 7.875, 5.375, 8, 5.5 ], "texture": "#particle" },
        "north": { "uv": [ 8, 6.25, 8.125, 6.375 ], "texture": "#diamond_sword" },
        "south": { "uv": [ 7.875, 6.25, 8, 6.375 ], "texture": "#diamond_sword" },
        "west":  { "uv": [ 5.375, 6.25, 5.5, 6.375 ], "texture": "#diamond_sword" },
        "east":  { "uv": [ 10.5, 6.25, 10.625, 6.375 ], "texture": "#diamond_sword" }
    }
},
{
    "__comment": "Minecraft",
    "from": [ 7.875, 8.875, 5.5 ],
    "to": [ 8.625, 9, 5.75 ],
    "faces": {
        "down":  { "uv": [ 8.125, 5.75, 7.375, 5.5 ], "texture": "#texture" },
        "up":    { "uv": [ 7.875, 5.5, 8.625, 5.75 ], "texture": "#particle" },
        "north": { "uv": [ 7.375, 7, 8.125, 7.125 ], "texture": "#diamond_sword" },
        "south": { "uv": [ 7.875, 7, 8.625, 7.125 ], "texture": "#diamond_sword" },
        "west":  { "uv": [ 5.5, 7, 5.75, 7.125 ], "texture": "#diamond_sword" },
        "east":  { "uv": [ 10.25, 7, 10.5, 7.125 ], "texture": "#diamond_sword" }
    }
},
{
    "__comment": "Minecraft",
    "from": [ 7.875, 9.5, 5.5 ],
    "to": [ 8, 9.625, 5.75 ],
    "faces": {
        "down":  { "uv": [ 8.125, 5.75, 8, 5.5 ], "texture": "#texture" },
        "up":    { "uv": [ 7.875, 5.5, 8, 5.75 ], "texture": "#particle" },
        "north": { "uv": [ 8, 6.375, 8.125, 6.5 ], "texture": "#diamond_sword" },
        "south": { "uv": [ 7.875, 6.375, 8, 6.5 ], "texture": "#diamond_sword" },
        "west":  { "uv": [ 5.5, 6.375, 5.75, 6.5 ], "texture": "#diamond_sword" },
        "east":  { "uv": [ 10.25, 6.375, 10.5, 6.5 ], "texture": "#diamond_sword" }
    }
},
{
    "__comment": "Minecraft",
    "from": [ 7.875, 9, 8.875 ],
    "to": [ 8.125, 9.125, 15 ],
    "faces": {
        "down":  { "uv": [ 8.125, 15, 7.875, 8.875 ], "texture": "#texture" },
        "up":    { "uv": [ 7.875, 8.875, 8.125, 15 ], "texture": "#particle" },
        "north": { "uv": [ 7.875, 6.875, 8.125, 7 ], "texture": "#diamond_sword" },
        "south": { "uv": [ 7.875, 6.875, 8.125, 7 ], "texture": "#diamond_sword" },
        "west":  { "uv": [ 8.875, 6.875, 15, 7 ], "texture": "#diamond_sword" },
        "east":  { "uv": [ 1, 6.875, 7.125, 7 ], "texture": "#diamond_sword" }
    }
},
{
    "__comment": "Minecraft",
    "from": [ 7.875, 9.375, 8.875 ],
    "to": [ 8, 9.5, 15 ],
    "faces": {
        "down":  { "uv": [ 8.125, 15, 8, 8.875 ], "texture": "#texture" },
        "up":    { "uv": [ 7.875, 8.875, 8, 15 ], "texture": "#particle" },
        "north": { "uv": [ 8, 6.5, 8.125, 6.625 ], "texture": "#diamond_sword" },
        "south": { "uv": [ 7.875, 6.5, 8, 6.625 ], "texture": "#diamond_sword" },
        "west":  { "uv": [ 8.875, 6.5, 15, 6.625 ], "texture": "#diamond_sword" },
        "east":  { "uv": [ 1, 6.5, 7.125, 6.625 ], "texture": "#diamond_sword" }
    }
},
{
    "__comment": "Minecraft",
    "from": [ 7.875, 9.125, 15.125 ],
    "to": [ 8, 9.375, 15.5 ],
    "faces": {
        "down":  { "uv": [ 8.125, 15.5, 8, 15.125 ], "texture": "#texture" },
        "up":    { "uv": [ 7.875, 15.125, 8, 15.5 ], "texture": "#particle" },
        "north": { "uv": [ 8, 6.625, 8.125, 6.875 ], "texture": "#diamond_sword" },
        "south": { "uv": [ 7.875, 6.625, 8, 6.875 ], "texture": "#diamond_sword" },
        "west":  { "uv": [ 15.125, 6.625, 15.5, 6.875 ], "texture": "#diamond_sword" },
        "east":  { "uv": [ 0.5, 6.625, 0.875, 6.875 ], "texture": "#diamond_sword" }
    }
},
{
    "__comment": "Minecraft",
    "from": [ 8, 9.125, 0.375 ],
    "to": [ 8.125, 9.25, 0.625 ],
    "faces": {
        "down":  { "uv": [ 8, 0.625, 7.875, 0.375 ], "texture": "#texture" },
        "up":    { "uv": [ 8, 0.375, 8.125, 0.625 ], "texture": "#particle" },
        "north": { "uv": [ 7.875, 6.75, 8, 6.875 ], "texture": "#diamond_sword" },
        "south": { "uv": [ 8, 6.75, 8.125, 6.875 ], "texture": "#diamond_sword" },
        "west":  { "uv": [ 0.375, 6.75, 0.625, 6.875 ], "texture": "#diamond_sword" },
        "east":  { "uv": [ 15.375, 6.75, 15.625, 6.875 ], "texture": "#diamond_sword" }
    }
},
{
    "__comment": "Minecraft",
    "from": [ 8, 9.125, 1.375 ],
    "to": [ 8.125, 9.25, 3.5 ],
    "faces": {
        "down":  { "uv": [ 8, 3.5, 7.875, 1.375 ], "texture": "#texture" },
        "up":    { "uv": [ 8, 1.375, 8.125, 3.5 ], "texture": "#particle" },
        "north": { "uv": [ 7.875, 6.75, 8, 6.875 ], "texture": "#diamond_sword" },
        "south": { "uv": [ 8, 6.75, 8.125, 6.875 ], "texture": "#diamond_sword" },
        "west":  { "uv": [ 1.375, 6.75, 3.5, 6.875 ], "texture": "#diamond_sword" },
        "east":  { "uv": [ 12.5, 6.75, 14.625, 6.875 ], "texture": "#diamond_sword" }
    }
},
{
    "__comment": "Minecraft",
    "from": [ 8, 9.25, 1.875 ],
    "to": [ 8.125, 9.375, 3.5 ],
    "faces": {
        "down":  { "uv": [ 8, 3.5, 7.875, 1.875 ], "texture": "#texture" },
        "up":    { "uv": [ 8, 1.875, 8.125, 3.5 ], "texture": "#particle" },
        "north": { "uv": [ 7.875, 6.625, 8, 6.75 ], "texture": "#diamond_sword" },
        "south": { "uv": [ 8, 6.625, 8.125, 6.75 ], "texture": "#diamond_sword" },
        "west":  { "uv": [ 1.875, 6.625, 3.5, 6.75 ], "texture": "#diamond_sword" },
        "east":  { "uv": [ 12.5, 6.625, 14.125, 6.75 ], "texture": "#diamond_sword" }
    }
},
{
    "__comment": "Minecraft",
    "from": [ 8, 9.125, 15.125 ],
    "to": [ 8.25, 9.25, 15.5 ],
    "faces": {
        "down":  { "uv": [ 8, 15.5, 7.75, 15.125 ], "texture": "#texture" },
        "up":    { "uv": [ 8, 15.125, 8.25, 15.5 ], "texture": "#particle" },
        "north": { "uv": [ 7.75, 6.75, 8, 6.875 ], "texture": "#diamond_sword" },
        "south": { "uv": [ 8, 6.75, 8.25, 6.875 ], "texture": "#diamond_sword" },
        "west":  { "uv": [ 15.125, 6.75, 15.5, 6.875 ], "texture": "#diamond_sword" },
        "east":  { "uv": [ 0.5, 6.75, 0.875, 6.875 ], "texture": "#diamond_sword" }
    }
},
{
    "__comment": "Minecraft",
    "from": [ 8.125, 9.125, 0.625 ],
    "to": [ 8.25, 9.25, 0.875 ],
    "faces": {
        "down":  { "uv": [ 7.875, 0.875, 7.75, 0.625 ], "texture": "#texture" },
        "up":    { "uv": [ 8.125, 0.625, 8.25, 0.875 ], "texture": "#particle" },
        "north": { "uv": [ 7.75, 6.75, 7.875, 6.875 ], "texture": "#diamond_sword" },
        "south": { "uv": [ 8.125, 6.75, 8.25, 6.875 ], "texture": "#diamond_sword" },
        "west":  { "uv": [ 0.625, 6.75, 0.875, 6.875 ], "texture": "#diamond_sword" },
        "east":  { "uv": [ 15.125, 6.75, 15.375, 6.875 ], "texture": "#diamond_sword" }
    }
},
{
    "__comment": "Minecraft",
    "from": [ 8.125, 9.125, 1.125 ],
    "to": [ 8.25, 9.25, 1.5 ],
    "faces": {
        "down":  { "uv": [ 7.875, 1.5, 7.75, 1.125 ], "texture": "#texture" },
        "up":    { "uv": [ 8.125, 1.125, 8.25, 1.5 ], "texture": "#particle" },
        "north": { "uv": [ 7.75, 6.75, 7.875, 6.875 ], "texture": "#diamond_sword" },
        "south": { "uv": [ 8.125, 6.75, 8.25, 6.875 ], "texture": "#diamond_sword" },
        "west":  { "uv": [ 1.125, 6.75, 1.5, 6.875 ], "texture": "#diamond_sword" },
        "east":  { "uv": [ 14.5, 6.75, 14.875, 6.875 ], "texture": "#diamond_sword" }
    }
},
{
    "__comment": "Minecraft",
    "from": [ 8.125, 9.125, 1.75 ],
    "to": [ 8.25, 9.25, 3.5 ],
    "faces": {
        "down":  { "uv": [ 7.875, 3.5, 7.75, 1.75 ], "texture": "#texture" },
        "up":    { "uv": [ 8.125, 1.75, 8.25, 3.5 ], "texture": "#particle" },
        "north": { "uv": [ 7.75, 6.75, 7.875, 6.875 ], "texture": "#diamond_sword" },
        "south": { "uv": [ 8.125, 6.75, 8.25, 6.875 ], "texture": "#diamond_sword" },
        "west":  { "uv": [ 1.75, 6.75, 3.5, 6.875 ], "texture": "#diamond_sword" },
        "east":  { "uv": [ 12.5, 6.75, 14.25, 6.875 ], "texture": "#diamond_sword" }
    }
},
{
    "__comment": "Minecraft",
    "from": [ 8.125, 9, 8.875 ],
    "to": [ 8.25, 9.125, 14.5 ],
    "faces": {
        "down":  { "uv": [ 7.875, 14.5, 7.75, 8.875 ], "texture": "#texture" },
        "up":    { "uv": [ 8.125, 8.875, 8.25, 14.5 ], "texture": "#particle" },
        "north": { "uv": [ 7.75, 6.875, 7.875, 7 ], "texture": "#diamond_sword" },
        "south": { "uv": [ 8.125, 6.875, 8.25, 7 ], "texture": "#diamond_sword" },
        "west":  { "uv": [ 8.875, 6.875, 14.5, 7 ], "texture": "#diamond_sword" },
        "east":  { "uv": [ 1.5, 6.875, 7.125, 7 ], "texture": "#diamond_sword" }
    }
},
{
    "__comment": "Minecraft",
    "from": [ 8.125, 9.125, 14.5 ],
    "to": [ 8.375, 9.25, 15.125 ],
    "faces": {
        "down":  { "uv": [ 7.875, 15.125, 7.625, 14.5 ], "texture": "#texture" },
        "up":    { "uv": [ 8.125, 14.5, 8.375, 15.125 ], "texture": "#particle" },
        "north": { "uv": [ 7.625, 6.75, 7.875, 6.875 ], "texture": "#diamond_sword" },
        "south": { "uv": [ 8.125, 6.75, 8.375, 6.875 ], "texture": "#diamond_sword" },
        "west":  { "uv": [ 14.5, 6.75, 15.125, 6.875 ], "texture": "#diamond_sword" },
        "east":  { "uv": [ 0.875, 6.75, 1.5, 6.875 ], "texture": "#diamond_sword" }
    }
},
{
    "__comment": "Minecraft",
    "from": [ 8.25, 9.125, 0.875 ],
    "to": [ 8.375, 9.25, 1.125 ],
    "faces": {
        "down":  { "uv": [ 7.75, 1.125, 7.625, 0.875 ], "texture": "#texture" },
        "up":    { "uv": [ 8.25, 0.875, 8.375, 1.125 ], "texture": "#particle" },
        "north": { "uv": [ 7.625, 6.75, 7.75, 6.875 ], "texture": "#diamond_sword" },
        "south": { "uv": [ 8.25, 6.75, 8.375, 6.875 ], "texture": "#diamond_sword" },
        "west":  { "uv": [ 0.875, 6.75, 1.125, 6.875 ], "texture": "#diamond_sword" },
        "east":  { "uv": [ 14.875, 6.75, 15.125, 6.875 ], "texture": "#diamond_sword" }
    }
},
{
    "__comment": "Minecraft",
    "from": [ 8.25, 9.375, 4.125 ],
    "to": [ 8.5, 9.5, 4.375 ],
    "faces": {
        "down":  { "uv": [ 7.75, 4.375, 7.5, 4.125 ], "texture": "#texture" },
        "up":    { "uv": [ 8.25, 4.125, 8.5, 4.375 ], "texture": "#particle" },
        "north": { "uv": [ 7.5, 6.5, 7.75, 6.625 ], "texture": "#diamond_sword" },
        "south": { "uv": [ 8.25, 6.5, 8.5, 6.625 ], "texture": "#diamond_sword" },
        "west":  { "uv": [ 4.125, 6.5, 4.375, 6.625 ], "texture": "#diamond_sword" },
        "east":  { "uv": [ 11.625, 6.5, 11.875, 6.625 ], "texture": "#diamond_sword" }
    }
},
{
    "__comment": "Minecraft",
    "from": [ 8.25, 9.25, 4.25 ],
    "to": [ 9.25, 9.375, 4.375 ],
    "faces": {
        "down":  { "uv": [ 7.75, 4.375, 6.75, 4.25 ], "texture": "#texture" },
        "up":    { "uv": [ 8.25, 4.25, 9.25, 4.375 ], "texture": "#particle" },
        "north": { "uv": [ 6.75, 6.625, 7.75, 6.75 ], "texture": "#diamond_sword" },
        "south": { "uv": [ 8.25, 6.625, 9.25, 6.75 ], "texture": "#diamond_sword" },
        "west":  { "uv": [ 4.25, 6.625, 4.375, 6.75 ], "texture": "#diamond_sword" },
        "east":  { "uv": [ 11.625, 6.625, 11.75, 6.75 ], "texture": "#diamond_sword" }
    }
},
{
    "__comment": "Minecraft",
    "from": [ 8.25, 9.5, 4.25 ],
    "to": [ 8.375, 9.625, 4.375 ],
    "faces": {
        "down":  { "uv": [ 7.75, 4.375, 7.625, 4.25 ], "texture": "#texture" },
        "up":    { "uv": [ 8.25, 4.25, 8.375, 4.375 ], "texture": "#particle" },
        "north": { "uv": [ 7.625, 6.375, 7.75, 6.5 ], "texture": "#diamond_sword" },
        "south": { "uv": [ 8.25, 6.375, 8.375, 6.5 ], "texture": "#diamond_sword" },
        "west":  { "uv": [ 4.25, 6.375, 4.375, 6.5 ], "texture": "#diamond_sword" },
        "east":  { "uv": [ 11.625, 6.375, 11.75, 6.5 ], "texture": "#diamond_sword" }
    }
},
{
    "__comment": "Minecraft",
    "from": [ 8.25, 9.25, 4.5 ],
    "to": [ 9, 9.375, 5.125 ],
    "faces": {
        "down":  { "uv": [ 7.75, 5.125, 7, 4.5 ], "texture": "#texture" },
        "up":    { "uv": [ 8.25, 4.5, 9, 5.125 ], "texture": "#particle" },
        "north": { "uv": [ 7, 6.625, 7.75, 6.75 ], "texture": "#diamond_sword" },
        "south": { "uv": [ 8.25, 6.625, 9, 6.75 ], "texture": "#diamond_sword" },
        "west":  { "uv": [ 4.5, 6.625, 5.125, 6.75 ], "texture": "#diamond_sword" },
        "east":  { "uv": [ 10.875, 6.625, 11.5, 6.75 ], "texture": "#diamond_sword" }
    }
},
{
    "__comment": "Minecraft",
    "from": [ 8.25, 9, 8.875 ],
    "to": [ 8.375, 9.125, 12.375 ],
    "faces": {
        "down":  { "uv": [ 7.75, 12.375, 7.625, 8.875 ], "texture": "#texture" },
        "up":    { "uv": [ 8.25, 8.875, 8.375, 12.375 ], "texture": "#particle" },
        "north": { "uv": [ 7.625, 6.875, 7.75, 7 ], "texture": "#diamond_sword" },
        "south": { "uv": [ 8.25, 6.875, 8.375, 7 ], "texture": "#diamond_sword" },
        "west":  { "uv": [ 8.875, 6.875, 12.375, 7 ], "texture": "#diamond_sword" },
        "east":  { "uv": [ 3.625, 6.875, 7.125, 7 ], "texture": "#diamond_sword" }
    }
},
{
    "__comment": "Minecraft",
    "from": [ 8.25, 9.125, 12.375 ],
    "to": [ 8.5, 9.25, 14.5 ],
    "faces": {
        "down":  { "uv": [ 7.75, 14.5, 7.5, 12.375 ], "texture": "#texture" },
        "up":    { "uv": [ 8.25, 12.375, 8.5, 14.5 ], "texture": "#particle" },
        "north": { "uv": [ 7.5, 6.75, 7.75, 6.875 ], "texture": "#diamond_sword" },
        "south": { "uv": [ 8.25, 6.75, 8.5, 6.875 ], "texture": "#diamond_sword" },
        "west":  { "uv": [ 12.375, 6.75, 14.5, 6.875 ], "texture": "#diamond_sword" },
        "east":  { "uv": [ 1.5, 6.75, 3.625, 6.875 ], "texture": "#diamond_sword" }
    }
},
{
    "__comment": "Minecraft",
    "from": [ 8.375, 9.125, 3.75 ],
    "to": [ 9.5, 9.25, 3.875 ],
    "faces": {
        "down":  { "uv": [ 7.625, 3.875, 6.5, 3.75 ], "texture": "#texture" },
        "up":    { "uv": [ 8.375, 3.75, 9.5, 3.875 ], "texture": "#particle" },
        "north": { "uv": [ 6.5, 6.75, 7.625, 6.875 ], "texture": "#diamond_sword" },
        "south": { "uv": [ 8.375, 6.75, 9.5, 6.875 ], "texture": "#diamond_sword" },
        "west":  { "uv": [ 3.75, 6.75, 3.875, 6.875 ], "texture": "#diamond_sword" },
        "east":  { "uv": [ 12.125, 6.75, 12.25, 6.875 ], "texture": "#diamond_sword" }
    }
},
{
    "__comment": "Minecraft",
    "from": [ 8.375, 9.25, 4.375 ],
    "to": [ 9.25, 9.375, 4.5 ],
    "faces": {
        "down":  { "uv": [ 7.625, 4.5, 6.75, 4.375 ], "texture": "#texture" },
        "up":    { "uv": [ 8.375, 4.375, 9.25, 4.5 ], "texture": "#particle" },
        "north": { "uv": [ 6.75, 6.625, 7.625, 6.75 ], "texture": "#diamond_sword" },
        "south": { "uv": [ 8.375, 6.625, 9.25, 6.75 ], "texture": "#diamond_sword" },
        "west":  { "uv": [ 4.375, 6.625, 4.5, 6.75 ], "texture": "#diamond_sword" },
        "east":  { "uv": [ 11.5, 6.625, 11.625, 6.75 ], "texture": "#diamond_sword" }
    }
},
{
    "__comment": "Minecraft",
    "from": [ 8.375, 9.125, 8.875 ],
    "to": [ 8.625, 9.25, 12.375 ],
    "faces": {
        "down":  { "uv": [ 7.625, 12.375, 7.375, 8.875 ], "texture": "#texture" },
        "up":    { "uv": [ 8.375, 8.875, 8.625, 12.375 ], "texture": "#particle" },
        "north": { "uv": [ 7.375, 6.75, 7.625, 6.875 ], "texture": "#diamond_sword" },
        "south": { "uv": [ 8.375, 6.75, 8.625, 6.875 ], "texture": "#diamond_sword" },
        "west":  { "uv": [ 8.875, 6.75, 12.375, 6.875 ], "texture": "#diamond_sword" },
        "east":  { "uv": [ 3.625, 6.75, 7.125, 6.875 ], "texture": "#diamond_sword" }
    }
},
{
    "__comment": "Minecraft",
    "from": [ 8.5, 9.125, 3.625 ],
    "to": [ 9.5, 9.25, 3.75 ],
    "faces": {
        "down":  { "uv": [ 7.5, 3.75, 6.5, 3.625 ], "texture": "#texture" },
        "up":    { "uv": [ 8.5, 3.625, 9.5, 3.75 ], "texture": "#particle" },
        "north": { "uv": [ 6.5, 6.75, 7.5, 6.875 ], "texture": "#diamond_sword" },
        "south": { "uv": [ 8.5, 6.75, 9.5, 6.875 ], "texture": "#diamond_sword" },
        "west":  { "uv": [ 3.625, 6.75, 3.75, 6.875 ], "texture": "#diamond_sword" },
        "east":  { "uv": [ 12.25, 6.75, 12.375, 6.875 ], "texture": "#diamond_sword" }
    }
},
{
    "__comment": "Minecraft",
    "from": [ 8.5, 9.25, 4.125 ],
    "to": [ 9.25, 9.375, 4.25 ],
    "faces": {
        "down":  { "uv": [ 7.5, 4.25, 6.75, 4.125 ], "texture": "#texture" },
        "up":    { "uv": [ 8.5, 4.125, 9.25, 4.25 ], "texture": "#particle" },
        "north": { "uv": [ 6.75, 6.625, 7.5, 6.75 ], "texture": "#diamond_sword" },
        "south": { "uv": [ 8.5, 6.625, 9.25, 6.75 ], "texture": "#diamond_sword" },
        "west":  { "uv": [ 4.125, 6.625, 4.25, 6.75 ], "texture": "#diamond_sword" },
        "east":  { "uv": [ 11.75, 6.625, 11.875, 6.75 ], "texture": "#diamond_sword" }
    }
},
{
    "__comment": "Minecraft",
    "from": [ 8.5, 8.875, 4.75 ],
    "to": [ 9, 9, 4.875 ],
    "faces": {
        "down":  { "uv": [ 7.5, 4.875, 7, 4.75 ], "texture": "#texture" },
        "up":    { "uv": [ 8.5, 4.75, 9, 4.875 ], "texture": "#particle" },
        "north": { "uv": [ 7, 7, 7.5, 7.125 ], "texture": "#diamond_sword" },
        "south": { "uv": [ 8.5, 7, 9, 7.125 ], "texture": "#diamond_sword" },
        "west":  { "uv": [ 4.75, 7, 4.875, 7.125 ], "texture": "#diamond_sword" },
        "east":  { "uv": [ 11.125, 7, 11.25, 7.125 ], "texture": "#diamond_sword" }
    }
},
{
    "__comment": "Minecraft",
    "from": [ 8.5, 9.375, 4.75 ],
    "to": [ 8.875, 9.5, 5.125 ],
    "faces": {
        "down":  { "uv": [ 7.5, 5.125, 7.125, 4.75 ], "texture": "#texture" },
        "up":    { "uv": [ 8.5, 4.75, 8.875, 5.125 ], "texture": "#particle" },
        "north": { "uv": [ 7.125, 6.5, 7.5, 6.625 ], "texture": "#diamond_sword" },
        "south": { "uv": [ 8.5, 6.5, 8.875, 6.625 ], "texture": "#diamond_sword" },
        "west":  { "uv": [ 4.75, 6.5, 5.125, 6.625 ], "texture": "#diamond_sword" },
        "east":  { "uv": [ 10.875, 6.5, 11.25, 6.625 ], "texture": "#diamond_sword" }
    }
},
{
    "__comment": "Minecraft",
    "from": [ 8.5, 9, 6.125 ],
    "to": [ 8.625, 9.125, 6.25 ],
    "faces": {
        "down":  { "uv": [ 7.5, 6.25, 7.375, 6.125 ], "texture": "#texture" },
        "up":    { "uv": [ 8.5, 6.125, 8.625, 6.25 ], "texture": "#particle" },
        "north": { "uv": [ 7.375, 6.875, 7.5, 7 ], "texture": "#diamond_sword" },
        "south": { "uv": [ 8.5, 6.875, 8.625, 7 ], "texture": "#diamond_sword" },
        "west":  { "uv": [ 6.125, 6.875, 6.25, 7 ], "texture": "#diamond_sword" },
        "east":  { "uv": [ 9.75, 6.875, 9.875, 7 ], "texture": "#diamond_sword" }
    }
},
{
    "__comment": "Minecraft",
    "from": [ 8.5, 9.125, 6.25 ],
    "to": [ 8.75, 9.25, 8.875 ],
    "faces": {
        "down":  { "uv": [ 7.5, 8.875, 7.25, 6.25 ], "texture": "#texture" },
        "up":    { "uv": [ 8.5, 6.25, 8.75, 8.875 ], "texture": "#particle" },
        "north": { "uv": [ 7.25, 6.75, 7.5, 6.875 ], "texture": "#diamond_sword" },
        "south": { "uv": [ 8.5, 6.75, 8.75, 6.875 ], "texture": "#diamond_sword" },
        "west":  { "uv": [ 6.25, 6.75, 8.875, 6.875 ], "texture": "#diamond_sword" },
        "east":  { "uv": [ 7.125, 6.75, 9.75, 6.875 ], "texture": "#diamond_sword" }
    }
},
{
    "__comment": "Minecraft",
    "from": [ 8.625, 9.125, 2.375 ],
    "to": [ 9.125, 9.25, 3.625 ],
    "faces": {
        "down":  { "uv": [ 7.375, 3.625, 6.875, 2.375 ], "texture": "#texture" },
        "up":    { "uv": [ 8.625, 2.375, 9.125, 3.625 ], "texture": "#particle" },
        "north": { "uv": [ 6.875, 6.75, 7.375, 6.875 ], "texture": "#diamond_sword" },
        "south": { "uv": [ 8.625, 6.75, 9.125, 6.875 ], "texture": "#diamond_sword" },
        "west":  { "uv": [ 2.375, 6.75, 3.625, 6.875 ], "texture": "#diamond_sword" },
        "east":  { "uv": [ 12.375, 6.75, 13.625, 6.875 ], "texture": "#diamond_sword" }
    }
},
{
    "__comment": "Minecraft",
    "from": [ 8.625, 9, 4 ],
    "to": [ 9.25, 9.125, 4.125 ],
    "faces": {
        "down":  { "uv": [ 7.375, 4.125, 6.75, 4 ], "texture": "#texture" },
        "up":    { "uv": [ 8.625, 4, 9.25, 4.125 ], "texture": "#particle" },
        "north": { "uv": [ 6.75, 6.875, 7.375, 7 ], "texture": "#diamond_sword" },
        "south": { "uv": [ 8.625, 6.875, 9.25, 7 ], "texture": "#diamond_sword" },
        "west":  { "uv": [ 4, 6.875, 4.125, 7 ], "texture": "#diamond_sword" },
        "east":  { "uv": [ 11.875, 6.875, 12, 7 ], "texture": "#diamond_sword" }
    }
},
{
    "__comment": "Minecraft",
    "from": [ 8.625, 9.25, 4 ],
    "to": [ 9.25, 9.375, 4.125 ],
    "faces": {
        "down":  { "uv": [ 7.375, 4.125, 6.75, 4 ], "texture": "#texture" },
        "up":    { "uv": [ 8.625, 4, 9.25, 4.125 ], "texture": "#particle" },
        "north": { "uv": [ 6.75, 6.625, 7.375, 6.75 ], "texture": "#diamond_sword" },
        "south": { "uv": [ 8.625, 6.625, 9.25, 6.75 ], "texture": "#diamond_sword" },
        "west":  { "uv": [ 4, 6.625, 4.125, 6.75 ], "texture": "#diamond_sword" },
        "east":  { "uv": [ 11.875, 6.625, 12, 6.75 ], "texture": "#diamond_sword" }
    }
},
{
    "__comment": "Minecraft",
    "from": [ 8.625, 8.875, 4.375 ],
    "to": [ 9, 9, 4.75 ],
    "faces": {
        "down":  { "uv": [ 7.375, 4.75, 7, 4.375 ], "texture": "#texture" },
        "up":    { "uv": [ 8.625, 4.375, 9, 4.75 ], "texture": "#particle" },
        "north": { "uv": [ 7, 7, 7.375, 7.125 ], "texture": "#diamond_sword" },
        "south": { "uv": [ 8.625, 7, 9, 7.125 ], "texture": "#diamond_sword" },
        "west":  { "uv": [ 4.375, 7, 4.75, 7.125 ], "texture": "#diamond_sword" },
        "east":  { "uv": [ 11.25, 7, 11.625, 7.125 ], "texture": "#diamond_sword" }
    }
},
{
    "__comment": "Minecraft",
    "from": [ 8.625, 9.375, 4.375 ],
    "to": [ 9, 9.5, 4.75 ],
    "faces": {
        "down":  { "uv": [ 7.375, 4.75, 7, 4.375 ], "texture": "#texture" },
        "up":    { "uv": [ 8.625, 4.375, 9, 4.75 ], "texture": "#particle" },
        "north": { "uv": [ 7, 6.5, 7.375, 6.625 ], "texture": "#diamond_sword" },
        "south": { "uv": [ 8.625, 6.5, 9, 6.625 ], "texture": "#diamond_sword" },
        "west":  { "uv": [ 4.375, 6.5, 4.75, 6.625 ], "texture": "#diamond_sword" },
        "east":  { "uv": [ 11.25, 6.5, 11.625, 6.625 ], "texture": "#diamond_sword" }
    }
},
{
    "__comment": "Minecraft",
    "from": [ 8.625, 9.25, 5.125 ],
    "to": [ 8.75, 9.375, 6 ],
    "faces": {
        "down":  { "uv": [ 7.375, 6, 7.25, 5.125 ], "texture": "#texture" },
        "up":    { "uv": [ 8.625, 5.125, 8.75, 6 ], "texture": "#particle" },
        "north": { "uv": [ 7.25, 6.625, 7.375, 6.75 ], "texture": "#diamond_sword" },
        "south": { "uv": [ 8.625, 6.625, 8.75, 6.75 ], "texture": "#diamond_sword" },
        "west":  { "uv": [ 5.125, 6.625, 6, 6.75 ], "texture": "#diamond_sword" },
        "east":  { "uv": [ 10, 6.625, 10.875, 6.75 ], "texture": "#diamond_sword" }
    }
},
{
    "__comment": "Minecraft",
    "from": [ 8.625, 9.375, 5.25 ],
    "to": [ 8.75, 9.5, 5.375 ],
    "faces": {
        "down":  { "uv": [ 7.375, 5.375, 7.25, 5.25 ], "texture": "#texture" },
        "up":    { "uv": [ 8.625, 5.25, 8.75, 5.375 ], "texture": "#particle" },
        "north": { "uv": [ 7.25, 6.5, 7.375, 6.625 ], "texture": "#diamond_sword" },
        "south": { "uv": [ 8.625, 6.5, 8.75, 6.625 ], "texture": "#diamond_sword" },
        "west":  { "uv": [ 5.25, 6.5, 5.375, 6.625 ], "texture": "#diamond_sword" },
        "east":  { "uv": [ 10.625, 6.5, 10.75, 6.625 ], "texture": "#diamond_sword" }
    }
},
{
    "__comment": "Minecraft",
    "from": [ 8.625, 9.125, 8.875 ],
    "to": [ 8.75, 9.25, 9 ],
    "faces": {
        "down":  { "uv": [ 7.375, 9, 7.25, 8.875 ], "texture": "#texture" },
        "up":    { "uv": [ 8.625, 8.875, 8.75, 9 ], "texture": "#particle" },
        "north": { "uv": [ 7.25, 6.75, 7.375, 6.875 ], "texture": "#diamond_sword" },
        "south": { "uv": [ 8.625, 6.75, 8.75, 6.875 ], "texture": "#diamond_sword" },
        "west":  { "uv": [ 8.875, 6.75, 9, 6.875 ], "texture": "#diamond_sword" },
        "east":  { "uv": [ 7, 6.75, 7.125, 6.875 ], "texture": "#diamond_sword" }
    }
},
{
    "__comment": "Minecraft",
    "from": [ 8.75, 9.125, 2 ],
    "to": [ 9.125, 9.25, 2.375 ],
    "faces": {
        "down":  { "uv": [ 7.25, 2.375, 6.875, 2 ], "texture": "#texture" },
        "up":    { "uv": [ 8.75, 2, 9.125, 2.375 ], "texture": "#particle" },
        "north": { "uv": [ 6.875, 6.75, 7.25, 6.875 ], "texture": "#diamond_sword" },
        "south": { "uv": [ 8.75, 6.75, 9.125, 6.875 ], "texture": "#diamond_sword" },
        "west":  { "uv": [ 2, 6.75, 2.375, 6.875 ], "texture": "#diamond_sword" },
        "east":  { "uv": [ 13.625, 6.75, 14, 6.875 ], "texture": "#diamond_sword" }
    }
},
{
    "__comment": "Minecraft",
    "from": [ 8.75, 9.25, 2.375 ],
    "to": [ 9, 9.375, 4 ],
    "faces": {
        "down":  { "uv": [ 7.25, 4, 7, 2.375 ], "texture": "#texture" },
        "up":    { "uv": [ 8.75, 2.375, 9, 4 ], "texture": "#particle" },
        "north": { "uv": [ 7, 6.625, 7.25, 6.75 ], "texture": "#diamond_sword" },
        "south": { "uv": [ 8.75, 6.625, 9, 6.75 ], "texture": "#diamond_sword" },
        "west":  { "uv": [ 2.375, 6.625, 4, 6.75 ], "texture": "#diamond_sword" },
        "east":  { "uv": [ 12, 6.625, 13.625, 6.75 ], "texture": "#diamond_sword" }
    }
},
{
    "__comment": "Minecraft",
    "from": [ 8.75, 8.875, 4.25 ],
    "to": [ 9.125, 9, 4.375 ],
    "faces": {
        "down":  { "uv": [ 7.25, 4.375, 6.875, 4.25 ], "texture": "#texture" },
        "up":    { "uv": [ 8.75, 4.25, 9.125, 4.375 ], "texture": "#particle" },
        "north": { "uv": [ 6.875, 7, 7.25, 7.125 ], "texture": "#diamond_sword" },
        "south": { "uv": [ 8.75, 7, 9.125, 7.125 ], "texture": "#diamond_sword" },
        "west":  { "uv": [ 4.25, 7, 4.375, 7.125 ], "texture": "#diamond_sword" },
        "east":  { "uv": [ 11.625, 7, 11.75, 7.125 ], "texture": "#diamond_sword" }
    }
},
{
    "__comment": "Minecraft",
    "from": [ 8.75, 9.375, 4.25 ],
    "to": [ 9.125, 9.5, 4.375 ],
    "faces": {
        "down":  { "uv": [ 7.25, 4.375, 6.875, 4.25 ], "texture": "#texture" },
        "up":    { "uv": [ 8.75, 4.25, 9.125, 4.375 ], "texture": "#particle" },
        "north": { "uv": [ 6.875, 6.5, 7.25, 6.625 ], "texture": "#diamond_sword" },
        "south": { "uv": [ 8.75, 6.5, 9.125, 6.625 ], "texture": "#diamond_sword" },
        "west":  { "uv": [ 4.25, 6.5, 4.375, 6.625 ], "texture": "#diamond_sword" },
        "east":  { "uv": [ 11.625, 6.5, 11.75, 6.625 ], "texture": "#diamond_sword" }
    }
},
{
    "__comment": "Minecraft",
    "from": [ 8.75, 8.875, 5.125 ],
    "to": [ 8.875, 9, 5.25 ],
    "faces": {
        "down":  { "uv": [ 7.25, 5.25, 7.125, 5.125 ], "texture": "#texture" },
        "up":    { "uv": [ 8.75, 5.125, 8.875, 5.25 ], "texture": "#particle" },
        "north": { "uv": [ 7.125, 7, 7.25, 7.125 ], "texture": "#diamond_sword" },
        "south": { "uv": [ 8.75, 7, 8.875, 7.125 ], "texture": "#diamond_sword" },
        "west":  { "uv": [ 5.125, 7, 5.25, 7.125 ], "texture": "#diamond_sword" },
        "east":  { "uv": [ 10.75, 7, 10.875, 7.125 ], "texture": "#diamond_sword" }
    }
},
{
    "__comment": "Minecraft",
    "from": [ 8.75, 9.25, 5.125 ],
    "to": [ 8.875, 9.375, 5.375 ],
    "faces": {
        "down":  { "uv": [ 7.25, 5.375, 7.125, 5.125 ], "texture": "#texture" },
        "up":    { "uv": [ 8.75, 5.125, 8.875, 5.375 ], "texture": "#particle" },
        "north": { "uv": [ 7.125, 6.625, 7.25, 6.75 ], "texture": "#diamond_sword" },
        "south": { "uv": [ 8.75, 6.625, 8.875, 6.75 ], "texture": "#diamond_sword" },
        "west":  { "uv": [ 5.125, 6.625, 5.375, 6.75 ], "texture": "#diamond_sword" },
        "east":  { "uv": [ 10.625, 6.625, 10.875, 6.75 ], "texture": "#diamond_sword" }
    }
},
{
    "__comment": "Minecraft",
    "from": [ 8.875, 9.125, 1.75 ],
    "to": [ 9, 9.25, 2 ],
    "faces": {
        "down":  { "uv": [ 7.125, 2, 7, 1.75 ], "texture": "#texture" },
        "up":    { "uv": [ 8.875, 1.75, 9, 2 ], "texture": "#particle" },
        "north": { "uv": [ 7, 6.75, 7.125, 6.875 ], "texture": "#diamond_sword" },
        "south": { "uv": [ 8.875, 6.75, 9, 6.875 ], "texture": "#diamond_sword" },
        "west":  { "uv": [ 1.75, 6.75, 2, 6.875 ], "texture": "#diamond_sword" },
        "east":  { "uv": [ 14, 6.75, 14.25, 6.875 ], "texture": "#diamond_sword" }
    }
},
{
    "__comment": "Minecraft",
    "from": [ 8.875, 9.25, 2 ],
    "to": [ 9, 9.375, 2.375 ],
    "faces": {
        "down":  { "uv": [ 7.125, 2.375, 7, 2 ], "texture": "#texture" },
        "up":    { "uv": [ 8.875, 2, 9, 2.375 ], "texture": "#particle" },
        "north": { "uv": [ 7, 6.625, 7.125, 6.75 ], "texture": "#diamond_sword" },
        "south": { "uv": [ 8.875, 6.625, 9, 6.75 ], "texture": "#diamond_sword" },
        "west":  { "uv": [ 2, 6.625, 2.375, 6.75 ], "texture": "#diamond_sword" },
        "east":  { "uv": [ 13.625, 6.625, 14, 6.75 ], "texture": "#diamond_sword" }
    }
},
{
    "__comment": "Minecraft",
    "from": [ 8.875, 9, 2.5 ],
    "to": [ 9, 9.125, 4 ],
    "faces": {
        "down":  { "uv": [ 7.125, 4, 7, 2.5 ], "texture": "#texture" },
        "up":    { "uv": [ 8.875, 2.5, 9, 4 ], "texture": "#particle" },
        "north": { "uv": [ 7, 6.875, 7.125, 7 ], "texture": "#diamond_sword" },
        "south": { "uv": [ 8.875, 6.875, 9, 7 ], "texture": "#diamond_sword" },
        "west":  { "uv": [ 2.5, 6.875, 4, 7 ], "texture": "#diamond_sword" },
        "east":  { "uv": [ 12, 6.875, 13.5, 7 ], "texture": "#diamond_sword" }
    }
},
{
    "__comment": "Minecraft",
    "from": [ 8.875, 9.375, 3 ],
    "to": [ 9, 9.5, 4.25 ],
    "faces": {
        "down":  { "uv": [ 7.125, 4.25, 7, 3 ], "texture": "#texture" },
        "up":    { "uv": [ 8.875, 3, 9, 4.25 ], "texture": "#particle" },
        "north": { "uv": [ 7, 6.5, 7.125, 6.625 ], "texture": "#diamond_sword" },
        "south": { "uv": [ 8.875, 6.5, 9, 6.625 ], "texture": "#diamond_sword" },
        "west":  { "uv": [ 3, 6.5, 4.25, 6.625 ], "texture": "#diamond_sword" },
        "east":  { "uv": [ 11.75, 6.5, 13, 6.625 ], "texture": "#diamond_sword" }
    }
},
{
    "__comment": "Minecraft",
    "from": [ 8.875, 8.875, 4.125 ],
    "to": [ 9.125, 9, 4.25 ],
    "faces": {
        "down":  { "uv": [ 7.125, 4.25, 6.875, 4.125 ], "texture": "#texture" },
        "up":    { "uv": [ 8.875, 4.125, 9.125, 4.25 ], "texture": "#particle" },
        "north": { "uv": [ 6.875, 7, 7.125, 7.125 ], "texture": "#diamond_sword" },
        "south": { "uv": [ 8.875, 7, 9.125, 7.125 ], "texture": "#diamond_sword" },
        "west":  { "uv": [ 4.125, 7, 4.25, 7.125 ], "texture": "#diamond_sword" },
        "east":  { "uv": [ 11.75, 7, 11.875, 7.125 ], "texture": "#diamond_sword" }
    }
},
{
    "__comment": "Minecraft",
    "from": [ 8.875, 9.375, 4.75 ],
    "to": [ 9, 9.5, 4.875 ],
    "faces": {
        "down":  { "uv": [ 7.125, 4.875, 7, 4.75 ], "texture": "#texture" },
        "up":    { "uv": [ 8.875, 4.75, 9, 4.875 ], "texture": "#particle" },
        "north": { "uv": [ 7, 6.5, 7.125, 6.625 ], "texture": "#diamond_sword" },
        "south": { "uv": [ 8.875, 6.5, 9, 6.625 ], "texture": "#diamond_sword" },
        "west":  { "uv": [ 4.75, 6.5, 4.875, 6.625 ], "texture": "#diamond_sword" },
        "east":  { "uv": [ 11.125, 6.5, 11.25, 6.625 ], "texture": "#diamond_sword" }
    }
},
{
    "__comment": "Minecraft",
    "from": [ 8.875, 9.25, 5.125 ],
    "to": [ 9, 9.375, 5.25 ],
    "faces": {
        "down":  { "uv": [ 7.125, 5.25, 7, 5.125 ], "texture": "#texture" },
        "up":    { "uv": [ 8.875, 5.125, 9, 5.25 ], "texture": "#particle" },
        "north": { "uv": [ 7, 6.625, 7.125, 6.75 ], "texture": "#diamond_sword" },
        "south": { "uv": [ 8.875, 6.625, 9, 6.75 ], "texture": "#diamond_sword" },
        "west":  { "uv": [ 5.125, 6.625, 5.25, 6.75 ], "texture": "#diamond_sword" },
        "east":  { "uv": [ 10.75, 6.625, 10.875, 6.75 ], "texture": "#diamond_sword" }
    }
},
{
    "__comment": "Minecraft",
    "from": [ 8.875, 9.125, 5.875 ],
    "to": [ 9, 9.25, 6 ],
    "faces": {
        "down":  { "uv": [ 7.125, 6, 7, 5.875 ], "texture": "#texture" },
        "up":    { "uv": [ 8.875, 5.875, 9, 6 ], "texture": "#particle" },
        "north": { "uv": [ 7, 6.75, 7.125, 6.875 ], "texture": "#diamond_sword" },
        "south": { "uv": [ 8.875, 6.75, 9, 6.875 ], "texture": "#diamond_sword" },
        "west":  { "uv": [ 5.875, 6.75, 6, 6.875 ], "texture": "#diamond_sword" },
        "east":  { "uv": [ 10, 6.75, 10.125, 6.875 ], "texture": "#diamond_sword" }
    }
},
{
    "__comment": "Minecraft",
    "from": [ 9, 9.125, 1.875 ],
    "to": [ 9.125, 9.25, 2 ],
    "faces": {
        "down":  { "uv": [ 7, 2, 6.875, 1.875 ], "texture": "#texture" },
        "up":    { "uv": [ 9, 1.875, 9.125, 2 ], "texture": "#particle" },
        "north": { "uv": [ 6.875, 6.75, 7, 6.875 ], "texture": "#diamond_sword" },
        "south": { "uv": [ 9, 6.75, 9.125, 6.875 ], "texture": "#diamond_sword" },
        "west":  { "uv": [ 1.875, 6.75, 2, 6.875 ], "texture": "#diamond_sword" },
        "east":  { "uv": [ 14, 6.75, 14.125, 6.875 ], "texture": "#diamond_sword" }
    }
},
{
    "__comment": "Minecraft",
    "from": [ 9, 9, 3 ],
    "to": [ 9.125, 9.125, 4 ],
    "faces": {
        "down":  { "uv": [ 7, 4, 6.875, 3 ], "texture": "#texture" },
        "up":    { "uv": [ 9, 3, 9.125, 4 ], "texture": "#particle" },
        "north": { "uv": [ 6.875, 6.875, 7, 7 ], "texture": "#diamond_sword" },
        "south": { "uv": [ 9, 6.875, 9.125, 7 ], "texture": "#diamond_sword" },
        "west":  { "uv": [ 3, 6.875, 4, 7 ], "texture": "#diamond_sword" },
        "east":  { "uv": [ 12, 6.875, 13, 7 ], "texture": "#diamond_sword" }
    }
},
{
    "__comment": "Minecraft",
    "from": [ 9, 9.25, 3 ],
    "to": [ 9.125, 9.375, 4 ],
    "faces": {
        "down":  { "uv": [ 7, 4, 6.875, 3 ], "texture": "#texture" },
        "up":    { "uv": [ 9, 3, 9.125, 4 ], "texture": "#particle" },
        "north": { "uv": [ 6.875, 6.625, 7, 6.75 ], "texture": "#diamond_sword" },
        "south": { "uv": [ 9, 6.625, 9.125, 6.75 ], "texture": "#diamond_sword" },
        "west":  { "uv": [ 3, 6.625, 4, 6.75 ], "texture": "#diamond_sword" },
        "east":  { "uv": [ 12, 6.625, 13, 6.75 ], "texture": "#diamond_sword" }
    }
},
{
    "__comment": "Minecraft",
    "from": [ 9, 9.375, 3.5 ],
    "to": [ 9.125, 9.5, 4.25 ],
    "faces": {
        "down":  { "uv": [ 7, 4.25, 6.875, 3.5 ], "texture": "#texture" },
        "up":    { "uv": [ 9, 3.5, 9.125, 4.25 ], "texture": "#particle" },
        "north": { "uv": [ 6.875, 6.5, 7, 6.625 ], "texture": "#diamond_sword" },
        "south": { "uv": [ 9, 6.5, 9.125, 6.625 ], "texture": "#diamond_sword" },
        "west":  { "uv": [ 3.5, 6.5, 4.25, 6.625 ], "texture": "#diamond_sword" },
        "east":  { "uv": [ 11.75, 6.5, 12.5, 6.625 ], "texture": "#diamond_sword" }
    }
},
{
    "__comment": "Minecraft",
    "from": [ 9, 8.875, 4.375 ],
    "to": [ 9.125, 9, 4.5 ],
    "faces": {
        "down":  { "uv": [ 7, 4.5, 6.875, 4.375 ], "texture": "#texture" },
        "up":    { "uv": [ 9, 4.375, 9.125, 4.5 ], "texture": "#particle" },
        "north": { "uv": [ 6.875, 7, 7, 7.125 ], "texture": "#diamond_sword" },
        "south": { "uv": [ 9, 7, 9.125, 7.125 ], "texture": "#diamond_sword" },
        "west":  { "uv": [ 4.375, 7, 4.5, 7.125 ], "texture": "#diamond_sword" },
        "east":  { "uv": [ 11.5, 7, 11.625, 7.125 ], "texture": "#diamond_sword" }
    }
},
{
    "__comment": "Minecraft",
    "from": [ 9, 9.375, 4.375 ],
    "to": [ 9.125, 9.5, 4.5 ],
    "faces": {
        "down":  { "uv": [ 7, 4.5, 6.875, 4.375 ], "texture": "#texture" },
        "up":    { "uv": [ 9, 4.375, 9.125, 4.5 ], "texture": "#particle" },
        "north": { "uv": [ 6.875, 6.5, 7, 6.625 ], "texture": "#diamond_sword" },
        "south": { "uv": [ 9, 6.5, 9.125, 6.625 ], "texture": "#diamond_sword" },
        "west":  { "uv": [ 4.375, 6.5, 4.5, 6.625 ], "texture": "#diamond_sword" },
        "east":  { "uv": [ 11.5, 6.5, 11.625, 6.625 ], "texture": "#diamond_sword" }
    }
},
{
    "__comment": "Minecraft",
    "from": [ 9, 9.25, 4.5 ],
    "to": [ 9.125, 9.375, 4.875 ],
    "faces": {
        "down":  { "uv": [ 7, 4.875, 6.875, 4.5 ], "texture": "#texture" },
        "up":    { "uv": [ 9, 4.5, 9.125, 4.875 ], "texture": "#particle" },
        "north": { "uv": [ 6.875, 6.625, 7, 6.75 ], "texture": "#diamond_sword" },
        "south": { "uv": [ 9, 6.625, 9.125, 6.75 ], "texture": "#diamond_sword" },
        "west":  { "uv": [ 4.5, 6.625, 4.875, 6.75 ], "texture": "#diamond_sword" },
        "east":  { "uv": [ 11.125, 6.625, 11.5, 6.75 ], "texture": "#diamond_sword" }
    }
},
{
    "__comment": "Minecraft",
    "from": [ 9, 9, 4.625 ],
    "to": [ 9.125, 9.125, 4.875 ],
    "faces": {
        "down":  { "uv": [ 7, 4.875, 6.875, 4.625 ], "texture": "#texture" },
        "up":    { "uv": [ 9, 4.625, 9.125, 4.875 ], "texture": "#particle" },
        "north": { "uv": [ 6.875, 6.875, 7, 7 ], "texture": "#diamond_sword" },
        "south": { "uv": [ 9, 6.875, 9.125, 7 ], "texture": "#diamond_sword" },
        "west":  { "uv": [ 4.625, 6.875, 4.875, 7 ], "texture": "#diamond_sword" },
        "east":  { "uv": [ 11.125, 6.875, 11.375, 7 ], "texture": "#diamond_sword" }
    }
},
{
    "__comment": "Minecraft",
    "from": [ 9.125, 9.125, 2.625 ],
    "to": [ 9.25, 9.25, 3.625 ],
    "faces": {
        "down":  { "uv": [ 6.875, 3.625, 6.75, 2.625 ], "texture": "#texture" },
        "up":    { "uv": [ 9.125, 2.625, 9.25, 3.625 ], "texture": "#particle" },
        "north": { "uv": [ 6.75, 6.75, 6.875, 6.875 ], "texture": "#diamond_sword" },
        "south": { "uv": [ 9.125, 6.75, 9.25, 6.875 ], "texture": "#diamond_sword" },
        "west":  { "uv": [ 2.625, 6.75, 3.625, 6.875 ], "texture": "#diamond_sword" },
        "east":  { "uv": [ 12.375, 6.75, 13.375, 6.875 ], "texture": "#diamond_sword" }
    }
},
{
    "__comment": "Minecraft",
    "from": [ 9.125, 9, 3.375 ],
    "to": [ 9.25, 9.125, 4 ],
    "faces": {
        "down":  { "uv": [ 6.875, 4, 6.75, 3.375 ], "texture": "#texture" },
        "up":    { "uv": [ 9.125, 3.375, 9.25, 4 ], "texture": "#particle" },
        "north": { "uv": [ 6.75, 6.875, 6.875, 7 ], "texture": "#diamond_sword" },
        "south": { "uv": [ 9.125, 6.875, 9.25, 7 ], "texture": "#diamond_sword" },
        "west":  { "uv": [ 3.375, 6.875, 4, 7 ], "texture": "#diamond_sword" },
        "east":  { "uv": [ 12, 6.875, 12.625, 7 ], "texture": "#diamond_sword" }
    }
},
{
    "__comment": "Minecraft",
    "from": [ 9.125, 9.25, 3.375 ],
    "to": [ 9.25, 9.375, 4 ],
    "faces": {
        "down":  { "uv": [ 6.875, 4, 6.75, 3.375 ], "texture": "#texture" },
        "up":    { "uv": [ 9.125, 3.375, 9.25, 4 ], "texture": "#particle" },
        "north": { "uv": [ 6.75, 6.625, 6.875, 6.75 ], "texture": "#diamond_sword" },
        "south": { "uv": [ 9.125, 6.625, 9.25, 6.75 ], "texture": "#diamond_sword" },
        "west":  { "uv": [ 3.375, 6.625, 4, 6.75 ], "texture": "#diamond_sword" },
        "east":  { "uv": [ 12, 6.625, 12.625, 6.75 ], "texture": "#diamond_sword" }
    }
},
{
    "__comment": "Minecraft",
    "from": [ 9.125, 9.25, 4.5 ],
    "to": [ 9.25, 9.375, 4.625 ],
    "faces": {
        "down":  { "uv": [ 6.875, 4.625, 6.75, 4.5 ], "texture": "#texture" },
        "up":    { "uv": [ 9.125, 4.5, 9.25, 4.625 ], "texture": "#particle" },
        "north": { "uv": [ 6.75, 6.625, 6.875, 6.75 ], "texture": "#diamond_sword" },
        "south": { "uv": [ 9.125, 6.625, 9.25, 6.75 ], "texture": "#diamond_sword" },
        "west":  { "uv": [ 4.5, 6.625, 4.625, 6.75 ], "texture": "#diamond_sword" },
        "east":  { "uv": [ 11.375, 6.625, 11.5, 6.75 ], "texture": "#diamond_sword" }
    }
},
{
    "__comment": "Minecraft",
    "from": [ 9.125, 9.125, 4.75 ],
    "to": [ 9.25, 9.25, 5.125 ],
    "faces": {
        "down":  { "uv": [ 6.875, 5.125, 6.75, 4.75 ], "texture": "#texture" },
        "up":    { "uv": [ 9.125, 4.75, 9.25, 5.125 ], "texture": "#particle" },
        "north": { "uv": [ 6.75, 6.75, 6.875, 6.875 ], "texture": "#diamond_sword" },
        "south": { "uv": [ 9.125, 6.75, 9.25, 6.875 ], "texture": "#diamond_sword" },
        "west":  { "uv": [ 4.75, 6.75, 5.125, 6.875 ], "texture": "#diamond_sword" },
        "east":  { "uv": [ 10.875, 6.75, 11.25, 6.875 ], "texture": "#diamond_sword" }
    }
},
{
    "__comment": "Minecraft",
    "from": [ 9.25, 9.125, 3 ],
    "to": [ 9.375, 9.25, 3.625 ],
    "faces": {
        "down":  { "uv": [ 6.75, 3.625, 6.625, 3 ], "texture": "#texture" },
        "up":    { "uv": [ 9.25, 3, 9.375, 3.625 ], "texture": "#particle" },
        "north": { "uv": [ 6.625, 6.75, 6.75, 6.875 ], "texture": "#diamond_sword" },
        "south": { "uv": [ 9.25, 6.75, 9.375, 6.875 ], "texture": "#diamond_sword" },
        "west":  { "uv": [ 3, 6.75, 3.625, 6.875 ], "texture": "#diamond_sword" },
        "east":  { "uv": [ 12.375, 6.75, 13, 6.875 ], "texture": "#diamond_sword" }
    }
},
{
    "__comment": "Minecraft",
    "from": [ 9.25, 9.125, 4.75 ],
    "to": [ 9.375, 9.25, 5 ],
    "faces": {
        "down":  { "uv": [ 6.75, 5, 6.625, 4.75 ], "texture": "#texture" },
        "up":    { "uv": [ 9.25, 4.75, 9.375, 5 ], "texture": "#particle" },
        "north": { "uv": [ 6.625, 6.75, 6.75, 6.875 ], "texture": "#diamond_sword" },
        "south": { "uv": [ 9.25, 6.75, 9.375, 6.875 ], "texture": "#diamond_sword" },
        "west":  { "uv": [ 4.75, 6.75, 5, 6.875 ], "texture": "#diamond_sword" },
        "east":  { "uv": [ 11, 6.75, 11.25, 6.875 ], "texture": "#diamond_sword" }
    }
},
{
    "__comment": "Minecraft",
    "from": [ 9.375, 9.125, 3.25 ],
    "to": [ 9.5, 9.25, 3.625 ],
    "faces": {
        "down":  { "uv": [ 6.625, 3.625, 6.5, 3.25 ], "texture": "#texture" },
        "up":    { "uv": [ 9.375, 3.25, 9.5, 3.625 ], "texture": "#particle" },
        "north": { "uv": [ 6.5, 6.75, 6.625, 6.875 ], "texture": "#diamond_sword" },
        "south": { "uv": [ 9.375, 6.75, 9.5, 6.875 ], "texture": "#diamond_sword" },
        "west":  { "uv": [ 3.25, 6.75, 3.625, 6.875 ], "texture": "#diamond_sword" },
        "east":  { "uv": [ 12.375, 6.75, 12.75, 6.875 ], "texture": "#diamond_sword" }
    }
},
{
    "__comment": "Minecraft",
    "from": [ 9.375, 9.125, 4.25 ],
    "to": [ 9.5, 9.25, 4.625 ],
    "faces": {
        "down":  { "uv": [ 6.625, 4.625, 6.5, 4.25 ], "texture": "#texture" },
        "up":    { "uv": [ 9.375, 4.25, 9.5, 4.625 ], "texture": "#particle" },
        "north": { "uv": [ 6.5, 6.75, 6.625, 6.875 ], "texture": "#diamond_sword" },
        "south": { "uv": [ 9.375, 6.75, 9.5, 6.875 ], "texture": "#diamond_sword" },
        "west":  { "uv": [ 4.25, 6.75, 4.625, 6.875 ], "texture": "#diamond_sword" },
        "east":  { "uv": [ 11.375, 6.75, 11.75, 6.875 ], "texture": "#diamond_sword" }
    }
}
],
"display": {
    "thirdperson_righthand": {
        "rotation": [ -85, 0, 90 ],
        "translation": [ 2.08, 10.96, 2.08 ],
        "scale": [ 2.29, 2.29, 2.29 ]
    },
    "thirdperson_lefthand": {
        "rotation": [ -89, 0, -90 ],
        "translation": [ -2.65, 10.58, 1.32 ],
        "scale": [ 2.29, 2.29, 2.29 ]
    },
    "head": {
        "rotation": [ 90, -45, 4 ],
        "translation": [ 2.46, -17.57, 0.94 ],
        "scale": [ 3.5, 3.5, 3.5 ]
    },
    "ground": {
        "rotation": [ -45, 0, 0 ],
        "translation": [ 0, 0, 0 ],
        "scale": [ 2, 2, 2 ]
    },
    "fixed": {
        "rotation": [ -90, 0, 0 ],
        "translation": [ 0, 0, 0 ],
        "scale": [ 2.7, 2.7, 2.7 ]
    },
    "firstperson_righthand": {
        "rotation": [ -94, 0, 90 ],
        "translation": [ 0, -1.7, 1.32 ],
        "scale": [ 2, 2, 2 ]
    },
    "firstperson_lefthand": {
        "rotation": [ -94, 0, 90 ],
        "translation": [ -1.13, -1.7, 0.19 ],
        "scale": [ 2, 2, 2 ]
    },
    "gui": {
        "rotation": [ 90, -135, 0 ],
        "translation": [ 0, 0, 0 ],
        "scale": [ 1.5, 1.5, 1.5 ]
    }
}
}