{
"__comment": "Designed by Tf7717435 with BDcraft Cubik PRO 0.96 Beta - http://bdcraft.net",
"textures": {
    "particle": "item/ranliao/dandelion_yellow1",
    "texture": "item/ranliao/dandelion_yellow"
},
"elements": [ 
{
    "__comment": "Minecraft",
    "from": [ 1.75, 9.25, 8 ],
    "to": [ 14.5, 10.625, 8.25 ],
    "faces": {
        "down":  { "uv": [ 14.25, 8.25, 1.5, 8 ], "texture": "#texture" },
        "up":    { "uv": [ 1.75, 8, 14.5, 8.25 ], "texture": "#texture" },
        "north": { "uv": [ 1.5, 5.375, 14.25, 6.75 ], "texture": "#texture" },
        "south": { "uv": [ 1.75, 5.375, 14.5, 6.75 ], "texture": "#texture" },
        "west":  { "uv": [ 8, 5.375, 8.25, 6.75 ], "texture": "#texture" },
        "east":  { "uv": [ 7.75, 5.375, 8, 6.75 ], "texture": "#texture" }
    }
},
{
    "__comment": "Minecraft",
    "from": [ 2, 7.875, 8 ],
    "to": [ 14.5, 9.25, 8.25 ],
    "faces": {
        "down":  { "uv": [ 14, 8.25, 1.5, 8 ], "texture": "#texture" },
        "up":    { "uv": [ 2, 8, 14.5, 8.25 ], "texture": "#texture" },
        "north": { "uv": [ 1.5, 6.75, 14, 8.125 ], "texture": "#texture" },
        "south": { "uv": [ 2, 6.75, 14.5, 8.125 ], "texture": "#texture" },
        "west":  { "uv": [ 8, 6.75, 8.25, 8.125 ], "texture": "#texture" },
        "east":  { "uv": [ 7.75, 6.75, 8, 8.125 ], "texture": "#texture" }
    }
},
{
    "__comment": "Minecraft",
    "from": [ 2, 10.625, 8 ],
    "to": [ 14.5, 11.625, 8.25 ],
    "faces": {
        "down":  { "uv": [ 14, 8.25, 1.5, 8 ], "texture": "#texture" },
        "up":    { "uv": [ 2, 8, 14.5, 8.25 ], "texture": "#texture" },
        "north": { "uv": [ 1.5, 4.375, 14, 5.375 ], "texture": "#texture" },
        "south": { "uv": [ 2, 4.375, 14.5, 5.375 ], "texture": "#texture" },
        "west":  { "uv": [ 8, 4.375, 8.25, 5.375 ], "texture": "#texture" },
        "east":  { "uv": [ 7.75, 4.375, 8, 5.375 ], "texture": "#texture" }
    }
},
{
    "__comment": "Minecraft",
    "from": [ 2.25, 7, 8 ],
    "to": [ 14, 7.875, 8.25 ],
    "faces": {
        "down":  { "uv": [ 13.75, 8.25, 2, 8 ], "texture": "#texture" },
        "up":    { "uv": [ 2.25, 8, 14, 8.25 ], "texture": "#texture" },
        "north": { "uv": [ 2, 8.125, 13.75, 9 ], "texture": "#texture" },
        "south": { "uv": [ 2.25, 8.125, 14, 9 ], "texture": "#texture" },
        "west":  { "uv": [ 8, 8.125, 8.25, 9 ], "texture": "#texture" },
        "east":  { "uv": [ 7.75, 8.125, 8, 9 ], "texture": "#texture" }
    }
},
{
    "__comment": "Minecraft",
    "from": [ 2.25, 11.625, 8 ],
    "to": [ 14.25, 12.5, 8.25 ],
    "faces": {
        "down":  { "uv": [ 13.75, 8.25, 1.75, 8 ], "texture": "#texture" },
        "up":    { "uv": [ 2.25, 8, 14.25, 8.25 ], "texture": "#texture" },
        "north": { "uv": [ 1.75, 3.5, 13.75, 4.375 ], "texture": "#texture" },
        "south": { "uv": [ 2.25, 3.5, 14.25, 4.375 ], "texture": "#texture" },
        "west":  { "uv": [ 8, 3.5, 8.25, 4.375 ], "texture": "#texture" },
        "east":  { "uv": [ 7.75, 3.5, 8, 4.375 ], "texture": "#texture" }
    }
},
{
    "__comment": "Minecraft",
    "from": [ 2.625, 6.5, 8 ],
    "to": [ 13.75, 7, 8.25 ],
    "faces": {
        "down":  { "uv": [ 13.375, 8.25, 2.25, 8 ], "texture": "#texture" },
        "up":    { "uv": [ 2.625, 8, 13.75, 8.25 ], "texture": "#texture" },
        "north": { "uv": [ 2.25, 9, 13.375, 9.5 ], "texture": "#texture" },
        "south": { "uv": [ 2.625, 9, 13.75, 9.5 ], "texture": "#texture" },
        "west":  { "uv": [ 8, 9, 8.25, 9.5 ], "texture": "#texture" },
        "east":  { "uv": [ 7.75, 9, 8, 9.5 ], "texture": "#texture" }
    }
},
{
    "__comment": "Minecraft",
    "from": [ 2.625, 12.5, 8 ],
    "to": [ 14, 13, 8.25 ],
    "faces": {
        "down":  { "uv": [ 13.375, 8.25, 2, 8 ], "texture": "#texture" },
        "up":    { "uv": [ 2.625, 8, 14, 8.25 ], "texture": "#texture" },
        "north": { "uv": [ 2, 3, 13.375, 3.5 ], "texture": "#texture" },
        "south": { "uv": [ 2.625, 3, 14, 3.5 ], "texture": "#texture" },
        "west":  { "uv": [ 8, 3, 8.25, 3.5 ], "texture": "#texture" },
        "east":  { "uv": [ 7.75, 3, 8, 3.5 ], "texture": "#texture" }
    }
},
{
    "__comment": "Minecraft",
    "from": [ 2.875, 6.25, 8 ],
    "to": [ 13.75, 6.5, 8.25 ],
    "faces": {
        "down":  { "uv": [ 13.125, 8.25, 2.25, 8 ], "texture": "#texture" },
        "up":    { "uv": [ 2.875, 8, 13.75, 8.25 ], "texture": "#texture" },
        "north": { "uv": [ 2.25, 9.5, 13.125, 9.75 ], "texture": "#texture" },
        "south": { "uv": [ 2.875, 9.5, 13.75, 9.75 ], "texture": "#texture" },
        "west":  { "uv": [ 8, 9.5, 8.25, 9.75 ], "texture": "#texture" },
        "east":  { "uv": [ 7.75, 9.5, 8, 9.75 ], "texture": "#texture" }
    }
},
{
    "__comment": "Minecraft",
    "from": [ 2.875, 13, 8 ],
    "to": [ 13.75, 13.25, 8.25 ],
    "faces": {
        "down":  { "uv": [ 13.125, 8.25, 2.25, 8 ], "texture": "#texture" },
        "up":    { "uv": [ 2.875, 8, 13.75, 8.25 ], "texture": "#texture" },
        "north": { "uv": [ 2.25, 2.75, 13.125, 3 ], "texture": "#texture" },
        "south": { "uv": [ 2.875, 2.75, 13.75, 3 ], "texture": "#texture" },
        "west":  { "uv": [ 8, 2.75, 8.25, 3 ], "texture": "#texture" },
        "east":  { "uv": [ 7.75, 2.75, 8, 3 ], "texture": "#texture" }
    }
},
{
    "__comment": "Minecraft",
    "from": [ 3.125, 6, 8 ],
    "to": [ 13.375, 6.25, 8.25 ],
    "faces": {
        "down":  { "uv": [ 12.875, 8.25, 2.625, 8 ], "texture": "#texture" },
        "up":    { "uv": [ 3.125, 8, 13.375, 8.25 ], "texture": "#texture" },
        "north": { "uv": [ 2.625, 9.75, 12.875, 10 ], "texture": "#texture" },
        "south": { "uv": [ 3.125, 9.75, 13.375, 10 ], "texture": "#texture" },
        "west":  { "uv": [ 8, 9.75, 8.25, 10 ], "texture": "#texture" },
        "east":  { "uv": [ 7.75, 9.75, 8, 10 ], "texture": "#texture" }
    }
},
{
    "__comment": "Minecraft",
    "from": [ 3.125, 13.25, 8 ],
    "to": [ 13.375, 13.875, 8.25 ],
    "faces": {
        "down":  { "uv": [ 12.875, 8.25, 2.625, 8 ], "texture": "#texture" },
        "up":    { "uv": [ 3.125, 8, 13.375, 8.25 ], "texture": "#texture" },
        "north": { "uv": [ 2.625, 2.125, 12.875, 2.75 ], "texture": "#texture" },
        "south": { "uv": [ 3.125, 2.125, 13.375, 2.75 ], "texture": "#texture" },
        "west":  { "uv": [ 8, 2.125, 8.25, 2.75 ], "texture": "#texture" },
        "east":  { "uv": [ 7.75, 2.125, 8, 2.75 ], "texture": "#texture" }
    }
},
{
    "__comment": "Minecraft",
    "from": [ 3.375, 5.375, 8 ],
    "to": [ 13.125, 6, 8.25 ],
    "faces": {
        "down":  { "uv": [ 12.625, 8.25, 2.875, 8 ], "texture": "#texture" },
        "up":    { "uv": [ 3.375, 8, 13.125, 8.25 ], "texture": "#texture" },
        "north": { "uv": [ 2.875, 10, 12.625, 10.625 ], "texture": "#texture" },
        "south": { "uv": [ 3.375, 10, 13.125, 10.625 ], "texture": "#texture" },
        "west":  { "uv": [ 8, 10, 8.25, 10.625 ], "texture": "#texture" },
        "east":  { "uv": [ 7.75, 10, 8, 10.625 ], "texture": "#texture" }
    }
},
{
    "__comment": "Minecraft",
    "from": [ 3.375, 13.875, 8 ],
    "to": [ 13.125, 14.125, 8.25 ],
    "faces": {
        "down":  { "uv": [ 12.625, 8.25, 2.875, 8 ], "texture": "#texture" },
        "up":    { "uv": [ 3.375, 8, 13.125, 8.25 ], "texture": "#texture" },
        "north": { "uv": [ 2.875, 1.875, 12.625, 2.125 ], "texture": "#texture" },
        "south": { "uv": [ 3.375, 1.875, 13.125, 2.125 ], "texture": "#texture" },
        "west":  { "uv": [ 8, 1.875, 8.25, 2.125 ], "texture": "#texture" },
        "east":  { "uv": [ 7.75, 1.875, 8, 2.125 ], "texture": "#texture" }
    }
},
{
    "__comment": "Minecraft",
    "from": [ 3.625, 5.125, 8 ],
    "to": [ 12.875, 5.375, 8.25 ],
    "faces": {
        "down":  { "uv": [ 12.375, 8.25, 3.125, 8 ], "texture": "#texture" },
        "up":    { "uv": [ 3.625, 8, 12.875, 8.25 ], "texture": "#texture" },
        "north": { "uv": [ 3.125, 10.625, 12.375, 10.875 ], "texture": "#texture" },
        "south": { "uv": [ 3.625, 10.625, 12.875, 10.875 ], "texture": "#texture" },
        "west":  { "uv": [ 8, 10.625, 8.25, 10.875 ], "texture": "#texture" },
        "east":  { "uv": [ 7.75, 10.625, 8, 10.875 ], "texture": "#texture" }
    }
},
{
    "__comment": "Minecraft",
    "from": [ 3.625, 14.125, 8 ],
    "to": [ 12.875, 14.375, 8.25 ],
    "faces": {
        "down":  { "uv": [ 12.375, 8.25, 3.125, 8 ], "texture": "#texture" },
        "up":    { "uv": [ 3.625, 8, 12.875, 8.25 ], "texture": "#texture" },
        "north": { "uv": [ 3.125, 1.625, 12.375, 1.875 ], "texture": "#texture" },
        "south": { "uv": [ 3.625, 1.625, 12.875, 1.875 ], "texture": "#texture" },
        "west":  { "uv": [ 8, 1.625, 8.25, 1.875 ], "texture": "#texture" },
        "east":  { "uv": [ 7.75, 1.625, 8, 1.875 ], "texture": "#texture" }
    }
},
{
    "__comment": "Minecraft",
    "from": [ 3.875, 4.875, 8 ],
    "to": [ 12.625, 5.125, 8.25 ],
    "faces": {
        "down":  { "uv": [ 12.125, 8.25, 3.375, 8 ], "texture": "#texture" },
        "up":    { "uv": [ 3.875, 8, 12.625, 8.25 ], "texture": "#texture" },
        "north": { "uv": [ 3.375, 10.875, 12.125, 11.125 ], "texture": "#texture" },
        "south": { "uv": [ 3.875, 10.875, 12.625, 11.125 ], "texture": "#texture" },
        "west":  { "uv": [ 8, 10.875, 8.25, 11.125 ], "texture": "#texture" },
        "east":  { "uv": [ 7.75, 10.875, 8, 11.125 ], "texture": "#texture" }
    }
},
{
    "__comment": "Minecraft",
    "from": [ 3.875, 14.375, 8 ],
    "to": [ 12.625, 14.625, 8.25 ],
    "faces": {
        "down":  { "uv": [ 12.125, 8.25, 3.375, 8 ], "texture": "#texture" },
        "up":    { "uv": [ 3.875, 8, 12.625, 8.25 ], "texture": "#texture" },
        "north": { "uv": [ 3.375, 1.375, 12.125, 1.625 ], "texture": "#texture" },
        "south": { "uv": [ 3.875, 1.375, 12.625, 1.625 ], "texture": "#texture" },
        "west":  { "uv": [ 8, 1.375, 8.25, 1.625 ], "texture": "#texture" },
        "east":  { "uv": [ 7.75, 1.375, 8, 1.625 ], "texture": "#texture" }
    }
},
{
    "__comment": "Minecraft",
    "from": [ 4.25, 14.625, 8 ],
    "to": [ 12.375, 14.875, 8.25 ],
    "faces": {
        "down":  { "uv": [ 11.75, 8.25, 3.625, 8 ], "texture": "#texture" },
        "up":    { "uv": [ 4.25, 8, 12.375, 8.25 ], "texture": "#texture" },
        "north": { "uv": [ 3.625, 1.125, 11.75, 1.375 ], "texture": "#texture" },
        "south": { "uv": [ 4.25, 1.125, 12.375, 1.375 ], "texture": "#texture" },
        "west":  { "uv": [ 8, 1.125, 8.25, 1.375 ], "texture": "#texture" },
        "east":  { "uv": [ 7.75, 1.125, 8, 1.375 ], "texture": "#texture" }
    }
},
{
    "__comment": "Minecraft",
    "from": [ 4.5, 4.625, 8 ],
    "to": [ 12.125, 4.875, 8.25 ],
    "faces": {
        "down":  { "uv": [ 11.5, 8.25, 3.875, 8 ], "texture": "#texture" },
        "up":    { "uv": [ 4.5, 8, 12.125, 8.25 ], "texture": "#texture" },
        "north": { "uv": [ 3.875, 11.125, 11.5, 11.375 ], "texture": "#texture" },
        "south": { "uv": [ 4.5, 11.125, 12.125, 11.375 ], "texture": "#texture" },
        "west":  { "uv": [ 8, 11.125, 8.25, 11.375 ], "texture": "#texture" },
        "east":  { "uv": [ 7.75, 11.125, 8, 11.375 ], "texture": "#texture" }
    }
},
{
    "__comment": "Minecraft",
    "from": [ 4.75, 4.375, 8 ],
    "to": [ 11.75, 4.625, 8.25 ],
    "faces": {
        "down":  { "uv": [ 11.25, 8.25, 4.25, 8 ], "texture": "#texture" },
        "up":    { "uv": [ 4.75, 8, 11.75, 8.25 ], "texture": "#texture" },
        "north": { "uv": [ 4.25, 11.375, 11.25, 11.625 ], "texture": "#texture" },
        "south": { "uv": [ 4.75, 11.375, 11.75, 11.625 ], "texture": "#texture" },
        "west":  { "uv": [ 8, 11.375, 8.25, 11.625 ], "texture": "#texture" },
        "east":  { "uv": [ 7.75, 11.375, 8, 11.625 ], "texture": "#texture" }
    }
},
{
    "__comment": "Minecraft",
    "from": [ 4.75, 14.875, 8 ],
    "to": [ 11.75, 15.125, 8.25 ],
    "faces": {
        "down":  { "uv": [ 11.25, 8.25, 4.25, 8 ], "texture": "#texture" },
        "up":    { "uv": [ 4.75, 8, 11.75, 8.25 ], "texture": "#texture" },
        "north": { "uv": [ 4.25, 0.875, 11.25, 1.125 ], "texture": "#texture" },
        "south": { "uv": [ 4.75, 0.875, 11.75, 1.125 ], "texture": "#texture" },
        "west":  { "uv": [ 8, 0.875, 8.25, 1.125 ], "texture": "#texture" },
        "east":  { "uv": [ 7.75, 0.875, 8, 1.125 ], "texture": "#texture" }
    }
},
{
    "__comment": "Minecraft",
    "from": [ 5, 15.125, 8 ],
    "to": [ 11.5, 15.5, 8.25 ],
    "faces": {
        "down":  { "uv": [ 11, 8.25, 4.5, 8 ], "texture": "#texture" },
        "up":    { "uv": [ 5, 8, 11.5, 8.25 ], "texture": "#texture" },
        "north": { "uv": [ 4.5, 0.5, 11, 0.875 ], "texture": "#texture" },
        "south": { "uv": [ 5, 0.5, 11.5, 0.875 ], "texture": "#texture" },
        "west":  { "uv": [ 8, 0.5, 8.25, 0.875 ], "texture": "#texture" },
        "east":  { "uv": [ 7.75, 0.5, 8, 0.875 ], "texture": "#texture" }
    }
},
{
    "__comment": "Minecraft",
    "from": [ 5.25, 4.125, 8 ],
    "to": [ 11.25, 4.375, 8.25 ],
    "faces": {
        "down":  { "uv": [ 10.75, 8.25, 4.75, 8 ], "texture": "#texture" },
        "up":    { "uv": [ 5.25, 8, 11.25, 8.25 ], "texture": "#texture" },
        "north": { "uv": [ 4.75, 11.625, 10.75, 11.875 ], "texture": "#texture" },
        "south": { "uv": [ 5.25, 11.625, 11.25, 11.875 ], "texture": "#texture" },
        "west":  { "uv": [ 8, 11.625, 8.25, 11.875 ], "texture": "#texture" },
        "east":  { "uv": [ 7.75, 11.625, 8, 11.875 ], "texture": "#texture" }
    }
},
{
    "__comment": "Minecraft",
    "from": [ 5.5, 15.5, 8 ],
    "to": [ 11, 15.75, 8.25 ],
    "faces": {
        "down":  { "uv": [ 10.5, 8.25, 5, 8 ], "texture": "#texture" },
        "up":    { "uv": [ 5.5, 8, 11, 8.25 ], "texture": "#texture" },
        "north": { "uv": [ 5, 0.25, 10.5, 0.5 ], "texture": "#texture" },
        "south": { "uv": [ 5.5, 0.25, 11, 0.5 ], "texture": "#texture" },
        "west":  { "uv": [ 8, 0.25, 8.25, 0.5 ], "texture": "#texture" },
        "east":  { "uv": [ 7.75, 0.25, 8, 0.5 ], "texture": "#texture" }
    }
},
{
    "__comment": "Minecraft",
    "from": [ 5.875, 3.75, 8 ],
    "to": [ 10.75, 4.125, 8.25 ],
    "faces": {
        "down":  { "uv": [ 10.125, 8.25, 5.25, 8 ], "texture": "#texture" },
        "up":    { "uv": [ 5.875, 8, 10.75, 8.25 ], "texture": "#texture" },
        "north": { "uv": [ 5.25, 11.875, 10.125, 12.25 ], "texture": "#texture" },
        "south": { "uv": [ 5.875, 11.875, 10.75, 12.25 ], "texture": "#texture" },
        "west":  { "uv": [ 8, 11.875, 8.25, 12.25 ], "texture": "#texture" },
        "east":  { "uv": [ 7.75, 11.875, 8, 12.25 ], "texture": "#texture" }
    }
},
{
    "__comment": "Minecraft",
    "from": [ 6.375, 3.5, 8 ],
    "to": [ 10.125, 3.75, 8.25 ],
    "faces": {
        "down":  { "uv": [ 9.625, 8.25, 5.875, 8 ], "texture": "#texture" },
        "up":    { "uv": [ 6.375, 8, 10.125, 8.25 ], "texture": "#texture" },
        "north": { "uv": [ 5.875, 12.25, 9.625, 12.5 ], "texture": "#texture" },
        "south": { "uv": [ 6.375, 12.25, 10.125, 12.5 ], "texture": "#texture" },
        "west":  { "uv": [ 8, 12.25, 8.25, 12.5 ], "texture": "#texture" },
        "east":  { "uv": [ 7.75, 12.25, 8, 12.5 ], "texture": "#texture" }
    }
},
{
    "__comment": "Minecraft",
    "from": [ 6.375, 15.75, 8 ],
    "to": [ 10.125, 16, 8.25 ],
    "faces": {
        "down":  { "uv": [ 9.625, 8.25, 5.875, 8 ], "texture": "#texture" },
        "up":    { "uv": [ 6.375, 8, 10.125, 8.25 ], "texture": "#texture" },
        "north": { "uv": [ 5.875, 0, 9.625, 0.25 ], "texture": "#texture" },
        "south": { "uv": [ 6.375, 0, 10.125, 0.25 ], "texture": "#texture" },
        "west":  { "uv": [ 8, 0, 8.25, 0.25 ], "texture": "#texture" },
        "east":  { "uv": [ 7.75, 0, 8, 0.25 ], "texture": "#texture" }
    }
},
{
    "__comment": "Minecraft",
    "from": [ 13.75, 6.75, 8 ],
    "to": [ 14, 7, 8.25 ],
    "faces": {
        "down":  { "uv": [ 2.25, 8.25, 2, 8 ], "texture": "#texture" },
        "up":    { "uv": [ 13.75, 8, 14, 8.25 ], "texture": "#texture" },
        "north": { "uv": [ 2, 9, 2.25, 9.25 ], "texture": "#texture" },
        "south": { "uv": [ 13.75, 9, 14, 9.25 ], "texture": "#texture" },
        "west":  { "uv": [ 8, 9, 8.25, 9.25 ], "texture": "#texture" },
        "east":  { "uv": [ 7.75, 9, 8, 9.25 ], "texture": "#texture" }
    }
},
{
    "__comment": "Minecraft",
    "from": [ 14, 7.375, 8 ],
    "to": [ 14.25, 7.875, 8.25 ],
    "faces": {
        "down":  { "uv": [ 2, 8.25, 1.75, 8 ], "texture": "#texture" },
        "up":    { "uv": [ 14, 8, 14.25, 8.25 ], "texture": "#texture" },
        "north": { "uv": [ 1.75, 8.125, 2, 8.625 ], "texture": "#texture" },
        "south": { "uv": [ 14, 8.125, 14.25, 8.625 ], "texture": "#texture" },
        "west":  { "uv": [ 8, 8.125, 8.25, 8.625 ], "texture": "#texture" },
        "east":  { "uv": [ 7.75, 8.125, 8, 8.625 ], "texture": "#texture" }
    }
}
],
"display": {
    "thirdperson_righthand": {
        "rotation": [ 0, 0, 0 ],
        "translation": [ 0, 0, 0 ],
        "scale": [ 0.5, 0.5, 1 ]
    },
    "thirdperson_lefthand": {
        "rotation": [ 0, 0, 0 ],
        "translation": [ 0, 0, 0 ],
        "scale": [ 0.5, 0.5, 1 ]
    },
    "ground": {
        "rotation": [ 0, 0, 0 ],
        "translation": [ 0, 0, 0 ],
        "scale": [ 1, 1, 1 ]
    },
    "fixed": {
        "rotation": [ 0, 0, 0 ],
        "translation": [ 0, 0, -0.57 ],
        "scale": [ 1, 1, 1 ]
    },
    "firstperson_righthand": {
        "rotation": [ 0, 0, 0 ],
        "translation": [ 0, 0, 0 ],
        "scale": [ 0.5, 0.5, 1 ]
    },
    "firstperson_lefthand": {
        "rotation": [ 0, 0, 0 ],
        "translation": [ 0, 0, 0 ],
        "scale": [ 0.5, 0.5, 1 ]
    },
    "gui": {
        "rotation": [ 0, 0, 0 ],
        "translation": [ 0, -2.27, 0 ],
        "scale": [ 1, 1, 1 ]
    }
}
}