{
"__comment": "Designed by Tf7717435 with BDcraft Cubik PRO 0.96 Beta - http://bdcraft.net",
"textures": {
    "particle": "item/ranliao/gray_dye1",
    "texture": "item/ranliao/gray_dye"
},
"elements": [ 
{
    "__comment": "Minecraft",
    "from": [ 1.25, 6.5, 8 ],
    "to": [ 13.875, 12.125, 8.25 ],
    "faces": {
        "down":  { "uv": [ 14.75, 8.25, 2.125, 8 ], "texture": "#texture" },
        "up":    { "uv": [ 1.25, 8, 13.875, 8.25 ], "texture": "#texture" },
        "north": { "uv": [ 2.125, 3.875, 14.75, 9.5 ], "texture": "#texture" },
        "south": { "uv": [ 1.25, 3.875, 13.875, 9.5 ], "texture": "#particle" },
        "west":  { "uv": [ 8, 3.875, 8.25, 9.5 ], "texture": "#texture" },
        "east":  { "uv": [ 7.75, 3.875, 8, 9.5 ], "texture": "#texture" }
    }
},
{
    "__comment": "Minecraft",
    "from": [ 1.5, 6.25, 8 ],
    "to": [ 13.625, 6.5, 8.25 ],
    "faces": {
        "down":  { "uv": [ 14.5, 8.25, 2.375, 8 ], "texture": "#texture" },
        "up":    { "uv": [ 1.5, 8, 13.625, 8.25 ], "texture": "#texture" },
        "north": { "uv": [ 2.375, 9.5, 14.5, 9.75 ], "texture": "#texture" },
        "south": { "uv": [ 1.5, 9.5, 13.625, 9.75 ], "texture": "#particle" },
        "west":  { "uv": [ 8, 9.5, 8.25, 9.75 ], "texture": "#texture" },
        "east":  { "uv": [ 7.75, 9.5, 8, 9.75 ], "texture": "#texture" }
    }
},
{
    "__comment": "Minecraft",
    "from": [ 1.5, 12.125, 8 ],
    "to": [ 13.625, 12.375, 8.25 ],
    "faces": {
        "down":  { "uv": [ 14.5, 8.25, 2.375, 8 ], "texture": "#texture" },
        "up":    { "uv": [ 1.5, 8, 13.625, 8.25 ], "texture": "#texture" },
        "north": { "uv": [ 2.375, 3.625, 14.5, 3.875 ], "texture": "#texture" },
        "south": { "uv": [ 1.5, 3.625, 13.625, 3.875 ], "texture": "#particle" },
        "west":  { "uv": [ 8, 3.625, 8.25, 3.875 ], "texture": "#texture" },
        "east":  { "uv": [ 7.75, 3.625, 8, 3.875 ], "texture": "#texture" }
    }
},
{
    "__comment": "Minecraft",
    "from": [ 1.75, 5.875, 8 ],
    "to": [ 13.375, 6.25, 8.25 ],
    "faces": {
        "down":  { "uv": [ 14.25, 8.25, 2.625, 8 ], "texture": "#texture" },
        "up":    { "uv": [ 1.75, 8, 13.375, 8.25 ], "texture": "#texture" },
        "north": { "uv": [ 2.625, 9.75, 14.25, 10.125 ], "texture": "#texture" },
        "south": { "uv": [ 1.75, 9.75, 13.375, 10.125 ], "texture": "#particle" },
        "west":  { "uv": [ 8, 9.75, 8.25, 10.125 ], "texture": "#texture" },
        "east":  { "uv": [ 7.75, 9.75, 8, 10.125 ], "texture": "#texture" }
    }
},
{
    "__comment": "Minecraft",
    "from": [ 2.125, 5.625, 8 ],
    "to": [ 13.125, 5.875, 8.25 ],
    "faces": {
        "down":  { "uv": [ 13.875, 8.25, 2.875, 8 ], "texture": "#texture" },
        "up":    { "uv": [ 2.125, 8, 13.125, 8.25 ], "texture": "#texture" },
        "north": { "uv": [ 2.875, 10.125, 13.875, 10.375 ], "texture": "#texture" },
        "south": { "uv": [ 2.125, 10.125, 13.125, 10.375 ], "texture": "#particle" },
        "west":  { "uv": [ 8, 10.125, 8.25, 10.375 ], "texture": "#texture" },
        "east":  { "uv": [ 7.75, 10.125, 8, 10.375 ], "texture": "#texture" }
    }
},
{
    "__comment": "Minecraft",
    "from": [ 2.125, 12.375, 8 ],
    "to": [ 13.375, 12.625, 8.25 ],
    "faces": {
        "down":  { "uv": [ 13.875, 8.25, 2.625, 8 ], "texture": "#texture" },
        "up":    { "uv": [ 2.125, 8, 13.375, 8.25 ], "texture": "#texture" },
        "north": { "uv": [ 2.625, 3.375, 13.875, 3.625 ], "texture": "#texture" },
        "south": { "uv": [ 2.125, 3.375, 13.375, 3.625 ], "texture": "#particle" },
        "west":  { "uv": [ 8, 3.375, 8.25, 3.625 ], "texture": "#texture" },
        "east":  { "uv": [ 7.75, 3.375, 8, 3.625 ], "texture": "#texture" }
    }
},
{
    "__comment": "Minecraft",
    "from": [ 2.375, 5.375, 8 ],
    "to": [ 12.875, 5.625, 8.25 ],
    "faces": {
        "down":  { "uv": [ 13.625, 8.25, 3.125, 8 ], "texture": "#texture" },
        "up":    { "uv": [ 2.375, 8, 12.875, 8.25 ], "texture": "#texture" },
        "north": { "uv": [ 3.125, 10.375, 13.625, 10.625 ], "texture": "#texture" },
        "south": { "uv": [ 2.375, 10.375, 12.875, 10.625 ], "texture": "#particle" },
        "west":  { "uv": [ 8, 10.375, 8.25, 10.625 ], "texture": "#texture" },
        "east":  { "uv": [ 7.75, 10.375, 8, 10.625 ], "texture": "#texture" }
    }
},
{
    "__comment": "Minecraft",
    "from": [ 2.375, 12.625, 8 ],
    "to": [ 13.375, 12.875, 8.25 ],
    "faces": {
        "down":  { "uv": [ 13.625, 8.25, 2.625, 8 ], "texture": "#texture" },
        "up":    { "uv": [ 2.375, 8, 13.375, 8.25 ], "texture": "#texture" },
        "north": { "uv": [ 2.625, 3.125, 13.625, 3.375 ], "texture": "#texture" },
        "south": { "uv": [ 2.375, 3.125, 13.375, 3.375 ], "texture": "#particle" },
        "west":  { "uv": [ 8, 3.125, 8.25, 3.375 ], "texture": "#texture" },
        "east":  { "uv": [ 7.75, 3.125, 8, 3.375 ], "texture": "#texture" }
    }
},
{
    "__comment": "Minecraft",
    "from": [ 2.625, 5.125, 8 ],
    "to": [ 12.625, 5.375, 8.25 ],
    "faces": {
        "down":  { "uv": [ 13.375, 8.25, 3.375, 8 ], "texture": "#texture" },
        "up":    { "uv": [ 2.625, 8, 12.625, 8.25 ], "texture": "#texture" },
        "north": { "uv": [ 3.375, 10.625, 13.375, 10.875 ], "texture": "#texture" },
        "south": { "uv": [ 2.625, 10.625, 12.625, 10.875 ], "texture": "#particle" },
        "west":  { "uv": [ 8, 10.625, 8.25, 10.875 ], "texture": "#texture" },
        "east":  { "uv": [ 7.75, 10.625, 8, 10.875 ], "texture": "#texture" }
    }
},
{
    "__comment": "Minecraft",
    "from": [ 2.625, 12.875, 8 ],
    "to": [ 13.125, 13.125, 8.25 ],
    "faces": {
        "down":  { "uv": [ 13.375, 8.25, 2.875, 8 ], "texture": "#texture" },
        "up":    { "uv": [ 2.625, 8, 13.125, 8.25 ], "texture": "#texture" },
        "north": { "uv": [ 2.875, 2.875, 13.375, 3.125 ], "texture": "#texture" },
        "south": { "uv": [ 2.625, 2.875, 13.125, 3.125 ], "texture": "#particle" },
        "west":  { "uv": [ 8, 2.875, 8.25, 3.125 ], "texture": "#texture" },
        "east":  { "uv": [ 7.75, 2.875, 8, 3.125 ], "texture": "#texture" }
    }
},
{
    "__comment": "Minecraft",
    "from": [ 2.875, 4.875, 8 ],
    "to": [ 12.375, 5.125, 8.25 ],
    "faces": {
        "down":  { "uv": [ 13.125, 8.25, 3.625, 8 ], "texture": "#texture" },
        "up":    { "uv": [ 2.875, 8, 12.375, 8.25 ], "texture": "#texture" },
        "north": { "uv": [ 3.625, 10.875, 13.125, 11.125 ], "texture": "#texture" },
        "south": { "uv": [ 2.875, 10.875, 12.375, 11.125 ], "texture": "#particle" },
        "west":  { "uv": [ 8, 10.875, 8.25, 11.125 ], "texture": "#texture" },
        "east":  { "uv": [ 7.75, 10.875, 8, 11.125 ], "texture": "#texture" }
    }
},
{
    "__comment": "Minecraft",
    "from": [ 2.875, 13.125, 8 ],
    "to": [ 12.875, 13.375, 8.25 ],
    "faces": {
        "down":  { "uv": [ 13.125, 8.25, 3.125, 8 ], "texture": "#texture" },
        "up":    { "uv": [ 2.875, 8, 12.875, 8.25 ], "texture": "#texture" },
        "north": { "uv": [ 3.125, 2.625, 13.125, 2.875 ], "texture": "#texture" },
        "south": { "uv": [ 2.875, 2.625, 12.875, 2.875 ], "texture": "#particle" },
        "west":  { "uv": [ 8, 2.625, 8.25, 2.875 ], "texture": "#texture" },
        "east":  { "uv": [ 7.75, 2.625, 8, 2.875 ], "texture": "#texture" }
    }
},
{
    "__comment": "Minecraft",
    "from": [ 3.125, 4.625, 8 ],
    "to": [ 12.125, 4.875, 8.25 ],
    "faces": {
        "down":  { "uv": [ 12.875, 8.25, 3.875, 8 ], "texture": "#texture" },
        "up":    { "uv": [ 3.125, 8, 12.125, 8.25 ], "texture": "#texture" },
        "north": { "uv": [ 3.875, 11.125, 12.875, 11.375 ], "texture": "#texture" },
        "south": { "uv": [ 3.125, 11.125, 12.125, 11.375 ], "texture": "#particle" },
        "west":  { "uv": [ 8, 11.125, 8.25, 11.375 ], "texture": "#texture" },
        "east":  { "uv": [ 7.75, 11.125, 8, 11.375 ], "texture": "#texture" }
    }
},
{
    "__comment": "Minecraft",
    "from": [ 3.125, 13.375, 8 ],
    "to": [ 12.875, 13.625, 8.25 ],
    "faces": {
        "down":  { "uv": [ 12.875, 8.25, 3.125, 8 ], "texture": "#texture" },
        "up":    { "uv": [ 3.125, 8, 12.875, 8.25 ], "texture": "#texture" },
        "north": { "uv": [ 3.125, 2.375, 12.875, 2.625 ], "texture": "#texture" },
        "south": { "uv": [ 3.125, 2.375, 12.875, 2.625 ], "texture": "#particle" },
        "west":  { "uv": [ 8, 2.375, 8.25, 2.625 ], "texture": "#texture" },
        "east":  { "uv": [ 7.75, 2.375, 8, 2.625 ], "texture": "#texture" }
    }
},
{
    "__comment": "Minecraft",
    "from": [ 3.375, 4.375, 8 ],
    "to": [ 11.875, 4.625, 8.25 ],
    "faces": {
        "down":  { "uv": [ 12.625, 8.25, 4.125, 8 ], "texture": "#texture" },
        "up":    { "uv": [ 3.375, 8, 11.875, 8.25 ], "texture": "#texture" },
        "north": { "uv": [ 4.125, 11.375, 12.625, 11.625 ], "texture": "#texture" },
        "south": { "uv": [ 3.375, 11.375, 11.875, 11.625 ], "texture": "#particle" },
        "west":  { "uv": [ 8, 11.375, 8.25, 11.625 ], "texture": "#texture" },
        "east":  { "uv": [ 7.75, 11.375, 8, 11.625 ], "texture": "#texture" }
    }
},
{
    "__comment": "Minecraft",
    "from": [ 3.375, 13.625, 8 ],
    "to": [ 12.625, 13.875, 8.25 ],
    "faces": {
        "down":  { "uv": [ 12.625, 8.25, 3.375, 8 ], "texture": "#texture" },
        "up":    { "uv": [ 3.375, 8, 12.625, 8.25 ], "texture": "#texture" },
        "north": { "uv": [ 3.375, 2.125, 12.625, 2.375 ], "texture": "#texture" },
        "south": { "uv": [ 3.375, 2.125, 12.625, 2.375 ], "texture": "#particle" },
        "west":  { "uv": [ 8, 2.125, 8.25, 2.375 ], "texture": "#texture" },
        "east":  { "uv": [ 7.75, 2.125, 8, 2.375 ], "texture": "#texture" }
    }
},
{
    "__comment": "Minecraft",
    "from": [ 3.625, 4.125, 8 ],
    "to": [ 11.625, 4.375, 8.25 ],
    "faces": {
        "down":  { "uv": [ 12.375, 8.25, 4.375, 8 ], "texture": "#texture" },
        "up":    { "uv": [ 3.625, 8, 11.625, 8.25 ], "texture": "#texture" },
        "north": { "uv": [ 4.375, 11.625, 12.375, 11.875 ], "texture": "#texture" },
        "south": { "uv": [ 3.625, 11.625, 11.625, 11.875 ], "texture": "#particle" },
        "west":  { "uv": [ 8, 11.625, 8.25, 11.875 ], "texture": "#texture" },
        "east":  { "uv": [ 7.75, 11.625, 8, 11.875 ], "texture": "#texture" }
    }
},
{
    "__comment": "Minecraft",
    "from": [ 3.625, 13.875, 8 ],
    "to": [ 12.375, 14.25, 8.25 ],
    "faces": {
        "down":  { "uv": [ 12.375, 8.25, 3.625, 8 ], "texture": "#texture" },
        "up":    { "uv": [ 3.625, 8, 12.375, 8.25 ], "texture": "#texture" },
        "north": { "uv": [ 3.625, 1.75, 12.375, 2.125 ], "texture": "#texture" },
        "south": { "uv": [ 3.625, 1.75, 12.375, 2.125 ], "texture": "#particle" },
        "west":  { "uv": [ 8, 1.75, 8.25, 2.125 ], "texture": "#texture" },
        "east":  { "uv": [ 7.75, 1.75, 8, 2.125 ], "texture": "#texture" }
    }
},
{
    "__comment": "Minecraft",
    "from": [ 3.875, 3.875, 8 ],
    "to": [ 11.375, 4.125, 8.25 ],
    "faces": {
        "down":  { "uv": [ 12.125, 8.25, 4.625, 8 ], "texture": "#texture" },
        "up":    { "uv": [ 3.875, 8, 11.375, 8.25 ], "texture": "#texture" },
        "north": { "uv": [ 4.625, 11.875, 12.125, 12.125 ], "texture": "#texture" },
        "south": { "uv": [ 3.875, 11.875, 11.375, 12.125 ], "texture": "#particle" },
        "west":  { "uv": [ 8, 11.875, 8.25, 12.125 ], "texture": "#texture" },
        "east":  { "uv": [ 7.75, 11.875, 8, 12.125 ], "texture": "#texture" }
    }
},
{
    "__comment": "Minecraft",
    "from": [ 3.875, 14.25, 8 ],
    "to": [ 12.125, 14.5, 8.25 ],
    "faces": {
        "down":  { "uv": [ 12.125, 8.25, 3.875, 8 ], "texture": "#texture" },
        "up":    { "uv": [ 3.875, 8, 12.125, 8.25 ], "texture": "#texture" },
        "north": { "uv": [ 3.875, 1.5, 12.125, 1.75 ], "texture": "#texture" },
        "south": { "uv": [ 3.875, 1.5, 12.125, 1.75 ], "texture": "#particle" },
        "west":  { "uv": [ 8, 1.5, 8.25, 1.75 ], "texture": "#texture" },
        "east":  { "uv": [ 7.75, 1.5, 8, 1.75 ], "texture": "#texture" }
    }
},
{
    "__comment": "Minecraft",
    "from": [ 4.125, 3.625, 8 ],
    "to": [ 10.875, 3.875, 8.25 ],
    "faces": {
        "down":  { "uv": [ 11.875, 8.25, 5.125, 8 ], "texture": "#texture" },
        "up":    { "uv": [ 4.125, 8, 10.875, 8.25 ], "texture": "#texture" },
        "north": { "uv": [ 5.125, 12.125, 11.875, 12.375 ], "texture": "#texture" },
        "south": { "uv": [ 4.125, 12.125, 10.875, 12.375 ], "texture": "#particle" },
        "west":  { "uv": [ 8, 12.125, 8.25, 12.375 ], "texture": "#texture" },
        "east":  { "uv": [ 7.75, 12.125, 8, 12.375 ], "texture": "#texture" }
    }
},
{
    "__comment": "Minecraft",
    "from": [ 4.125, 14.5, 8 ],
    "to": [ 12.125, 14.75, 8.25 ],
    "faces": {
        "down":  { "uv": [ 11.875, 8.25, 3.875, 8 ], "texture": "#texture" },
        "up":    { "uv": [ 4.125, 8, 12.125, 8.25 ], "texture": "#texture" },
        "north": { "uv": [ 3.875, 1.25, 11.875, 1.5 ], "texture": "#texture" },
        "south": { "uv": [ 4.125, 1.25, 12.125, 1.5 ], "texture": "#particle" },
        "west":  { "uv": [ 8, 1.25, 8.25, 1.5 ], "texture": "#texture" },
        "east":  { "uv": [ 7.75, 1.25, 8, 1.5 ], "texture": "#texture" }
    }
},
{
    "__comment": "Minecraft",
    "from": [ 4.375, 3.375, 8 ],
    "to": [ 9.75, 3.625, 8.25 ],
    "faces": {
        "down":  { "uv": [ 11.625, 8.25, 6.25, 8 ], "texture": "#texture" },
        "up":    { "uv": [ 4.375, 8, 9.75, 8.25 ], "texture": "#texture" },
        "north": { "uv": [ 6.25, 12.375, 11.625, 12.625 ], "texture": "#texture" },
        "south": { "uv": [ 4.375, 12.375, 9.75, 12.625 ], "texture": "#particle" },
        "west":  { "uv": [ 8, 12.375, 8.25, 12.625 ], "texture": "#texture" },
        "east":  { "uv": [ 7.75, 12.375, 8, 12.625 ], "texture": "#texture" }
    }
},
{
    "__comment": "Minecraft",
    "from": [ 4.375, 14.75, 8 ],
    "to": [ 11.875, 15, 8.25 ],
    "faces": {
        "down":  { "uv": [ 11.625, 8.25, 4.125, 8 ], "texture": "#texture" },
        "up":    { "uv": [ 4.375, 8, 11.875, 8.25 ], "texture": "#texture" },
        "north": { "uv": [ 4.125, 1, 11.625, 1.25 ], "texture": "#texture" },
        "south": { "uv": [ 4.375, 1, 11.875, 1.25 ], "texture": "#particle" },
        "west":  { "uv": [ 8, 1, 8.25, 1.25 ], "texture": "#texture" },
        "east":  { "uv": [ 7.75, 1, 8, 1.25 ], "texture": "#texture" }
    }
},
{
    "__comment": "Minecraft",
    "from": [ 4.625, 3.125, 8 ],
    "to": [ 8.5, 3.375, 8.25 ],
    "faces": {
        "down":  { "uv": [ 11.375, 8.25, 7.5, 8 ], "texture": "#texture" },
        "up":    { "uv": [ 4.625, 8, 8.5, 8.25 ], "texture": "#texture" },
        "north": { "uv": [ 7.5, 12.625, 11.375, 12.875 ], "texture": "#texture" },
        "south": { "uv": [ 4.625, 12.625, 8.5, 12.875 ], "texture": "#particle" },
        "west":  { "uv": [ 8, 12.625, 8.25, 12.875 ], "texture": "#texture" },
        "east":  { "uv": [ 7.75, 12.625, 8, 12.875 ], "texture": "#texture" }
    }
},
{
    "__comment": "Minecraft",
    "from": [ 4.625, 15, 8 ],
    "to": [ 11.625, 15.25, 8.25 ],
    "faces": {
        "down":  { "uv": [ 11.375, 8.25, 4.375, 8 ], "texture": "#texture" },
        "up":    { "uv": [ 4.625, 8, 11.625, 8.25 ], "texture": "#texture" },
        "north": { "uv": [ 4.375, 0.75, 11.375, 1 ], "texture": "#texture" },
        "south": { "uv": [ 4.625, 0.75, 11.625, 1 ], "texture": "#particle" },
        "west":  { "uv": [ 8, 0.75, 8.25, 1 ], "texture": "#texture" },
        "east":  { "uv": [ 7.75, 0.75, 8, 1 ], "texture": "#texture" }
    }
},
{
    "__comment": "Minecraft",
    "from": [ 4.875, 2.875, 8 ],
    "to": [ 7, 3.125, 8.25 ],
    "faces": {
        "down":  { "uv": [ 11.125, 8.25, 9, 8 ], "texture": "#texture" },
        "up":    { "uv": [ 4.875, 8, 7, 8.25 ], "texture": "#texture" },
        "north": { "uv": [ 9, 12.875, 11.125, 13.125 ], "texture": "#texture" },
        "south": { "uv": [ 4.875, 12.875, 7, 13.125 ], "texture": "#particle" },
        "west":  { "uv": [ 8, 12.875, 8.25, 13.125 ], "texture": "#texture" },
        "east":  { "uv": [ 7.75, 12.875, 8, 13.125 ], "texture": "#texture" }
    }
},
{
    "__comment": "Minecraft",
    "from": [ 4.875, 15.25, 8 ],
    "to": [ 11.625, 15.5, 8.25 ],
    "faces": {
        "down":  { "uv": [ 11.125, 8.25, 4.375, 8 ], "texture": "#texture" },
        "up":    { "uv": [ 4.875, 8, 11.625, 8.25 ], "texture": "#texture" },
        "north": { "uv": [ 4.375, 0.5, 11.125, 0.75 ], "texture": "#texture" },
        "south": { "uv": [ 4.875, 0.5, 11.625, 0.75 ], "texture": "#particle" },
        "west":  { "uv": [ 8, 0.5, 8.25, 0.75 ], "texture": "#texture" },
        "east":  { "uv": [ 7.75, 0.5, 8, 0.75 ], "texture": "#texture" }
    }
},
{
    "__comment": "Minecraft",
    "from": [ 5.375, 15.5, 8 ],
    "to": [ 11.375, 15.75, 8.25 ],
    "faces": {
        "down":  { "uv": [ 10.625, 8.25, 4.625, 8 ], "texture": "#texture" },
        "up":    { "uv": [ 5.375, 8, 11.375, 8.25 ], "texture": "#texture" },
        "north": { "uv": [ 4.625, 0.25, 10.625, 0.5 ], "texture": "#texture" },
        "south": { "uv": [ 5.375, 0.25, 11.375, 0.5 ], "texture": "#particle" },
        "west":  { "uv": [ 8, 0.25, 8.25, 0.5 ], "texture": "#texture" },
        "east":  { "uv": [ 7.75, 0.25, 8, 0.5 ], "texture": "#texture" }
    }
},
{
    "__comment": "Minecraft",
    "from": [ 13.875, 6.75, 8 ],
    "to": [ 14.25, 11.625, 8.25 ],
    "faces": {
        "down":  { "uv": [ 2.125, 8.25, 1.75, 8 ], "texture": "#texture" },
        "up":    { "uv": [ 13.875, 8, 14.25, 8.25 ], "texture": "#texture" },
        "north": { "uv": [ 1.75, 4.375, 2.125, 9.25 ], "texture": "#texture" },
        "south": { "uv": [ 13.875, 4.375, 14.25, 9.25 ], "texture": "#particle" },
        "west":  { "uv": [ 8, 4.375, 8.25, 9.25 ], "texture": "#texture" },
        "east":  { "uv": [ 7.75, 4.375, 8, 9.25 ], "texture": "#texture" }
    }
},
{
    "__comment": "Minecraft",
    "from": [ 14.25, 7.25, 8 ],
    "to": [ 14.5, 11.375, 8.25 ],
    "faces": {
        "down":  { "uv": [ 1.75, 8.25, 1.5, 8 ], "texture": "#texture" },
        "up":    { "uv": [ 14.25, 8, 14.5, 8.25 ], "texture": "#texture" },
        "north": { "uv": [ 1.5, 4.625, 1.75, 8.75 ], "texture": "#texture" },
        "south": { "uv": [ 14.25, 4.625, 14.5, 8.75 ], "texture": "#particle" },
        "west":  { "uv": [ 8, 4.625, 8.25, 8.75 ], "texture": "#texture" },
        "east":  { "uv": [ 7.75, 4.625, 8, 8.75 ], "texture": "#texture" }
    }
},
{
    "__comment": "Minecraft",
    "from": [ 14.5, 9.5, 8 ],
    "to": [ 14.75, 10.875, 8.25 ],
    "faces": {
        "down":  { "uv": [ 1.5, 8.25, 1.25, 8 ], "texture": "#texture" },
        "up":    { "uv": [ 14.5, 8, 14.75, 8.25 ], "texture": "#texture" },
        "north": { "uv": [ 1.25, 5.125, 1.5, 6.5 ], "texture": "#texture" },
        "south": { "uv": [ 14.5, 5.125, 14.75, 6.5 ], "texture": "#particle" },
        "west":  { "uv": [ 8, 5.125, 8.25, 6.5 ], "texture": "#texture" },
        "east":  { "uv": [ 7.75, 5.125, 8, 6.5 ], "texture": "#texture" }
    }
}
],
"display": {
    "thirdperson_righthand": {
        "rotation": [ 0, 0, 0 ],
        "translation": [ 0, 0, 0 ],
        "scale": [ 0.5, 0.5, 1 ]
    },
    "thirdperson_lefthand": {
        "rotation": [ 0, 0, 0 ],
        "translation": [ 0, 0, 0 ],
        "scale": [ 0.5, 0.5, 1 ]
    },
    "ground": {
        "rotation": [ 0, 0, 0 ],
        "translation": [ 0, 0, 0 ],
        "scale": [ 1, 1, 1 ]
    },
    "fixed": {
        "rotation": [ 0, 0, 0 ],
        "translation": [ 0, 0, -0.57 ],
        "scale": [ 1, 1, 1 ]
    },
    "firstperson_righthand": {
        "rotation": [ 0, 0, 0 ],
        "translation": [ 0, 0, 0 ],
        "scale": [ 0.5, 0.5, 1 ]
    },
    "firstperson_lefthand": {
        "rotation": [ 0, 0, 0 ],
        "translation": [ 0, 0, 0 ],
        "scale": [ 0.5, 0.5, 1 ]
    },
    "gui": {
        "rotation": [ 0, 0, 0 ],
        "translation": [ 0, -2.27, 0 ],
        "scale": [ 1, 1, 1 ]
    }
}
}