{
"__comment": "Designed by Tf7717435 with BDcraft Cubik PRO 0.96 Beta - http://bdcraft.net",
"textures": {
    "particle": "item/ranliao/lapis_lazuli1",
    "texture": "item/ranliao/lapis_lazuli"
},
"elements": [ 
{
    "__comment": "Minecraft",
    "from": [ 1.375, 10, 8.25 ],
    "to": [ 13.5, 12.75, 8.5 ],
    "faces": {
        "down":  { "uv": [ 14.625, 8.5, 2.5, 8.25 ], "texture": "#texture" },
        "up":    { "uv": [ 1.375, 8.25, 13.5, 8.5 ], "texture": "#texture" },
        "north": { "uv": [ 2.5, 3.25, 14.625, 6 ], "texture": "#texture" },
        "south": { "uv": [ 1.375, 3.25, 13.5, 6 ], "texture": "#particle" },
        "west":  { "uv": [ 8.25, 3.25, 8.5, 6 ], "texture": "#texture" },
        "east":  { "uv": [ 7.5, 3.25, 7.75, 6 ], "texture": "#texture" }
    }
},
{
    "__comment": "Minecraft",
    "from": [ 1.625, 9.125, 8.25 ],
    "to": [ 14.875, 10, 8.5 ],
    "faces": {
        "down":  { "uv": [ 14.375, 8.5, 1.125, 8.25 ], "texture": "#texture" },
        "up":    { "uv": [ 1.625, 8.25, 14.875, 8.5 ], "texture": "#texture" },
        "north": { "uv": [ 1.125, 6, 14.375, 6.875 ], "texture": "#texture" },
        "south": { "uv": [ 1.625, 6, 14.875, 6.875 ], "texture": "#particle" },
        "west":  { "uv": [ 8.25, 6, 8.5, 6.875 ], "texture": "#texture" },
        "east":  { "uv": [ 7.5, 6, 7.75, 6.875 ], "texture": "#texture" }
    }
},
{
    "__comment": "Minecraft",
    "from": [ 1.625, 12.75, 8.25 ],
    "to": [ 13.25, 13, 8.5 ],
    "faces": {
        "down":  { "uv": [ 14.375, 8.5, 2.75, 8.25 ], "texture": "#texture" },
        "up":    { "uv": [ 1.625, 8.25, 13.25, 8.5 ], "texture": "#texture" },
        "north": { "uv": [ 2.75, 3, 14.375, 3.25 ], "texture": "#texture" },
        "south": { "uv": [ 1.625, 3, 13.25, 3.25 ], "texture": "#particle" },
        "west":  { "uv": [ 8.25, 3, 8.5, 3.25 ], "texture": "#texture" },
        "east":  { "uv": [ 7.5, 3, 7.75, 3.25 ], "texture": "#texture" }
    }
},
{
    "__comment": "Minecraft",
    "from": [ 2, 8.5, 8.25 ],
    "to": [ 14.875, 9.125, 8.5 ],
    "faces": {
        "down":  { "uv": [ 14, 8.5, 1.125, 8.25 ], "texture": "#texture" },
        "up":    { "uv": [ 2, 8.25, 14.875, 8.5 ], "texture": "#texture" },
        "north": { "uv": [ 1.125, 6.875, 14, 7.5 ], "texture": "#texture" },
        "south": { "uv": [ 2, 6.875, 14.875, 7.5 ], "texture": "#particle" },
        "west":  { "uv": [ 8.25, 6.875, 8.5, 7.5 ], "texture": "#texture" },
        "east":  { "uv": [ 7.5, 6.875, 7.75, 7.5 ], "texture": "#texture" }
    }
},
{
    "__comment": "Minecraft",
    "from": [ 2, 13, 8.25 ],
    "to": [ 12.625, 13.625, 8.5 ],
    "faces": {
        "down":  { "uv": [ 14, 8.5, 3.375, 8.25 ], "texture": "#texture" },
        "up":    { "uv": [ 2, 8.25, 12.625, 8.5 ], "texture": "#texture" },
        "north": { "uv": [ 3.375, 2.375, 14, 3 ], "texture": "#texture" },
        "south": { "uv": [ 2, 2.375, 12.625, 3 ], "texture": "#particle" },
        "west":  { "uv": [ 8.25, 2.375, 8.5, 3 ], "texture": "#texture" },
        "east":  { "uv": [ 7.5, 2.375, 7.75, 3 ], "texture": "#texture" }
    }
},
{
    "__comment": "Minecraft",
    "from": [ 2.25, 8, 8.25 ],
    "to": [ 14.875, 8.5, 8.5 ],
    "faces": {
        "down":  { "uv": [ 13.75, 8.5, 1.125, 8.25 ], "texture": "#texture" },
        "up":    { "uv": [ 2.25, 8.25, 14.875, 8.5 ], "texture": "#texture" },
        "north": { "uv": [ 1.125, 7.5, 13.75, 8 ], "texture": "#texture" },
        "south": { "uv": [ 2.25, 7.5, 14.875, 8 ], "texture": "#particle" },
        "west":  { "uv": [ 8.25, 7.5, 8.5, 8 ], "texture": "#texture" },
        "east":  { "uv": [ 7.5, 7.5, 7.75, 8 ], "texture": "#texture" }
    }
},
{
    "__comment": "Minecraft",
    "from": [ 2.25, 13.625, 8.25 ],
    "to": [ 12.375, 13.875, 8.5 ],
    "faces": {
        "down":  { "uv": [ 13.75, 8.5, 3.625, 8.25 ], "texture": "#texture" },
        "up":    { "uv": [ 2.25, 8.25, 12.375, 8.5 ], "texture": "#texture" },
        "north": { "uv": [ 3.625, 2.125, 13.75, 2.375 ], "texture": "#texture" },
        "south": { "uv": [ 2.25, 2.125, 12.375, 2.375 ], "texture": "#particle" },
        "west":  { "uv": [ 8.25, 2.125, 8.5, 2.375 ], "texture": "#texture" },
        "east":  { "uv": [ 7.5, 2.125, 7.75, 2.375 ], "texture": "#texture" }
    }
},
{
    "__comment": "Minecraft",
    "from": [ 2.5, 7.75, 8.25 ],
    "to": [ 14.875, 8, 8.5 ],
    "faces": {
        "down":  { "uv": [ 13.5, 8.5, 1.125, 8.25 ], "texture": "#texture" },
        "up":    { "uv": [ 2.5, 8.25, 14.875, 8.5 ], "texture": "#texture" },
        "north": { "uv": [ 1.125, 8, 13.5, 8.25 ], "texture": "#texture" },
        "south": { "uv": [ 2.5, 8, 14.875, 8.25 ], "texture": "#particle" },
        "west":  { "uv": [ 8.25, 8, 8.5, 8.25 ], "texture": "#texture" },
        "east":  { "uv": [ 7.5, 8, 7.75, 8.25 ], "texture": "#texture" }
    }
},
{
    "__comment": "Minecraft",
    "from": [ 2.5, 13.875, 8.25 ],
    "to": [ 12.125, 14.125, 8.5 ],
    "faces": {
        "down":  { "uv": [ 13.5, 8.5, 3.875, 8.25 ], "texture": "#texture" },
        "up":    { "uv": [ 2.5, 8.25, 12.125, 8.5 ], "texture": "#texture" },
        "north": { "uv": [ 3.875, 1.875, 13.5, 2.125 ], "texture": "#texture" },
        "south": { "uv": [ 2.5, 1.875, 12.125, 2.125 ], "texture": "#particle" },
        "west":  { "uv": [ 8.25, 1.875, 8.5, 2.125 ], "texture": "#texture" },
        "east":  { "uv": [ 7.5, 1.875, 7.75, 2.125 ], "texture": "#texture" }
    }
},
{
    "__comment": "Minecraft",
    "from": [ 2.75, 7.5, 8.25 ],
    "to": [ 14.875, 7.75, 8.5 ],
    "faces": {
        "down":  { "uv": [ 13.25, 8.5, 1.125, 8.25 ], "texture": "#texture" },
        "up":    { "uv": [ 2.75, 8.25, 14.875, 8.5 ], "texture": "#texture" },
        "north": { "uv": [ 1.125, 8.25, 13.25, 8.5 ], "texture": "#texture" },
        "south": { "uv": [ 2.75, 8.25, 14.875, 8.5 ], "texture": "#particle" },
        "west":  { "uv": [ 8.25, 8.25, 8.5, 8.5 ], "texture": "#texture" },
        "east":  { "uv": [ 7.5, 8.25, 7.75, 8.5 ], "texture": "#texture" }
    }
},
{
    "__comment": "Minecraft",
    "from": [ 2.75, 14.125, 8.25 ],
    "to": [ 11.5, 14.5, 8.5 ],
    "faces": {
        "down":  { "uv": [ 13.25, 8.5, 4.5, 8.25 ], "texture": "#texture" },
        "up":    { "uv": [ 2.75, 8.25, 11.5, 8.5 ], "texture": "#texture" },
        "north": { "uv": [ 4.5, 1.5, 13.25, 1.875 ], "texture": "#texture" },
        "south": { "uv": [ 2.75, 1.5, 11.5, 1.875 ], "texture": "#particle" },
        "west":  { "uv": [ 8.25, 1.5, 8.5, 1.875 ], "texture": "#texture" },
        "east":  { "uv": [ 7.5, 1.5, 7.75, 1.875 ], "texture": "#texture" }
    }
},
{
    "__comment": "Minecraft",
    "from": [ 3.125, 7.125, 8.25 ],
    "to": [ 14.625, 7.5, 8.5 ],
    "faces": {
        "down":  { "uv": [ 12.875, 8.5, 1.375, 8.25 ], "texture": "#texture" },
        "up":    { "uv": [ 3.125, 8.25, 14.625, 8.5 ], "texture": "#texture" },
        "north": { "uv": [ 1.375, 8.5, 12.875, 8.875 ], "texture": "#texture" },
        "south": { "uv": [ 3.125, 8.5, 14.625, 8.875 ], "texture": "#particle" },
        "west":  { "uv": [ 8.25, 8.5, 8.5, 8.875 ], "texture": "#texture" },
        "east":  { "uv": [ 7.5, 8.5, 7.75, 8.875 ], "texture": "#texture" }
    }
},
{
    "__comment": "Minecraft",
    "from": [ 3.125, 14.5, 8.25 ],
    "to": [ 11.25, 14.75, 8.5 ],
    "faces": {
        "down":  { "uv": [ 12.875, 8.5, 4.75, 8.25 ], "texture": "#texture" },
        "up":    { "uv": [ 3.125, 8.25, 11.25, 8.5 ], "texture": "#texture" },
        "north": { "uv": [ 4.75, 1.25, 12.875, 1.5 ], "texture": "#texture" },
        "south": { "uv": [ 3.125, 1.25, 11.25, 1.5 ], "texture": "#particle" },
        "west":  { "uv": [ 8.25, 1.25, 8.5, 1.5 ], "texture": "#texture" },
        "east":  { "uv": [ 7.5, 1.25, 7.75, 1.5 ], "texture": "#texture" }
    }
},
{
    "__comment": "Minecraft",
    "from": [ 3.375, 6.875, 8.25 ],
    "to": [ 14.625, 7.125, 8.5 ],
    "faces": {
        "down":  { "uv": [ 12.625, 8.5, 1.375, 8.25 ], "texture": "#texture" },
        "up":    { "uv": [ 3.375, 8.25, 14.625, 8.5 ], "texture": "#texture" },
        "north": { "uv": [ 1.375, 8.875, 12.625, 9.125 ], "texture": "#texture" },
        "south": { "uv": [ 3.375, 8.875, 14.625, 9.125 ], "texture": "#particle" },
        "west":  { "uv": [ 8.25, 8.875, 8.5, 9.125 ], "texture": "#texture" },
        "east":  { "uv": [ 7.5, 8.875, 7.75, 9.125 ], "texture": "#texture" }
    }
},
{
    "__comment": "Minecraft",
    "from": [ 3.375, 14.75, 8.25 ],
    "to": [ 10.625, 15, 8.5 ],
    "faces": {
        "down":  { "uv": [ 12.625, 8.5, 5.375, 8.25 ], "texture": "#texture" },
        "up":    { "uv": [ 3.375, 8.25, 10.625, 8.5 ], "texture": "#texture" },
        "north": { "uv": [ 5.375, 1, 12.625, 1.25 ], "texture": "#texture" },
        "south": { "uv": [ 3.375, 1, 10.625, 1.25 ], "texture": "#particle" },
        "west":  { "uv": [ 8.25, 1, 8.5, 1.25 ], "texture": "#texture" },
        "east":  { "uv": [ 7.5, 1, 7.75, 1.25 ], "texture": "#texture" }
    }
},
{
    "__comment": "Minecraft",
    "from": [ 3.625, 6.625, 8.25 ],
    "to": [ 14.625, 6.875, 8.5 ],
    "faces": {
        "down":  { "uv": [ 12.375, 8.5, 1.375, 8.25 ], "texture": "#texture" },
        "up":    { "uv": [ 3.625, 8.25, 14.625, 8.5 ], "texture": "#texture" },
        "north": { "uv": [ 1.375, 9.125, 12.375, 9.375 ], "texture": "#texture" },
        "south": { "uv": [ 3.625, 9.125, 14.625, 9.375 ], "texture": "#particle" },
        "west":  { "uv": [ 8.25, 9.125, 8.5, 9.375 ], "texture": "#texture" },
        "east":  { "uv": [ 7.5, 9.125, 7.75, 9.375 ], "texture": "#texture" }
    }
},
{
    "__comment": "Minecraft",
    "from": [ 3.875, 6.375, 8.25 ],
    "to": [ 14.375, 6.625, 8.5 ],
    "faces": {
        "down":  { "uv": [ 12.125, 8.5, 1.625, 8.25 ], "texture": "#texture" },
        "up":    { "uv": [ 3.875, 8.25, 14.375, 8.5 ], "texture": "#texture" },
        "north": { "uv": [ 1.625, 9.375, 12.125, 9.625 ], "texture": "#texture" },
        "south": { "uv": [ 3.875, 9.375, 14.375, 9.625 ], "texture": "#particle" },
        "west":  { "uv": [ 8.25, 9.375, 8.5, 9.625 ], "texture": "#texture" },
        "east":  { "uv": [ 7.5, 9.375, 7.75, 9.625 ], "texture": "#texture" }
    }
},
{
    "__comment": "Minecraft",
    "from": [ 3.875, 15, 8.25 ],
    "to": [ 9.875, 15.25, 8.5 ],
    "faces": {
        "down":  { "uv": [ 12.125, 8.5, 6.125, 8.25 ], "texture": "#texture" },
        "up":    { "uv": [ 3.875, 8.25, 9.875, 8.5 ], "texture": "#texture" },
        "north": { "uv": [ 6.125, 0.75, 12.125, 1 ], "texture": "#texture" },
        "south": { "uv": [ 3.875, 0.75, 9.875, 1 ], "texture": "#particle" },
        "west":  { "uv": [ 8.25, 0.75, 8.5, 1 ], "texture": "#texture" },
        "east":  { "uv": [ 7.5, 0.75, 7.75, 1 ], "texture": "#texture" }
    }
},
{
    "__comment": "Minecraft",
    "from": [ 4.25, 6, 8.25 ],
    "to": [ 14, 6.375, 8.5 ],
    "faces": {
        "down":  { "uv": [ 11.75, 8.5, 2, 8.25 ], "texture": "#texture" },
        "up":    { "uv": [ 4.25, 8.25, 14, 8.5 ], "texture": "#texture" },
        "north": { "uv": [ 2, 9.625, 11.75, 10 ], "texture": "#texture" },
        "south": { "uv": [ 4.25, 9.625, 14, 10 ], "texture": "#particle" },
        "west":  { "uv": [ 8.25, 9.625, 8.5, 10 ], "texture": "#texture" },
        "east":  { "uv": [ 7.5, 9.625, 7.75, 10 ], "texture": "#texture" }
    }
},
{
    "__comment": "Minecraft",
    "from": [ 4.5, 5.75, 8.25 ],
    "to": [ 13.75, 6, 8.5 ],
    "faces": {
        "down":  { "uv": [ 11.5, 8.5, 2.25, 8.25 ], "texture": "#texture" },
        "up":    { "uv": [ 4.5, 8.25, 13.75, 8.5 ], "texture": "#texture" },
        "north": { "uv": [ 2.25, 10, 11.5, 10.25 ], "texture": "#texture" },
        "south": { "uv": [ 4.5, 10, 13.75, 10.25 ], "texture": "#particle" },
        "west":  { "uv": [ 8.25, 10, 8.5, 10.25 ], "texture": "#texture" },
        "east":  { "uv": [ 7.5, 10, 7.75, 10.25 ], "texture": "#texture" }
    }
},
{
    "__comment": "Minecraft",
    "from": [ 4.5, 15.25, 8.25 ],
    "to": [ 9.25, 15.625, 8.5 ],
    "faces": {
        "down":  { "uv": [ 11.5, 8.5, 6.75, 8.25 ], "texture": "#texture" },
        "up":    { "uv": [ 4.5, 8.25, 9.25, 8.5 ], "texture": "#texture" },
        "north": { "uv": [ 6.75, 0.375, 11.5, 0.75 ], "texture": "#texture" },
        "south": { "uv": [ 4.5, 0.375, 9.25, 0.75 ], "texture": "#particle" },
        "west":  { "uv": [ 8.25, 0.375, 8.5, 0.75 ], "texture": "#texture" },
        "east":  { "uv": [ 7.5, 0.375, 7.75, 0.75 ], "texture": "#texture" }
    }
},
{
    "__comment": "Minecraft",
    "from": [ 5, 5.5, 8.25 ],
    "to": [ 13.5, 5.75, 8.5 ],
    "faces": {
        "down":  { "uv": [ 11, 8.5, 2.5, 8.25 ], "texture": "#texture" },
        "up":    { "uv": [ 5, 8.25, 13.5, 8.5 ], "texture": "#texture" },
        "north": { "uv": [ 2.5, 10.25, 11, 10.5 ], "texture": "#texture" },
        "south": { "uv": [ 5, 10.25, 13.5, 10.5 ], "texture": "#particle" },
        "west":  { "uv": [ 8.25, 10.25, 8.5, 10.5 ], "texture": "#texture" },
        "east":  { "uv": [ 7.5, 10.25, 7.75, 10.5 ], "texture": "#texture" }
    }
},
{
    "__comment": "Minecraft",
    "from": [ 5.375, 5.25, 8.25 ],
    "to": [ 13.25, 5.5, 8.5 ],
    "faces": {
        "down":  { "uv": [ 10.625, 8.5, 2.75, 8.25 ], "texture": "#texture" },
        "up":    { "uv": [ 5.375, 8.25, 13.25, 8.5 ], "texture": "#texture" },
        "north": { "uv": [ 2.75, 10.5, 10.625, 10.75 ], "texture": "#texture" },
        "south": { "uv": [ 5.375, 10.5, 13.25, 10.75 ], "texture": "#particle" },
        "west":  { "uv": [ 8.25, 10.5, 8.5, 10.75 ], "texture": "#texture" },
        "east":  { "uv": [ 7.5, 10.5, 7.75, 10.75 ], "texture": "#texture" }
    }
},
{
    "__comment": "Minecraft",
    "from": [ 5.625, 15.625, 8.25 ],
    "to": [ 8.125, 15.875, 8.5 ],
    "faces": {
        "down":  { "uv": [ 10.375, 8.5, 7.875, 8.25 ], "texture": "#texture" },
        "up":    { "uv": [ 5.625, 8.25, 8.125, 8.5 ], "texture": "#texture" },
        "north": { "uv": [ 7.875, 0.125, 10.375, 0.375 ], "texture": "#texture" },
        "south": { "uv": [ 5.625, 0.125, 8.125, 0.375 ], "texture": "#particle" },
        "west":  { "uv": [ 8.25, 0.125, 8.5, 0.375 ], "texture": "#texture" },
        "east":  { "uv": [ 7.5, 0.125, 7.75, 0.375 ], "texture": "#texture" }
    }
},
{
    "__comment": "Minecraft",
    "from": [ 5.875, 4.875, 8.25 ],
    "to": [ 12.875, 5.25, 8.5 ],
    "faces": {
        "down":  { "uv": [ 10.125, 8.5, 3.125, 8.25 ], "texture": "#texture" },
        "up":    { "uv": [ 5.875, 8.25, 12.875, 8.5 ], "texture": "#texture" },
        "north": { "uv": [ 3.125, 10.75, 10.125, 11.125 ], "texture": "#texture" },
        "south": { "uv": [ 5.875, 10.75, 12.875, 11.125 ], "texture": "#particle" },
        "west":  { "uv": [ 8.25, 10.75, 8.5, 11.125 ], "texture": "#texture" },
        "east":  { "uv": [ 7.5, 10.75, 7.75, 11.125 ], "texture": "#texture" }
    }
},
{
    "__comment": "Minecraft",
    "from": [ 6.5, 4.625, 8.25 ],
    "to": [ 12.375, 4.875, 8.5 ],
    "faces": {
        "down":  { "uv": [ 9.5, 8.5, 3.625, 8.25 ], "texture": "#texture" },
        "up":    { "uv": [ 6.5, 8.25, 12.375, 8.5 ], "texture": "#texture" },
        "north": { "uv": [ 3.625, 11.125, 9.5, 11.375 ], "texture": "#texture" },
        "south": { "uv": [ 6.5, 11.125, 12.375, 11.375 ], "texture": "#particle" },
        "west":  { "uv": [ 8.25, 11.125, 8.5, 11.375 ], "texture": "#texture" },
        "east":  { "uv": [ 7.5, 11.125, 7.75, 11.375 ], "texture": "#texture" }
    }
},
{
    "__comment": "Minecraft",
    "from": [ 7.25, 4.375, 8.25 ],
    "to": [ 11.75, 4.625, 8.5 ],
    "faces": {
        "down":  { "uv": [ 8.75, 8.5, 4.25, 8.25 ], "texture": "#texture" },
        "up":    { "uv": [ 7.25, 8.25, 11.75, 8.5 ], "texture": "#texture" },
        "north": { "uv": [ 4.25, 11.375, 8.75, 11.625 ], "texture": "#texture" },
        "south": { "uv": [ 7.25, 11.375, 11.75, 11.625 ], "texture": "#particle" },
        "west":  { "uv": [ 8.25, 11.375, 8.5, 11.625 ], "texture": "#texture" },
        "east":  { "uv": [ 7.5, 11.375, 7.75, 11.625 ], "texture": "#texture" }
    }
},
{
    "__comment": "Minecraft",
    "from": [ 9, 4.125, 8.25 ],
    "to": [ 10.625, 4.375, 8.5 ],
    "faces": {
        "down":  { "uv": [ 7, 8.5, 5.375, 8.25 ], "texture": "#texture" },
        "up":    { "uv": [ 9, 8.25, 10.625, 8.5 ], "texture": "#texture" },
        "north": { "uv": [ 5.375, 11.625, 7, 11.875 ], "texture": "#texture" },
        "south": { "uv": [ 9, 11.625, 10.625, 11.875 ], "texture": "#particle" },
        "west":  { "uv": [ 8.25, 11.625, 8.5, 11.875 ], "texture": "#texture" },
        "east":  { "uv": [ 7.5, 11.625, 7.75, 11.875 ], "texture": "#texture" }
    }
},
{
    "__comment": "Minecraft",
    "from": [ 12.625, 13, 8.25 ],
    "to": [ 12.875, 13.375, 8.5 ],
    "faces": {
        "down":  { "uv": [ 3.375, 8.5, 3.125, 8.25 ], "texture": "#texture" },
        "up":    { "uv": [ 12.625, 8.25, 12.875, 8.5 ], "texture": "#texture" },
        "north": { "uv": [ 3.125, 2.625, 3.375, 3 ], "texture": "#texture" },
        "south": { "uv": [ 12.625, 2.625, 12.875, 3 ], "texture": "#particle" },
        "west":  { "uv": [ 8.25, 2.625, 8.5, 3 ], "texture": "#texture" },
        "east":  { "uv": [ 7.5, 2.625, 7.75, 3 ], "texture": "#texture" }
    }
},
{
    "__comment": "Minecraft",
    "from": [ 13.5, 10, 8.25 ],
    "to": [ 13.75, 12.5, 8.5 ],
    "faces": {
        "down":  { "uv": [ 2.5, 8.5, 2.25, 8.25 ], "texture": "#texture" },
        "up":    { "uv": [ 13.5, 8.25, 13.75, 8.5 ], "texture": "#texture" },
        "north": { "uv": [ 2.25, 3.5, 2.5, 6 ], "texture": "#texture" },
        "south": { "uv": [ 13.5, 3.5, 13.75, 6 ], "texture": "#particle" },
        "west":  { "uv": [ 8.25, 3.5, 8.5, 6 ], "texture": "#texture" },
        "east":  { "uv": [ 7.5, 3.5, 7.75, 6 ], "texture": "#texture" }
    }
},
{
    "__comment": "Minecraft",
    "from": [ 13.75, 10, 8.25 ],
    "to": [ 14, 11.875, 8.5 ],
    "faces": {
        "down":  { "uv": [ 2.25, 8.5, 2, 8.25 ], "texture": "#texture" },
        "up":    { "uv": [ 13.75, 8.25, 14, 8.5 ], "texture": "#texture" },
        "north": { "uv": [ 2, 4.125, 2.25, 6 ], "texture": "#texture" },
        "south": { "uv": [ 13.75, 4.125, 14, 6 ], "texture": "#particle" },
        "west":  { "uv": [ 8.25, 4.125, 8.5, 6 ], "texture": "#texture" },
        "east":  { "uv": [ 7.5, 4.125, 7.75, 6 ], "texture": "#texture" }
    }
},
{
    "__comment": "Minecraft",
    "from": [ 14, 10, 8.25 ],
    "to": [ 14.375, 11.625, 8.5 ],
    "faces": {
        "down":  { "uv": [ 2, 8.5, 1.625, 8.25 ], "texture": "#texture" },
        "up":    { "uv": [ 14, 8.25, 14.375, 8.5 ], "texture": "#texture" },
        "north": { "uv": [ 1.625, 4.375, 2, 6 ], "texture": "#texture" },
        "south": { "uv": [ 14, 4.375, 14.375, 6 ], "texture": "#particle" },
        "west":  { "uv": [ 8.25, 4.375, 8.5, 6 ], "texture": "#texture" },
        "east":  { "uv": [ 7.5, 4.375, 7.75, 6 ], "texture": "#texture" }
    }
},
{
    "__comment": "Minecraft",
    "from": [ 14.375, 10, 8.25 ],
    "to": [ 14.625, 11.125, 8.5 ],
    "faces": {
        "down":  { "uv": [ 1.625, 8.5, 1.375, 8.25 ], "texture": "#texture" },
        "up":    { "uv": [ 14.375, 8.25, 14.625, 8.5 ], "texture": "#texture" },
        "north": { "uv": [ 1.375, 4.875, 1.625, 6 ], "texture": "#texture" },
        "south": { "uv": [ 14.375, 4.875, 14.625, 6 ], "texture": "#particle" },
        "west":  { "uv": [ 8.25, 4.875, 8.5, 6 ], "texture": "#texture" },
        "east":  { "uv": [ 7.5, 4.875, 7.75, 6 ], "texture": "#texture" }
    }
},
{
    "__comment": "Minecraft",
    "from": [ 14.625, 10, 8.25 ],
    "to": [ 14.875, 10.5, 8.5 ],
    "faces": {
        "down":  { "uv": [ 1.375, 8.5, 1.125, 8.25 ], "texture": "#texture" },
        "up":    { "uv": [ 14.625, 8.25, 14.875, 8.5 ], "texture": "#texture" },
        "north": { "uv": [ 1.125, 5.5, 1.375, 6 ], "texture": "#texture" },
        "south": { "uv": [ 14.625, 5.5, 14.875, 6 ], "texture": "#particle" },
        "west":  { "uv": [ 8.25, 5.5, 8.5, 6 ], "texture": "#texture" },
        "east":  { "uv": [ 7.5, 5.5, 7.75, 6 ], "texture": "#texture" }
    }
}
],
"display": {
    "thirdperson_righthand": {
        "rotation": [ 0, 0, 0 ],
        "translation": [ 0, 0, 0 ],
        "scale": [ 0.5, 0.5, 1 ]
    },
    "thirdperson_lefthand": {
        "rotation": [ 0, 0, 0 ],
        "translation": [ 0, 0, 0 ],
        "scale": [ 0.5, 0.5, 1 ]
    },
    "ground": {
        "rotation": [ 0, 0, 0 ],
        "translation": [ 0, 0, 0 ],
        "scale": [ 1, 1, 1 ]
    },
    "fixed": {
        "rotation": [ 0, 0, 0 ],
        "translation": [ 0, 0, -0.57 ],
        "scale": [ 1, 1, 1 ]
    },
    "firstperson_righthand": {
        "rotation": [ 0, 0, 0 ],
        "translation": [ 0, 0, 0 ],
        "scale": [ 0.5, 0.5, 1 ]
    },
    "firstperson_lefthand": {
        "rotation": [ 0, 0, 0 ],
        "translation": [ 0, 0, 0 ],
        "scale": [ 0.5, 0.5, 1 ]
    },
    "gui": {
        "rotation": [ 0, 0, 0 ],
        "translation": [ 0, -2.27, 0 ],
        "scale": [ 1, 1, 1 ]
    }
}
}