{
"__comment": "Designed by Tf7717435 with BDcraft Cubik PRO 0.96 Beta - http://bdcraft.net",
"textures": {
    "particle": "item/iron_sword/iron_sword ",
    "texture": "item/iron_sword/iron_sword "
},
"elements": [ 
{
    "__comment": "Minecraft",
    "from": [ 6.25, 7.5, 7.875 ],
    "to": [ 7.25, 9.375, 8.125 ],
    "faces": {
        "down":  { "uv": [ 9.75, 8.125, 8.75, 7.875 ], "texture": "#texture" },
        "up":    { "uv": [ 6.25, 7.875, 7.25, 8.125 ], "texture": "#texture" },
        "north": { "uv": [ 8.75, 6.625, 9.75, 8.5 ], "texture": "#particle" },
        "south": { "uv": [ 6.25, 6.625, 7.25, 8.5 ], "texture": "#particle" },
        "west":  { "uv": [ 7.875, 6.625, 8.125, 8.5 ], "texture": "#texture" },
        "east":  { "uv": [ 7.875, 6.625, 8.125, 8.5 ], "texture": "#texture" }
    }
},
{
    "__comment": "Minecraft",
    "from": [ 6.375, 8, 7.75 ],
    "to": [ 6.625, 9.25, 7.875 ],
    "faces": {
        "down":  { "uv": [ 9.625, 7.875, 9.375, 7.75 ], "texture": "#texture" },
        "up":    { "uv": [ 6.375, 7.75, 6.625, 7.875 ], "texture": "#texture" },
        "north": { "uv": [ 9.375, 6.75, 9.625, 8 ], "texture": "#particle" },
        "south": { "uv": [ 6.375, 6.75, 6.625, 8 ], "texture": "#particle" },
        "west":  { "uv": [ 7.75, 6.75, 7.875, 8 ], "texture": "#texture" },
        "east":  { "uv": [ 8.125, 6.75, 8.25, 8 ], "texture": "#texture" }
    }
},
{
    "__comment": "Minecraft",
    "from": [ 6.375, 7.25, 7.875 ],
    "to": [ 9.625, 7.5, 8.125 ],
    "faces": {
        "down":  { "uv": [ 9.625, 8.125, 6.375, 7.875 ], "texture": "#texture" },
        "up":    { "uv": [ 6.375, 7.875, 9.625, 8.125 ], "texture": "#texture" },
        "north": { "uv": [ 6.375, 8.5, 9.625, 8.75 ], "texture": "#particle" },
        "south": { "uv": [ 6.375, 8.5, 9.625, 8.75 ], "texture": "#particle" },
        "west":  { "uv": [ 7.875, 8.5, 8.125, 8.75 ], "texture": "#texture" },
        "east":  { "uv": [ 7.875, 8.5, 8.125, 8.75 ], "texture": "#texture" }
    }
},
{
    "__comment": "Minecraft",
    "from": [ 6.375, 9.375, 7.875 ],
    "to": [ 7.25, 9.625, 8.125 ],
    "faces": {
        "down":  { "uv": [ 9.625, 8.125, 8.75, 7.875 ], "texture": "#texture" },
        "up":    { "uv": [ 6.375, 7.875, 7.25, 8.125 ], "texture": "#texture" },
        "north": { "uv": [ 8.75, 6.375, 9.625, 6.625 ], "texture": "#particle" },
        "south": { "uv": [ 6.375, 6.375, 7.25, 6.625 ], "texture": "#particle" },
        "west":  { "uv": [ 7.875, 6.375, 8.125, 6.625 ], "texture": "#texture" },
        "east":  { "uv": [ 7.875, 6.375, 8.125, 6.625 ], "texture": "#texture" }
    }
},
{
    "__comment": "Minecraft",
    "from": [ 6.375, 8, 8.125 ],
    "to": [ 6.625, 9.25, 8.25 ],
    "faces": {
        "down":  { "uv": [ 9.625, 8.25, 9.375, 8.125 ], "texture": "#texture" },
        "up":    { "uv": [ 6.375, 8.125, 6.625, 8.25 ], "texture": "#texture" },
        "north": { "uv": [ 9.375, 6.75, 9.625, 8 ], "texture": "#particle" },
        "south": { "uv": [ 6.375, 6.75, 6.625, 8 ], "texture": "#particle" },
        "west":  { "uv": [ 8.125, 6.75, 8.25, 8 ], "texture": "#texture" },
        "east":  { "uv": [ 7.75, 6.75, 7.875, 8 ], "texture": "#texture" }
    }
},
{
    "__comment": "Minecraft",
    "from": [ 6.5, 7.875, 7.75 ],
    "to": [ 9.5, 8, 7.875 ],
    "faces": {
        "down":  { "uv": [ 9.5, 7.875, 6.5, 7.75 ], "texture": "#texture" },
        "up":    { "uv": [ 6.5, 7.75, 9.5, 7.875 ], "texture": "#texture" },
        "north": { "uv": [ 6.5, 8, 9.5, 8.125 ], "texture": "#particle" },
        "south": { "uv": [ 6.5, 8, 9.5, 8.125 ], "texture": "#particle" },
        "west":  { "uv": [ 7.75, 8, 7.875, 8.125 ], "texture": "#texture" },
        "east":  { "uv": [ 8.125, 8, 8.25, 8.125 ], "texture": "#texture" }
    }
},
{
    "__comment": "Minecraft",
    "from": [ 6.5, 9.25, 7.75 ],
    "to": [ 6.625, 9.375, 7.875 ],
    "faces": {
        "down":  { "uv": [ 9.5, 7.875, 9.375, 7.75 ], "texture": "#texture" },
        "up":    { "uv": [ 6.5, 7.75, 6.625, 7.875 ], "texture": "#texture" },
        "north": { "uv": [ 9.375, 6.625, 9.5, 6.75 ], "texture": "#particle" },
        "south": { "uv": [ 6.5, 6.625, 6.625, 6.75 ], "texture": "#particle" },
        "west":  { "uv": [ 7.75, 6.625, 7.875, 6.75 ], "texture": "#texture" },
        "east":  { "uv": [ 8.125, 6.625, 8.25, 6.75 ], "texture": "#texture" }
    }
},
{
    "__comment": "Minecraft",
    "from": [ 6.5, 7.125, 7.875 ],
    "to": [ 9.5, 7.25, 8.125 ],
    "faces": {
        "down":  { "uv": [ 9.5, 8.125, 6.5, 7.875 ], "texture": "#texture" },
        "up":    { "uv": [ 6.5, 7.875, 9.5, 8.125 ], "texture": "#texture" },
        "north": { "uv": [ 6.5, 8.75, 9.5, 8.875 ], "texture": "#particle" },
        "south": { "uv": [ 6.5, 8.75, 9.5, 8.875 ], "texture": "#particle" },
        "west":  { "uv": [ 7.875, 8.75, 8.125, 8.875 ], "texture": "#texture" },
        "east":  { "uv": [ 7.875, 8.75, 8.125, 8.875 ], "texture": "#texture" }
    }
},
{
    "__comment": "Minecraft",
    "from": [ 6.5, 9.625, 7.875 ],
    "to": [ 7.125, 9.875, 8.125 ],
    "faces": {
        "down":  { "uv": [ 9.5, 8.125, 8.875, 7.875 ], "texture": "#texture" },
        "up":    { "uv": [ 6.5, 7.875, 7.125, 8.125 ], "texture": "#texture" },
        "north": { "uv": [ 8.875, 6.125, 9.5, 6.375 ], "texture": "#particle" },
        "south": { "uv": [ 6.5, 6.125, 7.125, 6.375 ], "texture": "#particle" },
        "west":  { "uv": [ 7.875, 6.125, 8.125, 6.375 ], "texture": "#texture" },
        "east":  { "uv": [ 7.875, 6.125, 8.125, 6.375 ], "texture": "#texture" }
    }
},
{
    "__comment": "Minecraft",
    "from": [ 6.5, 7.875, 8.125 ],
    "to": [ 9.5, 8, 8.25 ],
    "faces": {
        "down":  { "uv": [ 9.5, 8.25, 6.5, 8.125 ], "texture": "#texture" },
        "up":    { "uv": [ 6.5, 8.125, 9.5, 8.25 ], "texture": "#texture" },
        "north": { "uv": [ 6.5, 8, 9.5, 8.125 ], "texture": "#particle" },
        "south": { "uv": [ 6.5, 8, 9.5, 8.125 ], "texture": "#particle" },
        "west":  { "uv": [ 8.125, 8, 8.25, 8.125 ], "texture": "#texture" },
        "east":  { "uv": [ 7.75, 8, 7.875, 8.125 ], "texture": "#texture" }
    }
},
{
    "__comment": "Minecraft",
    "from": [ 6.5, 9.25, 8.125 ],
    "to": [ 6.625, 9.375, 8.25 ],
    "faces": {
        "down":  { "uv": [ 9.5, 8.25, 9.375, 8.125 ], "texture": "#texture" },
        "up":    { "uv": [ 6.5, 8.125, 6.625, 8.25 ], "texture": "#texture" },
        "north": { "uv": [ 9.375, 6.625, 9.5, 6.75 ], "texture": "#particle" },
        "south": { "uv": [ 6.5, 6.625, 6.625, 6.75 ], "texture": "#particle" },
        "west":  { "uv": [ 8.125, 6.625, 8.25, 6.75 ], "texture": "#texture" },
        "east":  { "uv": [ 7.75, 6.625, 7.875, 6.75 ], "texture": "#texture" }
    }
},
{
    "__comment": "Minecraft",
    "from": [ 6.625, 7.375, 7.75 ],
    "to": [ 9.375, 7.875, 7.875 ],
    "faces": {
        "down":  { "uv": [ 9.375, 7.875, 6.625, 7.75 ], "texture": "#texture" },
        "up":    { "uv": [ 6.625, 7.75, 9.375, 7.875 ], "texture": "#texture" },
        "north": { "uv": [ 6.625, 8.125, 9.375, 8.625 ], "texture": "#particle" },
        "south": { "uv": [ 6.625, 8.125, 9.375, 8.625 ], "texture": "#particle" },
        "west":  { "uv": [ 7.75, 8.125, 7.875, 8.625 ], "texture": "#texture" },
        "east":  { "uv": [ 8.125, 8.125, 8.25, 8.625 ], "texture": "#texture" }
    }
},
{
    "__comment": "Minecraft",
    "from": [ 6.625, 8, 7.75 ],
    "to": [ 6.75, 8.75, 7.875 ],
    "faces": {
        "down":  { "uv": [ 9.375, 7.875, 9.25, 7.75 ], "texture": "#texture" },
        "up":    { "uv": [ 6.625, 7.75, 6.75, 7.875 ], "texture": "#texture" },
        "north": { "uv": [ 9.25, 7.25, 9.375, 8 ], "texture": "#particle" },
        "south": { "uv": [ 6.625, 7.25, 6.75, 8 ], "texture": "#particle" },
        "west":  { "uv": [ 7.75, 7.25, 7.875, 8 ], "texture": "#texture" },
        "east":  { "uv": [ 8.125, 7.25, 8.25, 8 ], "texture": "#texture" }
    }
},
{
    "__comment": "Minecraft",
    "from": [ 6.625, 9.375, 7.75 ],
    "to": [ 6.75, 9.875, 7.875 ],
    "faces": {
        "down":  { "uv": [ 9.375, 7.875, 9.25, 7.75 ], "texture": "#texture" },
        "up":    { "uv": [ 6.625, 7.75, 6.75, 7.875 ], "texture": "#texture" },
        "north": { "uv": [ 9.25, 6.125, 9.375, 6.625 ], "texture": "#particle" },
        "south": { "uv": [ 6.625, 6.125, 6.75, 6.625 ], "texture": "#particle" },
        "west":  { "uv": [ 7.75, 6.125, 7.875, 6.625 ], "texture": "#texture" },
        "east":  { "uv": [ 8.125, 6.125, 8.25, 6.625 ], "texture": "#texture" }
    }
},
{
    "__comment": "Minecraft",
    "from": [ 6.625, 7, 7.875 ],
    "to": [ 9.375, 7.125, 8.125 ],
    "faces": {
        "down":  { "uv": [ 9.375, 8.125, 6.625, 7.875 ], "texture": "#texture" },
        "up":    { "uv": [ 6.625, 7.875, 9.375, 8.125 ], "texture": "#texture" },
        "north": { "uv": [ 6.625, 8.875, 9.375, 9 ], "texture": "#particle" },
        "south": { "uv": [ 6.625, 8.875, 9.375, 9 ], "texture": "#particle" },
        "west":  { "uv": [ 7.875, 8.875, 8.125, 9 ], "texture": "#texture" },
        "east":  { "uv": [ 7.875, 8.875, 8.125, 9 ], "texture": "#texture" }
    }
},
{
    "__comment": "Minecraft",
    "from": [ 6.625, 9.875, 7.875 ],
    "to": [ 6.875, 10.125, 8.125 ],
    "faces": {
        "down":  { "uv": [ 9.375, 8.125, 9.125, 7.875 ], "texture": "#texture" },
        "up":    { "uv": [ 6.625, 7.875, 6.875, 8.125 ], "texture": "#texture" },
        "north": { "uv": [ 9.125, 5.875, 9.375, 6.125 ], "texture": "#particle" },
        "south": { "uv": [ 6.625, 5.875, 6.875, 6.125 ], "texture": "#particle" },
        "west":  { "uv": [ 7.875, 5.875, 8.125, 6.125 ], "texture": "#texture" },
        "east":  { "uv": [ 7.875, 5.875, 8.125, 6.125 ], "texture": "#texture" }
    }
},
{
    "__comment": "Minecraft",
    "from": [ 6.625, 7.375, 8.125 ],
    "to": [ 9.375, 7.875, 8.25 ],
    "faces": {
        "down":  { "uv": [ 9.375, 8.25, 6.625, 8.125 ], "texture": "#texture" },
        "up":    { "uv": [ 6.625, 8.125, 9.375, 8.25 ], "texture": "#texture" },
        "north": { "uv": [ 6.625, 8.125, 9.375, 8.625 ], "texture": "#particle" },
        "south": { "uv": [ 6.625, 8.125, 9.375, 8.625 ], "texture": "#particle" },
        "west":  { "uv": [ 8.125, 8.125, 8.25, 8.625 ], "texture": "#texture" },
        "east":  { "uv": [ 7.75, 8.125, 7.875, 8.625 ], "texture": "#texture" }
    }
},
{
    "__comment": "Minecraft",
    "from": [ 6.625, 8, 8.125 ],
    "to": [ 6.75, 8.75, 8.25 ],
    "faces": {
        "down":  { "uv": [ 9.375, 8.25, 9.25, 8.125 ], "texture": "#texture" },
        "up":    { "uv": [ 6.625, 8.125, 6.75, 8.25 ], "texture": "#texture" },
        "north": { "uv": [ 9.25, 7.25, 9.375, 8 ], "texture": "#particle" },
        "south": { "uv": [ 6.625, 7.25, 6.75, 8 ], "texture": "#particle" },
        "west":  { "uv": [ 8.125, 7.25, 8.25, 8 ], "texture": "#texture" },
        "east":  { "uv": [ 7.75, 7.25, 7.875, 8 ], "texture": "#texture" }
    }
},
{
    "__comment": "Minecraft",
    "from": [ 6.625, 9.375, 8.125 ],
    "to": [ 6.75, 9.875, 8.25 ],
    "faces": {
        "down":  { "uv": [ 9.375, 8.25, 9.25, 8.125 ], "texture": "#texture" },
        "up":    { "uv": [ 6.625, 8.125, 6.75, 8.25 ], "texture": "#texture" },
        "north": { "uv": [ 9.25, 6.125, 9.375, 6.625 ], "texture": "#particle" },
        "south": { "uv": [ 6.625, 6.125, 6.75, 6.625 ], "texture": "#particle" },
        "west":  { "uv": [ 8.125, 6.125, 8.25, 6.625 ], "texture": "#texture" },
        "east":  { "uv": [ 7.75, 6.125, 7.875, 6.625 ], "texture": "#texture" }
    }
},
{
    "__comment": "Minecraft",
    "from": [ 6.75, 7.25, 7.75 ],
    "to": [ 9.25, 7.375, 7.875 ],
    "faces": {
        "down":  { "uv": [ 9.25, 7.875, 6.75, 7.75 ], "texture": "#texture" },
        "up":    { "uv": [ 6.75, 7.75, 9.25, 7.875 ], "texture": "#texture" },
        "north": { "uv": [ 6.75, 8.625, 9.25, 8.75 ], "texture": "#particle" },
        "south": { "uv": [ 6.75, 8.625, 9.25, 8.75 ], "texture": "#particle" },
        "west":  { "uv": [ 7.75, 8.625, 7.875, 8.75 ], "texture": "#texture" },
        "east":  { "uv": [ 8.125, 8.625, 8.25, 8.75 ], "texture": "#texture" }
    }
},
{
    "__comment": "Minecraft",
    "from": [ 6.75, 8, 7.75 ],
    "to": [ 6.875, 8.5, 7.875 ],
    "faces": {
        "down":  { "uv": [ 9.25, 7.875, 9.125, 7.75 ], "texture": "#texture" },
        "up":    { "uv": [ 6.75, 7.75, 6.875, 7.875 ], "texture": "#texture" },
        "north": { "uv": [ 9.125, 7.5, 9.25, 8 ], "texture": "#particle" },
        "south": { "uv": [ 6.75, 7.5, 6.875, 8 ], "texture": "#particle" },
        "west":  { "uv": [ 7.75, 7.5, 7.875, 8 ], "texture": "#texture" },
        "east":  { "uv": [ 8.125, 7.5, 8.25, 8 ], "texture": "#texture" }
    }
},
{
    "__comment": "Minecraft",
    "from": [ 6.75, 9.625, 7.75 ],
    "to": [ 6.875, 9.875, 7.875 ],
    "faces": {
        "down":  { "uv": [ 9.25, 7.875, 9.125, 7.75 ], "texture": "#texture" },
        "up":    { "uv": [ 6.75, 7.75, 6.875, 7.875 ], "texture": "#texture" },
        "north": { "uv": [ 9.125, 6.125, 9.25, 6.375 ], "texture": "#particle" },
        "south": { "uv": [ 6.75, 6.125, 6.875, 6.375 ], "texture": "#particle" },
        "west":  { "uv": [ 7.75, 6.125, 7.875, 6.375 ], "texture": "#texture" },
        "east":  { "uv": [ 8.125, 6.125, 8.25, 6.375 ], "texture": "#texture" }
    }
},
{
    "__comment": "Minecraft",
    "from": [ 6.75, 7.25, 8.125 ],
    "to": [ 9.25, 7.375, 8.25 ],
    "faces": {
        "down":  { "uv": [ 9.25, 8.25, 6.75, 8.125 ], "texture": "#texture" },
        "up":    { "uv": [ 6.75, 8.125, 9.25, 8.25 ], "texture": "#texture" },
        "north": { "uv": [ 6.75, 8.625, 9.25, 8.75 ], "texture": "#particle" },
        "south": { "uv": [ 6.75, 8.625, 9.25, 8.75 ], "texture": "#particle" },
        "west":  { "uv": [ 8.125, 8.625, 8.25, 8.75 ], "texture": "#texture" },
        "east":  { "uv": [ 7.75, 8.625, 7.875, 8.75 ], "texture": "#texture" }
    }
},
{
    "__comment": "Minecraft",
    "from": [ 6.75, 8, 8.125 ],
    "to": [ 6.875, 8.5, 8.25 ],
    "faces": {
        "down":  { "uv": [ 9.25, 8.25, 9.125, 8.125 ], "texture": "#texture" },
        "up":    { "uv": [ 6.75, 8.125, 6.875, 8.25 ], "texture": "#texture" },
        "north": { "uv": [ 9.125, 7.5, 9.25, 8 ], "texture": "#particle" },
        "south": { "uv": [ 6.75, 7.5, 6.875, 8 ], "texture": "#particle" },
        "west":  { "uv": [ 8.125, 7.5, 8.25, 8 ], "texture": "#texture" },
        "east":  { "uv": [ 7.75, 7.5, 7.875, 8 ], "texture": "#texture" }
    }
},
{
    "__comment": "Minecraft",
    "from": [ 6.75, 9.625, 8.125 ],
    "to": [ 6.875, 9.875, 8.25 ],
    "faces": {
        "down":  { "uv": [ 9.25, 8.25, 9.125, 8.125 ], "texture": "#texture" },
        "up":    { "uv": [ 6.75, 8.125, 6.875, 8.25 ], "texture": "#texture" },
        "north": { "uv": [ 9.125, 6.125, 9.25, 6.375 ], "texture": "#particle" },
        "south": { "uv": [ 6.75, 6.125, 6.875, 6.375 ], "texture": "#particle" },
        "west":  { "uv": [ 8.125, 6.125, 8.25, 6.375 ], "texture": "#texture" },
        "east":  { "uv": [ 7.75, 6.125, 7.875, 6.375 ], "texture": "#texture" }
    }
},
{
    "__comment": "Minecraft",
    "from": [ 6.875, 8, 7.75 ],
    "to": [ 7, 8.25, 7.875 ],
    "faces": {
        "down":  { "uv": [ 9.125, 7.875, 9, 7.75 ], "texture": "#texture" },
        "up":    { "uv": [ 6.875, 7.75, 7, 7.875 ], "texture": "#texture" },
        "north": { "uv": [ 9, 7.75, 9.125, 8 ], "texture": "#particle" },
        "south": { "uv": [ 6.875, 7.75, 7, 8 ], "texture": "#particle" },
        "west":  { "uv": [ 7.75, 7.75, 7.875, 8 ], "texture": "#texture" },
        "east":  { "uv": [ 8.125, 7.75, 8.25, 8 ], "texture": "#texture" }
    }
},
{
    "__comment": "Minecraft",
    "from": [ 6.875, 8.625, 7.75 ],
    "to": [ 7.125, 9.375, 7.875 ],
    "faces": {
        "down":  { "uv": [ 9.125, 7.875, 8.875, 7.75 ], "texture": "#texture" },
        "up":    { "uv": [ 6.875, 7.75, 7.125, 7.875 ], "texture": "#texture" },
        "north": { "uv": [ 8.875, 6.625, 9.125, 7.375 ], "texture": "#particle" },
        "south": { "uv": [ 6.875, 6.625, 7.125, 7.375 ], "texture": "#particle" },
        "west":  { "uv": [ 7.75, 6.625, 7.875, 7.375 ], "texture": "#texture" },
        "east":  { "uv": [ 8.125, 6.625, 8.25, 7.375 ], "texture": "#texture" }
    }
},
{
    "__comment": "Minecraft",
    "from": [ 6.875, 6.875, 7.875 ],
    "to": [ 9.125, 7, 8.125 ],
    "faces": {
        "down":  { "uv": [ 9.125, 8.125, 6.875, 7.875 ], "texture": "#texture" },
        "up":    { "uv": [ 6.875, 7.875, 9.125, 8.125 ], "texture": "#texture" },
        "north": { "uv": [ 6.875, 9, 9.125, 9.125 ], "texture": "#particle" },
        "south": { "uv": [ 6.875, 9, 9.125, 9.125 ], "texture": "#particle" },
        "west":  { "uv": [ 7.875, 9, 8.125, 9.125 ], "texture": "#texture" },
        "east":  { "uv": [ 7.875, 9, 8.125, 9.125 ], "texture": "#texture" }
    }
},
{
    "__comment": "Minecraft",
    "from": [ 6.875, 9.875, 7.875 ],
    "to": [ 7.125, 10, 8.125 ],
    "faces": {
        "down":  { "uv": [ 9.125, 8.125, 8.875, 7.875 ], "texture": "#texture" },
        "up":    { "uv": [ 6.875, 7.875, 7.125, 8.125 ], "texture": "#texture" },
        "north": { "uv": [ 8.875, 6, 9.125, 6.125 ], "texture": "#particle" },
        "south": { "uv": [ 6.875, 6, 7.125, 6.125 ], "texture": "#particle" },
        "west":  { "uv": [ 7.875, 6, 8.125, 6.125 ], "texture": "#texture" },
        "east":  { "uv": [ 7.875, 6, 8.125, 6.125 ], "texture": "#texture" }
    }
},
{
    "__comment": "Minecraft",
    "from": [ 6.875, 8, 8.125 ],
    "to": [ 7, 8.25, 8.25 ],
    "faces": {
        "down":  { "uv": [ 9.125, 8.25, 9, 8.125 ], "texture": "#texture" },
        "up":    { "uv": [ 6.875, 8.125, 7, 8.25 ], "texture": "#texture" },
        "north": { "uv": [ 9, 7.75, 9.125, 8 ], "texture": "#particle" },
        "south": { "uv": [ 6.875, 7.75, 7, 8 ], "texture": "#particle" },
        "west":  { "uv": [ 8.125, 7.75, 8.25, 8 ], "texture": "#texture" },
        "east":  { "uv": [ 7.75, 7.75, 7.875, 8 ], "texture": "#texture" }
    }
},
{
    "__comment": "Minecraft",
    "from": [ 6.875, 8.625, 8.125 ],
    "to": [ 7.125, 9.375, 8.25 ],
    "faces": {
        "down":  { "uv": [ 9.125, 8.25, 8.875, 8.125 ], "texture": "#texture" },
        "up":    { "uv": [ 6.875, 8.125, 7.125, 8.25 ], "texture": "#texture" },
        "north": { "uv": [ 8.875, 6.625, 9.125, 7.375 ], "texture": "#particle" },
        "south": { "uv": [ 6.875, 6.625, 7.125, 7.375 ], "texture": "#particle" },
        "west":  { "uv": [ 8.125, 6.625, 8.25, 7.375 ], "texture": "#texture" },
        "east":  { "uv": [ 7.75, 6.625, 7.875, 7.375 ], "texture": "#texture" }
    }
},
{
    "__comment": "Minecraft",
    "from": [ 7, 8.375, 7.75 ],
    "to": [ 7.25, 8.625, 7.875 ],
    "faces": {
        "down":  { "uv": [ 9, 7.875, 8.75, 7.75 ], "texture": "#texture" },
        "up":    { "uv": [ 7, 7.75, 7.25, 7.875 ], "texture": "#texture" },
        "north": { "uv": [ 8.75, 7.375, 9, 7.625 ], "texture": "#particle" },
        "south": { "uv": [ 7, 7.375, 7.25, 7.625 ], "texture": "#particle" },
        "west":  { "uv": [ 7.75, 7.375, 7.875, 7.625 ], "texture": "#texture" },
        "east":  { "uv": [ 8.125, 7.375, 8.25, 7.625 ], "texture": "#texture" }
    }
},
{
    "__comment": "Minecraft",
    "from": [ 7, 9.375, 7.75 ],
    "to": [ 7.25, 9.5, 7.875 ],
    "faces": {
        "down":  { "uv": [ 9, 7.875, 8.75, 7.75 ], "texture": "#texture" },
        "up":    { "uv": [ 7, 7.75, 7.25, 7.875 ], "texture": "#texture" },
        "north": { "uv": [ 8.75, 6.5, 9, 6.625 ], "texture": "#particle" },
        "south": { "uv": [ 7, 6.5, 7.25, 6.625 ], "texture": "#particle" },
        "west":  { "uv": [ 7.75, 6.5, 7.875, 6.625 ], "texture": "#texture" },
        "east":  { "uv": [ 8.125, 6.5, 8.25, 6.625 ], "texture": "#texture" }
    }
},
{
    "__comment": "Minecraft",
    "from": [ 7, 8.375, 8.125 ],
    "to": [ 7.25, 8.625, 8.25 ],
    "faces": {
        "down":  { "uv": [ 9, 8.25, 8.75, 8.125 ], "texture": "#texture" },
        "up":    { "uv": [ 7, 8.125, 7.25, 8.25 ], "texture": "#texture" },
        "north": { "uv": [ 8.75, 7.375, 9, 7.625 ], "texture": "#particle" },
        "south": { "uv": [ 7, 7.375, 7.25, 7.625 ], "texture": "#particle" },
        "west":  { "uv": [ 8.125, 7.375, 8.25, 7.625 ], "texture": "#texture" },
        "east":  { "uv": [ 7.75, 7.375, 7.875, 7.625 ], "texture": "#texture" }
    }
},
{
    "__comment": "Minecraft",
    "from": [ 7, 9.375, 8.125 ],
    "to": [ 7.25, 9.5, 8.25 ],
    "faces": {
        "down":  { "uv": [ 9, 8.25, 8.75, 8.125 ], "texture": "#texture" },
        "up":    { "uv": [ 7, 8.125, 7.25, 8.25 ], "texture": "#texture" },
        "north": { "uv": [ 8.75, 6.5, 9, 6.625 ], "texture": "#particle" },
        "south": { "uv": [ 7, 6.5, 7.25, 6.625 ], "texture": "#particle" },
        "west":  { "uv": [ 8.125, 6.5, 8.25, 6.625 ], "texture": "#texture" },
        "east":  { "uv": [ 7.75, 6.5, 7.875, 6.625 ], "texture": "#texture" }
    }
},
{
    "__comment": "Minecraft",
    "from": [ 7.125, 8.125, 7.75 ],
    "to": [ 7.25, 8.375, 7.875 ],
    "faces": {
        "down":  { "uv": [ 8.875, 7.875, 8.75, 7.75 ], "texture": "#texture" },
        "up":    { "uv": [ 7.125, 7.75, 7.25, 7.875 ], "texture": "#texture" },
        "north": { "uv": [ 8.75, 7.625, 8.875, 7.875 ], "texture": "#particle" },
        "south": { "uv": [ 7.125, 7.625, 7.25, 7.875 ], "texture": "#particle" },
        "west":  { "uv": [ 7.75, 7.625, 7.875, 7.875 ], "texture": "#texture" },
        "east":  { "uv": [ 8.125, 7.625, 8.25, 7.875 ], "texture": "#texture" }
    }
},
{
    "__comment": "Minecraft",
    "from": [ 7.125, 8.625, 7.75 ],
    "to": [ 7.25, 8.75, 7.875 ],
    "faces": {
        "down":  { "uv": [ 8.875, 7.875, 8.75, 7.75 ], "texture": "#texture" },
        "up":    { "uv": [ 7.125, 7.75, 7.25, 7.875 ], "texture": "#texture" },
        "north": { "uv": [ 8.75, 7.25, 8.875, 7.375 ], "texture": "#particle" },
        "south": { "uv": [ 7.125, 7.25, 7.25, 7.375 ], "texture": "#particle" },
        "west":  { "uv": [ 7.75, 7.25, 7.875, 7.375 ], "texture": "#texture" },
        "east":  { "uv": [ 8.125, 7.25, 8.25, 7.375 ], "texture": "#texture" }
    }
},
{
    "__comment": "Minecraft",
    "from": [ 7.125, 9.25, 7.75 ],
    "to": [ 7.25, 9.375, 7.875 ],
    "faces": {
        "down":  { "uv": [ 8.875, 7.875, 8.75, 7.75 ], "texture": "#texture" },
        "up":    { "uv": [ 7.125, 7.75, 7.25, 7.875 ], "texture": "#texture" },
        "north": { "uv": [ 8.75, 6.625, 8.875, 6.75 ], "texture": "#particle" },
        "south": { "uv": [ 7.125, 6.625, 7.25, 6.75 ], "texture": "#particle" },
        "west":  { "uv": [ 7.75, 6.625, 7.875, 6.75 ], "texture": "#texture" },
        "east":  { "uv": [ 8.125, 6.625, 8.25, 6.75 ], "texture": "#texture" }
    }
},
{
    "__comment": "Minecraft",
    "from": [ 7.125, 6.625, 7.875 ],
    "to": [ 7.375, 6.875, 8.125 ],
    "faces": {
        "down":  { "uv": [ 8.875, 8.125, 8.625, 7.875 ], "texture": "#texture" },
        "up":    { "uv": [ 7.125, 7.875, 7.375, 8.125 ], "texture": "#texture" },
        "north": { "uv": [ 8.625, 9.125, 8.875, 9.375 ], "texture": "#particle" },
        "south": { "uv": [ 7.125, 9.125, 7.375, 9.375 ], "texture": "#particle" },
        "west":  { "uv": [ 7.875, 9.125, 8.125, 9.375 ], "texture": "#texture" },
        "east":  { "uv": [ 7.875, 9.125, 8.125, 9.375 ], "texture": "#texture" }
    }
},
{
    "__comment": "Minecraft",
    "from": [ 7.125, 9.625, 7.875 ],
    "to": [ 7.25, 9.75, 8.125 ],
    "faces": {
        "down":  { "uv": [ 8.875, 8.125, 8.75, 7.875 ], "texture": "#texture" },
        "up":    { "uv": [ 7.125, 7.875, 7.25, 8.125 ], "texture": "#texture" },
        "north": { "uv": [ 8.75, 6.25, 8.875, 6.375 ], "texture": "#particle" },
        "south": { "uv": [ 7.125, 6.25, 7.25, 6.375 ], "texture": "#particle" },
        "west":  { "uv": [ 7.875, 6.25, 8.125, 6.375 ], "texture": "#texture" },
        "east":  { "uv": [ 7.875, 6.25, 8.125, 6.375 ], "texture": "#texture" }
    }
},
{
    "__comment": "Minecraft",
    "from": [ 7.125, 8.125, 8.125 ],
    "to": [ 7.25, 8.375, 8.25 ],
    "faces": {
        "down":  { "uv": [ 8.875, 8.25, 8.75, 8.125 ], "texture": "#texture" },
        "up":    { "uv": [ 7.125, 8.125, 7.25, 8.25 ], "texture": "#texture" },
        "north": { "uv": [ 8.75, 7.625, 8.875, 7.875 ], "texture": "#particle" },
        "south": { "uv": [ 7.125, 7.625, 7.25, 7.875 ], "texture": "#particle" },
        "west":  { "uv": [ 8.125, 7.625, 8.25, 7.875 ], "texture": "#texture" },
        "east":  { "uv": [ 7.75, 7.625, 7.875, 7.875 ], "texture": "#texture" }
    }
},
{
    "__comment": "Minecraft",
    "from": [ 7.125, 8.625, 8.125 ],
    "to": [ 7.25, 8.75, 8.25 ],
    "faces": {
        "down":  { "uv": [ 8.875, 8.25, 8.75, 8.125 ], "texture": "#texture" },
        "up":    { "uv": [ 7.125, 8.125, 7.25, 8.25 ], "texture": "#texture" },
        "north": { "uv": [ 8.75, 7.25, 8.875, 7.375 ], "texture": "#particle" },
        "south": { "uv": [ 7.125, 7.25, 7.25, 7.375 ], "texture": "#particle" },
        "west":  { "uv": [ 8.125, 7.25, 8.25, 7.375 ], "texture": "#texture" },
        "east":  { "uv": [ 7.75, 7.25, 7.875, 7.375 ], "texture": "#texture" }
    }
},
{
    "__comment": "Minecraft",
    "from": [ 7.125, 9.25, 8.125 ],
    "to": [ 7.25, 9.375, 8.25 ],
    "faces": {
        "down":  { "uv": [ 8.875, 8.25, 8.75, 8.125 ], "texture": "#texture" },
        "up":    { "uv": [ 7.125, 8.125, 7.25, 8.25 ], "texture": "#texture" },
        "north": { "uv": [ 8.75, 6.625, 8.875, 6.75 ], "texture": "#particle" },
        "south": { "uv": [ 7.125, 6.625, 7.25, 6.75 ], "texture": "#particle" },
        "west":  { "uv": [ 8.125, 6.625, 8.25, 6.75 ], "texture": "#texture" },
        "east":  { "uv": [ 7.75, 6.625, 7.875, 6.75 ], "texture": "#texture" }
    }
},
{
    "__comment": "Minecraft",
    "from": [ 7.25, 7.125, 7.75 ],
    "to": [ 7.75, 7.25, 7.875 ],
    "faces": {
        "down":  { "uv": [ 8.75, 7.875, 8.25, 7.75 ], "texture": "#texture" },
        "up":    { "uv": [ 7.25, 7.75, 7.75, 7.875 ], "texture": "#texture" },
        "north": { "uv": [ 8.25, 8.75, 8.75, 8.875 ], "texture": "#particle" },
        "south": { "uv": [ 7.25, 8.75, 7.75, 8.875 ], "texture": "#particle" },
        "west":  { "uv": [ 7.75, 8.75, 7.875, 8.875 ], "texture": "#texture" },
        "east":  { "uv": [ 8.125, 8.75, 8.25, 8.875 ], "texture": "#texture" }
    }
},
{
    "__comment": "Minecraft",
    "from": [ 7.25, 8, 7.75 ],
    "to": [ 8.75, 8.25, 8.25 ],
    "faces": {
        "down":  { "uv": [ 8.75, 8.25, 7.25, 7.75 ], "texture": "#texture" },
        "up":    { "uv": [ 7.25, 7.75, 8.75, 8.25 ], "texture": "#texture" },
        "north": { "uv": [ 7.25, 7.75, 8.75, 8 ], "texture": "#particle" },
        "south": { "uv": [ 7.25, 7.75, 8.75, 8 ], "texture": "#particle" },
        "west":  { "uv": [ 7.75, 7.75, 8.25, 8 ], "texture": "#texture" },
        "east":  { "uv": [ 7.75, 7.75, 8.25, 8 ], "texture": "#texture" }
    }
},
{
    "__comment": "Minecraft",
    "from": [ 7.25, 7.5, 7.875 ],
    "to": [ 9.75, 8, 8.125 ],
    "faces": {
        "down":  { "uv": [ 8.75, 8.125, 6.25, 7.875 ], "texture": "#texture" },
        "up":    { "uv": [ 7.25, 7.875, 9.75, 8.125 ], "texture": "#texture" },
        "north": { "uv": [ 6.25, 8, 8.75, 8.5 ], "texture": "#particle" },
        "south": { "uv": [ 7.25, 8, 9.75, 8.5 ], "texture": "#particle" },
        "west":  { "uv": [ 7.875, 8, 8.125, 8.5 ], "texture": "#texture" },
        "east":  { "uv": [ 7.875, 8, 8.125, 8.5 ], "texture": "#texture" }
    }
},
{
    "__comment": "Minecraft",
    "from": [ 7.25, 8.25, 7.875 ],
    "to": [ 7.375, 8.75, 8.125 ],
    "faces": {
        "down":  { "uv": [ 8.75, 8.125, 8.625, 7.875 ], "texture": "#texture" },
        "up":    { "uv": [ 7.25, 7.875, 7.375, 8.125 ], "texture": "#texture" },
        "north": { "uv": [ 8.625, 7.25, 8.75, 7.75 ], "texture": "#particle" },
        "south": { "uv": [ 7.25, 7.25, 7.375, 7.75 ], "texture": "#particle" },
        "west":  { "uv": [ 7.875, 7.25, 8.125, 7.75 ], "texture": "#texture" },
        "east":  { "uv": [ 7.875, 7.25, 8.125, 7.75 ], "texture": "#texture" }
    }
},
{
    "__comment": "Minecraft",
    "from": [ 7.25, 7.125, 8.125 ],
    "to": [ 7.75, 7.25, 8.25 ],
    "faces": {
        "down":  { "uv": [ 8.75, 8.25, 8.25, 8.125 ], "texture": "#texture" },
        "up":    { "uv": [ 7.25, 8.125, 7.75, 8.25 ], "texture": "#texture" },
        "north": { "uv": [ 8.25, 8.75, 8.75, 8.875 ], "texture": "#particle" },
        "south": { "uv": [ 7.25, 8.75, 7.75, 8.875 ], "texture": "#particle" },
        "west":  { "uv": [ 8.125, 8.75, 8.25, 8.875 ], "texture": "#texture" },
        "east":  { "uv": [ 7.75, 8.75, 7.875, 8.875 ], "texture": "#texture" }
    }
},
{
    "__comment": "Minecraft",
    "from": [ 7.375, 6.75, 7.875 ],
    "to": [ 8.875, 6.875, 8.125 ],
    "faces": {
        "down":  { "uv": [ 8.625, 8.125, 7.125, 7.875 ], "texture": "#texture" },
        "up":    { "uv": [ 7.375, 7.875, 8.875, 8.125 ], "texture": "#texture" },
        "north": { "uv": [ 7.125, 9.125, 8.625, 9.25 ], "texture": "#particle" },
        "south": { "uv": [ 7.375, 9.125, 8.875, 9.25 ], "texture": "#particle" },
        "west":  { "uv": [ 7.875, 9.125, 8.125, 9.25 ], "texture": "#texture" },
        "east":  { "uv": [ 7.875, 9.125, 8.125, 9.25 ], "texture": "#texture" }
    }
},
{
    "__comment": "Minecraft",
    "from": [ 7.375, 8.25, 7.875 ],
    "to": [ 9.75, 8.5, 8.125 ],
    "faces": {
        "down":  { "uv": [ 8.625, 8.125, 6.25, 7.875 ], "texture": "#texture" },
        "up":    { "uv": [ 7.375, 7.875, 9.75, 8.125 ], "texture": "#texture" },
        "north": { "uv": [ 6.25, 7.5, 8.625, 7.75 ], "texture": "#particle" },
        "south": { "uv": [ 7.375, 7.5, 9.75, 7.75 ], "texture": "#particle" },
        "west":  { "uv": [ 7.875, 7.5, 8.125, 7.75 ], "texture": "#texture" },
        "east":  { "uv": [ 7.875, 7.5, 8.125, 7.75 ], "texture": "#texture" }
    }
},
{
    "__comment": "Minecraft",
    "from": [ 7.5, 8.25, 7.75 ],
    "to": [ 8.5, 8.375, 7.875 ],
    "faces": {
        "down":  { "uv": [ 8.5, 7.875, 7.5, 7.75 ], "texture": "#texture" },
        "up":    { "uv": [ 7.5, 7.75, 8.5, 7.875 ], "texture": "#texture" },
        "north": { "uv": [ 7.5, 7.625, 8.5, 7.75 ], "texture": "#particle" },
        "south": { "uv": [ 7.5, 7.625, 8.5, 7.75 ], "texture": "#particle" },
        "west":  { "uv": [ 7.75, 7.625, 7.875, 7.75 ], "texture": "#texture" },
        "east":  { "uv": [ 8.125, 7.625, 8.25, 7.75 ], "texture": "#texture" }
    }
},
{
    "__comment": "Minecraft",
    "from": [ 7.5, 8.5, 7.875 ],
    "to": [ 8.5, 8.625, 8.125 ],
    "faces": {
        "down":  { "uv": [ 8.5, 8.125, 7.5, 7.875 ], "texture": "#texture" },
        "up":    { "uv": [ 7.5, 7.875, 8.5, 8.125 ], "texture": "#texture" },
        "north": { "uv": [ 7.5, 7.375, 8.5, 7.5 ], "texture": "#particle" },
        "south": { "uv": [ 7.5, 7.375, 8.5, 7.5 ], "texture": "#particle" },
        "west":  { "uv": [ 7.875, 7.375, 8.125, 7.5 ], "texture": "#texture" },
        "east":  { "uv": [ 7.875, 7.375, 8.125, 7.5 ], "texture": "#texture" }
    }
},
{
    "__comment": "Minecraft",
    "from": [ 7.5, 8.25, 8.125 ],
    "to": [ 8.5, 8.375, 8.25 ],
    "faces": {
        "down":  { "uv": [ 8.5, 8.25, 7.5, 8.125 ], "texture": "#texture" },
        "up":    { "uv": [ 7.5, 8.125, 8.5, 8.25 ], "texture": "#texture" },
        "north": { "uv": [ 7.5, 7.625, 8.5, 7.75 ], "texture": "#particle" },
        "south": { "uv": [ 7.5, 7.625, 8.5, 7.75 ], "texture": "#particle" },
        "west":  { "uv": [ 8.125, 7.625, 8.25, 7.75 ], "texture": "#texture" },
        "east":  { "uv": [ 7.75, 7.625, 7.875, 7.75 ], "texture": "#texture" }
    }
},
{
    "__comment": "Minecraft",
    "from": [ 7.625, 8.375, 7.75 ],
    "to": [ 8.375, 8.5, 7.875 ],
    "faces": {
        "down":  { "uv": [ 8.375, 7.875, 7.625, 7.75 ], "texture": "#texture" },
        "up":    { "uv": [ 7.625, 7.75, 8.375, 7.875 ], "texture": "#texture" },
        "north": { "uv": [ 7.625, 7.5, 8.375, 7.625 ], "texture": "#particle" },
        "south": { "uv": [ 7.625, 7.5, 8.375, 7.625 ], "texture": "#particle" },
        "west":  { "uv": [ 7.75, 7.5, 7.875, 7.625 ], "texture": "#texture" },
        "east":  { "uv": [ 8.125, 7.5, 8.25, 7.625 ], "texture": "#texture" }
    }
},
{
    "__comment": "Minecraft",
    "from": [ 7.625, 2.875, 7.875 ],
    "to": [ 8.375, 3.375, 8.125 ],
    "faces": {
        "down":  { "uv": [ 8.375, 8.125, 7.625, 7.875 ], "texture": "#texture" },
        "up":    { "uv": [ 7.625, 7.875, 8.375, 8.125 ], "texture": "#texture" },
        "north": { "uv": [ 7.625, 12.625, 8.375, 13.125 ], "texture": "#particle" },
        "south": { "uv": [ 7.625, 12.625, 8.375, 13.125 ], "texture": "#particle" },
        "west":  { "uv": [ 7.875, 12.625, 8.125, 13.125 ], "texture": "#texture" },
        "east":  { "uv": [ 7.875, 12.625, 8.125, 13.125 ], "texture": "#texture" }
    }
},
{
    "__comment": "Minecraft",
    "from": [ 7.625, 8.625, 7.875 ],
    "to": [ 8.375, 14.25, 8.125 ],
    "faces": {
        "down":  { "uv": [ 8.375, 8.125, 7.625, 7.875 ], "texture": "#texture" },
        "up":    { "uv": [ 7.625, 7.875, 8.375, 8.125 ], "texture": "#texture" },
        "north": { "uv": [ 7.625, 1.75, 8.375, 7.375 ], "texture": "#particle" },
        "south": { "uv": [ 7.625, 1.75, 8.375, 7.375 ], "texture": "#particle" },
        "west":  { "uv": [ 7.875, 1.75, 8.125, 7.375 ], "texture": "#texture" },
        "east":  { "uv": [ 7.875, 1.75, 8.125, 7.375 ], "texture": "#texture" }
    }
},
{
    "__comment": "Minecraft",
    "from": [ 7.625, 8.375, 8.125 ],
    "to": [ 8.375, 8.5, 8.25 ],
    "faces": {
        "down":  { "uv": [ 8.375, 8.25, 7.625, 8.125 ], "texture": "#texture" },
        "up":    { "uv": [ 7.625, 8.125, 8.375, 8.25 ], "texture": "#texture" },
        "north": { "uv": [ 7.625, 7.5, 8.375, 7.625 ], "texture": "#particle" },
        "south": { "uv": [ 7.625, 7.5, 8.375, 7.625 ], "texture": "#particle" },
        "west":  { "uv": [ 8.125, 7.5, 8.25, 7.625 ], "texture": "#texture" },
        "east":  { "uv": [ 7.75, 7.5, 7.875, 7.625 ], "texture": "#texture" }
    }
},
{
    "__comment": "Minecraft",
    "from": [ 7.75, 2.875, 7.75 ],
    "to": [ 8.25, 3.375, 7.875 ],
    "faces": {
        "down":  { "uv": [ 8.25, 7.875, 7.75, 7.75 ], "texture": "#texture" },
        "up":    { "uv": [ 7.75, 7.75, 8.25, 7.875 ], "texture": "#texture" },
        "north": { "uv": [ 7.75, 12.625, 8.25, 13.125 ], "texture": "#particle" },
        "south": { "uv": [ 7.75, 12.625, 8.25, 13.125 ], "texture": "#particle" },
        "west":  { "uv": [ 7.75, 12.625, 7.875, 13.125 ], "texture": "#texture" },
        "east":  { "uv": [ 8.125, 12.625, 8.25, 13.125 ], "texture": "#texture" }
    }
},
{
    "__comment": "Minecraft",
    "from": [ 7.75, 2.75, 7.875 ],
    "to": [ 8.25, 2.875, 8.125 ],
    "faces": {
        "down":  { "uv": [ 8.25, 8.125, 7.75, 7.875 ], "texture": "#texture" },
        "up":    { "uv": [ 7.75, 7.875, 8.25, 8.125 ], "texture": "#texture" },
        "north": { "uv": [ 7.75, 13.125, 8.25, 13.25 ], "texture": "#particle" },
        "south": { "uv": [ 7.75, 13.125, 8.25, 13.25 ], "texture": "#particle" },
        "west":  { "uv": [ 7.875, 13.125, 8.125, 13.25 ], "texture": "#texture" },
        "east":  { "uv": [ 7.875, 13.125, 8.125, 13.25 ], "texture": "#texture" }
    }
},
{
    "__comment": "Minecraft",
    "from": [ 7.75, 3.375, 7.875 ],
    "to": [ 8.25, 6.75, 8.125 ],
    "faces": {
        "down":  { "uv": [ 8.25, 8.125, 7.75, 7.875 ], "texture": "#texture" },
        "up":    { "uv": [ 7.75, 7.875, 8.25, 8.125 ], "texture": "#texture" },
        "north": { "uv": [ 7.75, 9.25, 8.25, 12.625 ], "texture": "#particle" },
        "south": { "uv": [ 7.75, 9.25, 8.25, 12.625 ], "texture": "#particle" },
        "west":  { "uv": [ 7.875, 9.25, 8.125, 12.625 ], "texture": "#texture" },
        "east":  { "uv": [ 7.875, 9.25, 8.125, 12.625 ], "texture": "#texture" }
    }
},
{
    "__comment": "Minecraft",
    "from": [ 7.75, 14.25, 7.875 ],
    "to": [ 8.25, 14.625, 8.125 ],
    "faces": {
        "down":  { "uv": [ 8.25, 8.125, 7.75, 7.875 ], "texture": "#texture" },
        "up":    { "uv": [ 7.75, 7.875, 8.25, 8.125 ], "texture": "#texture" },
        "north": { "uv": [ 7.75, 1.375, 8.25, 1.75 ], "texture": "#particle" },
        "south": { "uv": [ 7.75, 1.375, 8.25, 1.75 ], "texture": "#particle" },
        "west":  { "uv": [ 7.875, 1.375, 8.125, 1.75 ], "texture": "#texture" },
        "east":  { "uv": [ 7.875, 1.375, 8.125, 1.75 ], "texture": "#texture" }
    }
},
{
    "__comment": "Minecraft",
    "from": [ 7.75, 2.875, 8.125 ],
    "to": [ 8.25, 3.375, 8.25 ],
    "faces": {
        "down":  { "uv": [ 8.25, 8.25, 7.75, 8.125 ], "texture": "#texture" },
        "up":    { "uv": [ 7.75, 8.125, 8.25, 8.25 ], "texture": "#texture" },
        "north": { "uv": [ 7.75, 12.625, 8.25, 13.125 ], "texture": "#particle" },
        "south": { "uv": [ 7.75, 12.625, 8.25, 13.125 ], "texture": "#particle" },
        "west":  { "uv": [ 8.125, 12.625, 8.25, 13.125 ], "texture": "#texture" },
        "east":  { "uv": [ 7.75, 12.625, 7.875, 13.125 ], "texture": "#texture" }
    }
},
{
    "__comment": "Minecraft",
    "from": [ 7.875, 2.75, 7.75 ],
    "to": [ 8.125, 2.875, 7.875 ],
    "faces": {
        "down":  { "uv": [ 8.125, 7.875, 7.875, 7.75 ], "texture": "#texture" },
        "up":    { "uv": [ 7.875, 7.75, 8.125, 7.875 ], "texture": "#texture" },
        "north": { "uv": [ 7.875, 13.125, 8.125, 13.25 ], "texture": "#particle" },
        "south": { "uv": [ 7.875, 13.125, 8.125, 13.25 ], "texture": "#particle" },
        "west":  { "uv": [ 7.75, 13.125, 7.875, 13.25 ], "texture": "#texture" },
        "east":  { "uv": [ 8.125, 13.125, 8.25, 13.25 ], "texture": "#texture" }
    }
},
{
    "__comment": "Minecraft",
    "from": [ 7.875, 3.375, 7.75 ],
    "to": [ 8.125, 7.25, 7.875 ],
    "faces": {
        "down":  { "uv": [ 8.125, 7.875, 7.875, 7.75 ], "texture": "#texture" },
        "up":    { "uv": [ 7.875, 7.75, 8.125, 7.875 ], "texture": "#texture" },
        "north": { "uv": [ 7.875, 8.75, 8.125, 12.625 ], "texture": "#particle" },
        "south": { "uv": [ 7.875, 8.75, 8.125, 12.625 ], "texture": "#particle" },
        "west":  { "uv": [ 7.75, 8.75, 7.875, 12.625 ], "texture": "#texture" },
        "east":  { "uv": [ 8.125, 8.75, 8.25, 12.625 ], "texture": "#texture" }
    }
},
{
    "__comment": "Minecraft",
    "from": [ 7.875, 8.5, 7.75 ],
    "to": [ 8.125, 8.625, 7.875 ],
    "faces": {
        "down":  { "uv": [ 8.125, 7.875, 7.875, 7.75 ], "texture": "#texture" },
        "up":    { "uv": [ 7.875, 7.75, 8.125, 7.875 ], "texture": "#texture" },
        "north": { "uv": [ 7.875, 7.375, 8.125, 7.5 ], "texture": "#particle" },
        "south": { "uv": [ 7.875, 7.375, 8.125, 7.5 ], "texture": "#particle" },
        "west":  { "uv": [ 7.75, 7.375, 7.875, 7.5 ], "texture": "#texture" },
        "east":  { "uv": [ 8.125, 7.375, 8.25, 7.5 ], "texture": "#texture" }
    }
},
{
    "__comment": "Minecraft",
    "from": [ 7.875, 2.625, 7.875 ],
    "to": [ 8.125, 2.75, 8.125 ],
    "faces": {
        "down":  { "uv": [ 8.125, 8.125, 7.875, 7.875 ], "texture": "#texture" },
        "up":    { "uv": [ 7.875, 7.875, 8.125, 8.125 ], "texture": "#texture" },
        "north": { "uv": [ 7.875, 13.25, 8.125, 13.375 ], "texture": "#particle" },
        "south": { "uv": [ 7.875, 13.25, 8.125, 13.375 ], "texture": "#particle" },
        "west":  { "uv": [ 7.875, 13.25, 8.125, 13.375 ], "texture": "#texture" },
        "east":  { "uv": [ 7.875, 13.25, 8.125, 13.375 ], "texture": "#texture" }
    }
},
{
    "__comment": "Minecraft",
    "from": [ 7.875, 14.625, 7.875 ],
    "to": [ 8.125, 15, 8.125 ],
    "faces": {
        "down":  { "uv": [ 8.125, 8.125, 7.875, 7.875 ], "texture": "#texture" },
        "up":    { "uv": [ 7.875, 7.875, 8.125, 8.125 ], "texture": "#texture" },
        "north": { "uv": [ 7.875, 1, 8.125, 1.375 ], "texture": "#particle" },
        "south": { "uv": [ 7.875, 1, 8.125, 1.375 ], "texture": "#particle" },
        "west":  { "uv": [ 7.875, 1, 8.125, 1.375 ], "texture": "#texture" },
        "east":  { "uv": [ 7.875, 1, 8.125, 1.375 ], "texture": "#texture" }
    }
},
{
    "__comment": "Minecraft",
    "from": [ 7.875, 2.75, 8.125 ],
    "to": [ 8.125, 2.875, 8.25 ],
    "faces": {
        "down":  { "uv": [ 8.125, 8.25, 7.875, 8.125 ], "texture": "#texture" },
        "up":    { "uv": [ 7.875, 8.125, 8.125, 8.25 ], "texture": "#texture" },
        "north": { "uv": [ 7.875, 13.125, 8.125, 13.25 ], "texture": "#particle" },
        "south": { "uv": [ 7.875, 13.125, 8.125, 13.25 ], "texture": "#particle" },
        "west":  { "uv": [ 8.125, 13.125, 8.25, 13.25 ], "texture": "#texture" },
        "east":  { "uv": [ 7.75, 13.125, 7.875, 13.25 ], "texture": "#texture" }
    }
},
{
    "__comment": "Minecraft",
    "from": [ 7.875, 3.375, 8.125 ],
    "to": [ 8.125, 7.25, 8.25 ],
    "faces": {
        "down":  { "uv": [ 8.125, 8.25, 7.875, 8.125 ], "texture": "#texture" },
        "up":    { "uv": [ 7.875, 8.125, 8.125, 8.25 ], "texture": "#texture" },
        "north": { "uv": [ 7.875, 8.75, 8.125, 12.625 ], "texture": "#particle" },
        "south": { "uv": [ 7.875, 8.75, 8.125, 12.625 ], "texture": "#particle" },
        "west":  { "uv": [ 8.125, 8.75, 8.25, 12.625 ], "texture": "#texture" },
        "east":  { "uv": [ 7.75, 8.75, 7.875, 12.625 ], "texture": "#texture" }
    }
},
{
    "__comment": "Minecraft",
    "from": [ 7.875, 8.5, 8.125 ],
    "to": [ 8.125, 8.625, 8.25 ],
    "faces": {
        "down":  { "uv": [ 8.125, 8.25, 7.875, 8.125 ], "texture": "#texture" },
        "up":    { "uv": [ 7.875, 8.125, 8.125, 8.25 ], "texture": "#texture" },
        "north": { "uv": [ 7.875, 7.375, 8.125, 7.5 ], "texture": "#particle" },
        "south": { "uv": [ 7.875, 7.375, 8.125, 7.5 ], "texture": "#particle" },
        "west":  { "uv": [ 8.125, 7.375, 8.25, 7.5 ], "texture": "#texture" },
        "east":  { "uv": [ 7.75, 7.375, 7.875, 7.5 ], "texture": "#texture" }
    }
},
{
    "__comment": "Minecraft",
    "from": [ 8.25, 7.125, 7.75 ],
    "to": [ 8.75, 7.25, 7.875 ],
    "faces": {
        "down":  { "uv": [ 7.75, 7.875, 7.25, 7.75 ], "texture": "#texture" },
        "up":    { "uv": [ 8.25, 7.75, 8.75, 7.875 ], "texture": "#texture" },
        "north": { "uv": [ 7.25, 8.75, 7.75, 8.875 ], "texture": "#particle" },
        "south": { "uv": [ 8.25, 8.75, 8.75, 8.875 ], "texture": "#particle" },
        "west":  { "uv": [ 7.75, 8.75, 7.875, 8.875 ], "texture": "#texture" },
        "east":  { "uv": [ 8.125, 8.75, 8.25, 8.875 ], "texture": "#texture" }
    }
},
{
    "__comment": "Minecraft",
    "from": [ 8.25, 7.125, 8.125 ],
    "to": [ 8.75, 7.25, 8.25 ],
    "faces": {
        "down":  { "uv": [ 7.75, 8.25, 7.25, 8.125 ], "texture": "#texture" },
        "up":    { "uv": [ 8.25, 8.125, 8.75, 8.25 ], "texture": "#texture" },
        "north": { "uv": [ 7.25, 8.75, 7.75, 8.875 ], "texture": "#particle" },
        "south": { "uv": [ 8.25, 8.75, 8.75, 8.875 ], "texture": "#particle" },
        "west":  { "uv": [ 8.125, 8.75, 8.25, 8.875 ], "texture": "#texture" },
        "east":  { "uv": [ 7.75, 8.75, 7.875, 8.875 ], "texture": "#texture" }
    }
},
{
    "__comment": "Minecraft",
    "from": [ 8.625, 6.625, 7.875 ],
    "to": [ 8.875, 6.75, 8.125 ],
    "faces": {
        "down":  { "uv": [ 7.375, 8.125, 7.125, 7.875 ], "texture": "#texture" },
        "up":    { "uv": [ 8.625, 7.875, 8.875, 8.125 ], "texture": "#texture" },
        "north": { "uv": [ 7.125, 9.25, 7.375, 9.375 ], "texture": "#particle" },
        "south": { "uv": [ 8.625, 9.25, 8.875, 9.375 ], "texture": "#particle" },
        "west":  { "uv": [ 7.875, 9.25, 8.125, 9.375 ], "texture": "#texture" },
        "east":  { "uv": [ 7.875, 9.25, 8.125, 9.375 ], "texture": "#texture" }
    }
},
{
    "__comment": "Minecraft",
    "from": [ 8.625, 8.5, 7.875 ],
    "to": [ 9.75, 8.75, 8.125 ],
    "faces": {
        "down":  { "uv": [ 7.375, 8.125, 6.25, 7.875 ], "texture": "#texture" },
        "up":    { "uv": [ 8.625, 7.875, 9.75, 8.125 ], "texture": "#texture" },
        "north": { "uv": [ 6.25, 7.25, 7.375, 7.5 ], "texture": "#particle" },
        "south": { "uv": [ 8.625, 7.25, 9.75, 7.5 ], "texture": "#particle" },
        "west":  { "uv": [ 7.875, 7.25, 8.125, 7.5 ], "texture": "#texture" },
        "east":  { "uv": [ 7.875, 7.25, 8.125, 7.5 ], "texture": "#texture" }
    }
},
{
    "__comment": "Minecraft",
    "from": [ 8.75, 8.125, 7.75 ],
    "to": [ 8.875, 8.25, 8.25 ],
    "faces": {
        "down":  { "uv": [ 7.25, 8.25, 7.125, 7.75 ], "texture": "#texture" },
        "up":    { "uv": [ 8.75, 7.75, 8.875, 8.25 ], "texture": "#texture" },
        "north": { "uv": [ 7.125, 7.75, 7.25, 7.875 ], "texture": "#particle" },
        "south": { "uv": [ 8.75, 7.75, 8.875, 7.875 ], "texture": "#particle" },
        "west":  { "uv": [ 7.75, 7.75, 8.25, 7.875 ], "texture": "#texture" },
        "east":  { "uv": [ 7.75, 7.75, 8.25, 7.875 ], "texture": "#texture" }
    }
},
{
    "__comment": "Minecraft",
    "from": [ 8.75, 8.25, 7.75 ],
    "to": [ 8.875, 8.75, 7.875 ],
    "faces": {
        "down":  { "uv": [ 7.25, 7.875, 7.125, 7.75 ], "texture": "#texture" },
        "up":    { "uv": [ 8.75, 7.75, 8.875, 7.875 ], "texture": "#texture" },
        "north": { "uv": [ 7.125, 7.25, 7.25, 7.75 ], "texture": "#particle" },
        "south": { "uv": [ 8.75, 7.25, 8.875, 7.75 ], "texture": "#particle" },
        "west":  { "uv": [ 7.75, 7.25, 7.875, 7.75 ], "texture": "#texture" },
        "east":  { "uv": [ 8.125, 7.25, 8.25, 7.75 ], "texture": "#texture" }
    }
},
{
    "__comment": "Minecraft",
    "from": [ 8.75, 9.25, 7.75 ],
    "to": [ 9, 9.5, 8.25 ],
    "faces": {
        "down":  { "uv": [ 7.25, 8.25, 7, 7.75 ], "texture": "#texture" },
        "up":    { "uv": [ 8.75, 7.75, 9, 8.25 ], "texture": "#texture" },
        "north": { "uv": [ 7, 6.5, 7.25, 6.75 ], "texture": "#particle" },
        "south": { "uv": [ 8.75, 6.5, 9, 6.75 ], "texture": "#particle" },
        "west":  { "uv": [ 7.75, 6.5, 8.25, 6.75 ], "texture": "#texture" },
        "east":  { "uv": [ 7.75, 6.5, 8.25, 6.75 ], "texture": "#texture" }
    }
},
{
    "__comment": "Minecraft",
    "from": [ 8.75, 8, 7.875 ],
    "to": [ 9.75, 8.125, 8.125 ],
    "faces": {
        "down":  { "uv": [ 7.25, 8.125, 6.25, 7.875 ], "texture": "#texture" },
        "up":    { "uv": [ 8.75, 7.875, 9.75, 8.125 ], "texture": "#texture" },
        "north": { "uv": [ 6.25, 7.875, 7.25, 8 ], "texture": "#particle" },
        "south": { "uv": [ 8.75, 7.875, 9.75, 8 ], "texture": "#particle" },
        "west":  { "uv": [ 7.875, 7.875, 8.125, 8 ], "texture": "#texture" },
        "east":  { "uv": [ 7.875, 7.875, 8.125, 8 ], "texture": "#texture" }
    }
},
{
    "__comment": "Minecraft",
    "from": [ 8.75, 8.75, 7.875 ],
    "to": [ 9.75, 9.25, 8.125 ],
    "faces": {
        "down":  { "uv": [ 7.25, 8.125, 6.25, 7.875 ], "texture": "#texture" },
        "up":    { "uv": [ 8.75, 7.875, 9.75, 8.125 ], "texture": "#texture" },
        "north": { "uv": [ 6.25, 6.75, 7.25, 7.25 ], "texture": "#particle" },
        "south": { "uv": [ 8.75, 6.75, 9.75, 7.25 ], "texture": "#particle" },
        "west":  { "uv": [ 7.875, 6.75, 8.125, 7.25 ], "texture": "#texture" },
        "east":  { "uv": [ 7.875, 6.75, 8.125, 7.25 ], "texture": "#texture" }
    }
},
{
    "__comment": "Minecraft",
    "from": [ 8.75, 9.5, 7.875 ],
    "to": [ 9.5, 9.75, 8.125 ],
    "faces": {
        "down":  { "uv": [ 7.25, 8.125, 6.5, 7.875 ], "texture": "#texture" },
        "up":    { "uv": [ 8.75, 7.875, 9.5, 8.125 ], "texture": "#texture" },
        "north": { "uv": [ 6.5, 6.25, 7.25, 6.5 ], "texture": "#particle" },
        "south": { "uv": [ 8.75, 6.25, 9.5, 6.5 ], "texture": "#particle" },
        "west":  { "uv": [ 7.875, 6.25, 8.125, 6.5 ], "texture": "#texture" },
        "east":  { "uv": [ 7.875, 6.25, 8.125, 6.5 ], "texture": "#texture" }
    }
},
{
    "__comment": "Minecraft",
    "from": [ 8.75, 8.25, 8.125 ],
    "to": [ 8.875, 8.75, 8.25 ],
    "faces": {
        "down":  { "uv": [ 7.25, 8.25, 7.125, 8.125 ], "texture": "#texture" },
        "up":    { "uv": [ 8.75, 8.125, 8.875, 8.25 ], "texture": "#texture" },
        "north": { "uv": [ 7.125, 7.25, 7.25, 7.75 ], "texture": "#particle" },
        "south": { "uv": [ 8.75, 7.25, 8.875, 7.75 ], "texture": "#particle" },
        "west":  { "uv": [ 8.125, 7.25, 8.25, 7.75 ], "texture": "#texture" },
        "east":  { "uv": [ 7.75, 7.25, 7.875, 7.75 ], "texture": "#texture" }
    }
},
{
    "__comment": "Minecraft",
    "from": [ 8.875, 8.375, 7.75 ],
    "to": [ 9, 9.25, 7.875 ],
    "faces": {
        "down":  { "uv": [ 7.125, 7.875, 7, 7.75 ], "texture": "#texture" },
        "up":    { "uv": [ 8.875, 7.75, 9, 7.875 ], "texture": "#texture" },
        "north": { "uv": [ 7, 6.75, 7.125, 7.625 ], "texture": "#particle" },
        "south": { "uv": [ 8.875, 6.75, 9, 7.625 ], "texture": "#particle" },
        "west":  { "uv": [ 7.75, 6.75, 7.875, 7.625 ], "texture": "#texture" },
        "east":  { "uv": [ 8.125, 6.75, 8.25, 7.625 ], "texture": "#texture" }
    }
},
{
    "__comment": "Minecraft",
    "from": [ 8.875, 8.125, 7.875 ],
    "to": [ 9.75, 8.25, 8.125 ],
    "faces": {
        "down":  { "uv": [ 7.125, 8.125, 6.25, 7.875 ], "texture": "#texture" },
        "up":    { "uv": [ 8.875, 7.875, 9.75, 8.125 ], "texture": "#texture" },
        "north": { "uv": [ 6.25, 7.75, 7.125, 7.875 ], "texture": "#particle" },
        "south": { "uv": [ 8.875, 7.75, 9.75, 7.875 ], "texture": "#particle" },
        "west":  { "uv": [ 7.875, 7.75, 8.125, 7.875 ], "texture": "#texture" },
        "east":  { "uv": [ 7.875, 7.75, 8.125, 7.875 ], "texture": "#texture" }
    }
},
{
    "__comment": "Minecraft",
    "from": [ 8.875, 9.75, 7.875 ],
    "to": [ 9.375, 10, 8.125 ],
    "faces": {
        "down":  { "uv": [ 7.125, 8.125, 6.625, 7.875 ], "texture": "#texture" },
        "up":    { "uv": [ 8.875, 7.875, 9.375, 8.125 ], "texture": "#texture" },
        "north": { "uv": [ 6.625, 6, 7.125, 6.25 ], "texture": "#particle" },
        "south": { "uv": [ 8.875, 6, 9.375, 6.25 ], "texture": "#particle" },
        "west":  { "uv": [ 7.875, 6, 8.125, 6.25 ], "texture": "#texture" },
        "east":  { "uv": [ 7.875, 6, 8.125, 6.25 ], "texture": "#texture" }
    }
},
{
    "__comment": "Minecraft",
    "from": [ 8.875, 8.375, 8.125 ],
    "to": [ 9, 9.25, 8.25 ],
    "faces": {
        "down":  { "uv": [ 7.125, 8.25, 7, 8.125 ], "texture": "#texture" },
        "up":    { "uv": [ 8.875, 8.125, 9, 8.25 ], "texture": "#texture" },
        "north": { "uv": [ 7, 6.75, 7.125, 7.625 ], "texture": "#particle" },
        "south": { "uv": [ 8.875, 6.75, 9, 7.625 ], "texture": "#particle" },
        "west":  { "uv": [ 8.125, 6.75, 8.25, 7.625 ], "texture": "#texture" },
        "east":  { "uv": [ 7.75, 6.75, 7.875, 7.625 ], "texture": "#texture" }
    }
},
{
    "__comment": "Minecraft",
    "from": [ 9, 8, 7.75 ],
    "to": [ 9.625, 8.25, 7.875 ],
    "faces": {
        "down":  { "uv": [ 7, 7.875, 6.375, 7.75 ], "texture": "#texture" },
        "up":    { "uv": [ 9, 7.75, 9.625, 7.875 ], "texture": "#texture" },
        "north": { "uv": [ 6.375, 7.75, 7, 8 ], "texture": "#particle" },
        "south": { "uv": [ 9, 7.75, 9.625, 8 ], "texture": "#particle" },
        "west":  { "uv": [ 7.75, 7.75, 7.875, 8 ], "texture": "#texture" },
        "east":  { "uv": [ 8.125, 7.75, 8.25, 8 ], "texture": "#texture" }
    }
},
{
    "__comment": "Minecraft",
    "from": [ 9, 8.625, 7.75 ],
    "to": [ 9.125, 9.375, 7.875 ],
    "faces": {
        "down":  { "uv": [ 7, 7.875, 6.875, 7.75 ], "texture": "#texture" },
        "up":    { "uv": [ 9, 7.75, 9.125, 7.875 ], "texture": "#texture" },
        "north": { "uv": [ 6.875, 6.625, 7, 7.375 ], "texture": "#particle" },
        "south": { "uv": [ 9, 6.625, 9.125, 7.375 ], "texture": "#particle" },
        "west":  { "uv": [ 7.75, 6.625, 7.875, 7.375 ], "texture": "#texture" },
        "east":  { "uv": [ 8.125, 6.625, 8.25, 7.375 ], "texture": "#texture" }
    }
},
{
    "__comment": "Minecraft",
    "from": [ 9, 9.25, 7.875 ],
    "to": [ 9.125, 9.375, 8.25 ],
    "faces": {
        "down":  { "uv": [ 7, 8.25, 6.875, 7.875 ], "texture": "#texture" },
        "up":    { "uv": [ 9, 7.875, 9.125, 8.25 ], "texture": "#texture" },
        "north": { "uv": [ 6.875, 6.625, 7, 6.75 ], "texture": "#particle" },
        "south": { "uv": [ 9, 6.625, 9.125, 6.75 ], "texture": "#particle" },
        "west":  { "uv": [ 7.875, 6.625, 8.25, 6.75 ], "texture": "#texture" },
        "east":  { "uv": [ 7.75, 6.625, 8.125, 6.75 ], "texture": "#texture" }
    }
},
{
    "__comment": "Minecraft",
    "from": [ 9, 9.375, 7.875 ],
    "to": [ 9.625, 9.5, 8.125 ],
    "faces": {
        "down":  { "uv": [ 7, 8.125, 6.375, 7.875 ], "texture": "#texture" },
        "up":    { "uv": [ 9, 7.875, 9.625, 8.125 ], "texture": "#texture" },
        "north": { "uv": [ 6.375, 6.5, 7, 6.625 ], "texture": "#particle" },
        "south": { "uv": [ 9, 6.5, 9.625, 6.625 ], "texture": "#particle" },
        "west":  { "uv": [ 7.875, 6.5, 8.125, 6.625 ], "texture": "#texture" },
        "east":  { "uv": [ 7.875, 6.5, 8.125, 6.625 ], "texture": "#texture" }
    }
},
{
    "__comment": "Minecraft",
    "from": [ 9, 8, 8.125 ],
    "to": [ 9.625, 8.25, 8.25 ],
    "faces": {
        "down":  { "uv": [ 7, 8.25, 6.375, 8.125 ], "texture": "#texture" },
        "up":    { "uv": [ 9, 8.125, 9.625, 8.25 ], "texture": "#texture" },
        "north": { "uv": [ 6.375, 7.75, 7, 8 ], "texture": "#particle" },
        "south": { "uv": [ 9, 7.75, 9.625, 8 ], "texture": "#particle" },
        "west":  { "uv": [ 8.125, 7.75, 8.25, 8 ], "texture": "#texture" },
        "east":  { "uv": [ 7.75, 7.75, 7.875, 8 ], "texture": "#texture" }
    }
},
{
    "__comment": "Minecraft",
    "from": [ 9, 8.625, 8.125 ],
    "to": [ 9.125, 9.25, 8.25 ],
    "faces": {
        "down":  { "uv": [ 7, 8.25, 6.875, 8.125 ], "texture": "#texture" },
        "up":    { "uv": [ 9, 8.125, 9.125, 8.25 ], "texture": "#texture" },
        "north": { "uv": [ 6.875, 6.75, 7, 7.375 ], "texture": "#particle" },
        "south": { "uv": [ 9, 6.75, 9.125, 7.375 ], "texture": "#particle" },
        "west":  { "uv": [ 8.125, 6.75, 8.25, 7.375 ], "texture": "#texture" },
        "east":  { "uv": [ 7.75, 6.75, 7.875, 7.375 ], "texture": "#texture" }
    }
},
{
    "__comment": "Minecraft",
    "from": [ 9.125, 8.25, 7.75 ],
    "to": [ 9.625, 8.5, 7.875 ],
    "faces": {
        "down":  { "uv": [ 6.875, 7.875, 6.375, 7.75 ], "texture": "#texture" },
        "up":    { "uv": [ 9.125, 7.75, 9.625, 7.875 ], "texture": "#texture" },
        "north": { "uv": [ 6.375, 7.5, 6.875, 7.75 ], "texture": "#particle" },
        "south": { "uv": [ 9.125, 7.5, 9.625, 7.75 ], "texture": "#particle" },
        "west":  { "uv": [ 7.75, 7.5, 7.875, 7.75 ], "texture": "#texture" },
        "east":  { "uv": [ 8.125, 7.5, 8.25, 7.75 ], "texture": "#texture" }
    }
},
{
    "__comment": "Minecraft",
    "from": [ 9.125, 9.625, 7.75 ],
    "to": [ 9.375, 9.875, 7.875 ],
    "faces": {
        "down":  { "uv": [ 6.875, 7.875, 6.625, 7.75 ], "texture": "#texture" },
        "up":    { "uv": [ 9.125, 7.75, 9.375, 7.875 ], "texture": "#texture" },
        "north": { "uv": [ 6.625, 6.125, 6.875, 6.375 ], "texture": "#particle" },
        "south": { "uv": [ 9.125, 6.125, 9.375, 6.375 ], "texture": "#particle" },
        "west":  { "uv": [ 7.75, 6.125, 7.875, 6.375 ], "texture": "#texture" },
        "east":  { "uv": [ 8.125, 6.125, 8.25, 6.375 ], "texture": "#texture" }
    }
},
{
    "__comment": "Minecraft",
    "from": [ 9.125, 9.25, 7.875 ],
    "to": [ 9.75, 9.375, 8.125 ],
    "faces": {
        "down":  { "uv": [ 6.875, 8.125, 6.25, 7.875 ], "texture": "#texture" },
        "up":    { "uv": [ 9.125, 7.875, 9.75, 8.125 ], "texture": "#texture" },
        "north": { "uv": [ 6.25, 6.625, 6.875, 6.75 ], "texture": "#particle" },
        "south": { "uv": [ 9.125, 6.625, 9.75, 6.75 ], "texture": "#particle" },
        "west":  { "uv": [ 7.875, 6.625, 8.125, 6.75 ], "texture": "#texture" },
        "east":  { "uv": [ 7.875, 6.625, 8.125, 6.75 ], "texture": "#texture" }
    }
},
{
    "__comment": "Minecraft",
    "from": [ 9.125, 10, 7.875 ],
    "to": [ 9.375, 10.125, 8.125 ],
    "faces": {
        "down":  { "uv": [ 6.875, 8.125, 6.625, 7.875 ], "texture": "#texture" },
        "up":    { "uv": [ 9.125, 7.875, 9.375, 8.125 ], "texture": "#texture" },
        "north": { "uv": [ 6.625, 5.875, 6.875, 6 ], "texture": "#particle" },
        "south": { "uv": [ 9.125, 5.875, 9.375, 6 ], "texture": "#particle" },
        "west":  { "uv": [ 7.875, 5.875, 8.125, 6 ], "texture": "#texture" },
        "east":  { "uv": [ 7.875, 5.875, 8.125, 6 ], "texture": "#texture" }
    }
},
{
    "__comment": "Minecraft",
    "from": [ 9.125, 8.25, 8.125 ],
    "to": [ 9.625, 8.5, 8.25 ],
    "faces": {
        "down":  { "uv": [ 6.875, 8.25, 6.375, 8.125 ], "texture": "#texture" },
        "up":    { "uv": [ 9.125, 8.125, 9.625, 8.25 ], "texture": "#texture" },
        "north": { "uv": [ 6.375, 7.5, 6.875, 7.75 ], "texture": "#particle" },
        "south": { "uv": [ 9.125, 7.5, 9.625, 7.75 ], "texture": "#particle" },
        "west":  { "uv": [ 8.125, 7.5, 8.25, 7.75 ], "texture": "#texture" },
        "east":  { "uv": [ 7.75, 7.5, 7.875, 7.75 ], "texture": "#texture" }
    }
},
{
    "__comment": "Minecraft",
    "from": [ 9.125, 9.625, 8.125 ],
    "to": [ 9.375, 9.875, 8.25 ],
    "faces": {
        "down":  { "uv": [ 6.875, 8.25, 6.625, 8.125 ], "texture": "#texture" },
        "up":    { "uv": [ 9.125, 8.125, 9.375, 8.25 ], "texture": "#texture" },
        "north": { "uv": [ 6.625, 6.125, 6.875, 6.375 ], "texture": "#particle" },
        "south": { "uv": [ 9.125, 6.125, 9.375, 6.375 ], "texture": "#particle" },
        "west":  { "uv": [ 8.125, 6.125, 8.25, 6.375 ], "texture": "#texture" },
        "east":  { "uv": [ 7.75, 6.125, 7.875, 6.375 ], "texture": "#texture" }
    }
},
{
    "__comment": "Minecraft",
    "from": [ 9.25, 8.5, 7.75 ],
    "to": [ 9.625, 8.75, 7.875 ],
    "faces": {
        "down":  { "uv": [ 6.75, 7.875, 6.375, 7.75 ], "texture": "#texture" },
        "up":    { "uv": [ 9.25, 7.75, 9.625, 7.875 ], "texture": "#texture" },
        "north": { "uv": [ 6.375, 7.25, 6.75, 7.5 ], "texture": "#particle" },
        "south": { "uv": [ 9.25, 7.25, 9.625, 7.5 ], "texture": "#particle" },
        "west":  { "uv": [ 7.75, 7.25, 7.875, 7.5 ], "texture": "#texture" },
        "east":  { "uv": [ 8.125, 7.25, 8.25, 7.5 ], "texture": "#texture" }
    }
},
{
    "__comment": "Minecraft",
    "from": [ 9.25, 9.375, 7.75 ],
    "to": [ 9.375, 9.625, 7.875 ],
    "faces": {
        "down":  { "uv": [ 6.75, 7.875, 6.625, 7.75 ], "texture": "#texture" },
        "up":    { "uv": [ 9.25, 7.75, 9.375, 7.875 ], "texture": "#texture" },
        "north": { "uv": [ 6.625, 6.375, 6.75, 6.625 ], "texture": "#particle" },
        "south": { "uv": [ 9.25, 6.375, 9.375, 6.625 ], "texture": "#particle" },
        "west":  { "uv": [ 7.75, 6.375, 7.875, 6.625 ], "texture": "#texture" },
        "east":  { "uv": [ 8.125, 6.375, 8.25, 6.625 ], "texture": "#texture" }
    }
},
{
    "__comment": "Minecraft",
    "from": [ 9.25, 8.5, 8.125 ],
    "to": [ 9.625, 8.75, 8.25 ],
    "faces": {
        "down":  { "uv": [ 6.75, 8.25, 6.375, 8.125 ], "texture": "#texture" },
        "up":    { "uv": [ 9.25, 8.125, 9.625, 8.25 ], "texture": "#texture" },
        "north": { "uv": [ 6.375, 7.25, 6.75, 7.5 ], "texture": "#particle" },
        "south": { "uv": [ 9.25, 7.25, 9.625, 7.5 ], "texture": "#particle" },
        "west":  { "uv": [ 8.125, 7.25, 8.25, 7.5 ], "texture": "#texture" },
        "east":  { "uv": [ 7.75, 7.25, 7.875, 7.5 ], "texture": "#texture" }
    }
},
{
    "__comment": "Minecraft",
    "from": [ 9.25, 9.375, 8.125 ],
    "to": [ 9.375, 9.625, 8.25 ],
    "faces": {
        "down":  { "uv": [ 6.75, 8.25, 6.625, 8.125 ], "texture": "#texture" },
        "up":    { "uv": [ 9.25, 8.125, 9.375, 8.25 ], "texture": "#texture" },
        "north": { "uv": [ 6.625, 6.375, 6.75, 6.625 ], "texture": "#particle" },
        "south": { "uv": [ 9.25, 6.375, 9.375, 6.625 ], "texture": "#particle" },
        "west":  { "uv": [ 8.125, 6.375, 8.25, 6.625 ], "texture": "#texture" },
        "east":  { "uv": [ 7.75, 6.375, 7.875, 6.625 ], "texture": "#texture" }
    }
},
{
    "__comment": "Minecraft",
    "from": [ 9.375, 8.75, 7.75 ],
    "to": [ 9.5, 9.375, 7.875 ],
    "faces": {
        "down":  { "uv": [ 6.625, 7.875, 6.5, 7.75 ], "texture": "#texture" },
        "up":    { "uv": [ 9.375, 7.75, 9.5, 7.875 ], "texture": "#texture" },
        "north": { "uv": [ 6.5, 6.625, 6.625, 7.25 ], "texture": "#particle" },
        "south": { "uv": [ 9.375, 6.625, 9.5, 7.25 ], "texture": "#particle" },
        "west":  { "uv": [ 7.75, 6.625, 7.875, 7.25 ], "texture": "#texture" },
        "east":  { "uv": [ 8.125, 6.625, 8.25, 7.25 ], "texture": "#texture" }
    }
},
{
    "__comment": "Minecraft",
    "from": [ 9.375, 9.75, 7.875 ],
    "to": [ 9.5, 9.875, 8.125 ],
    "faces": {
        "down":  { "uv": [ 6.625, 8.125, 6.5, 7.875 ], "texture": "#texture" },
        "up":    { "uv": [ 9.375, 7.875, 9.5, 8.125 ], "texture": "#texture" },
        "north": { "uv": [ 6.5, 6.125, 6.625, 6.25 ], "texture": "#particle" },
        "south": { "uv": [ 9.375, 6.125, 9.5, 6.25 ], "texture": "#particle" },
        "west":  { "uv": [ 7.875, 6.125, 8.125, 6.25 ], "texture": "#texture" },
        "east":  { "uv": [ 7.875, 6.125, 8.125, 6.25 ], "texture": "#texture" }
    }
},
{
    "__comment": "Minecraft",
    "from": [ 9.375, 8.75, 8.125 ],
    "to": [ 9.5, 9.375, 8.25 ],
    "faces": {
        "down":  { "uv": [ 6.625, 8.25, 6.5, 8.125 ], "texture": "#texture" },
        "up":    { "uv": [ 9.375, 8.125, 9.5, 8.25 ], "texture": "#texture" },
        "north": { "uv": [ 6.5, 6.625, 6.625, 7.25 ], "texture": "#particle" },
        "south": { "uv": [ 9.375, 6.625, 9.5, 7.25 ], "texture": "#particle" },
        "west":  { "uv": [ 8.125, 6.625, 8.25, 7.25 ], "texture": "#texture" },
        "east":  { "uv": [ 7.75, 6.625, 7.875, 7.25 ], "texture": "#texture" }
    }
},
{
    "__comment": "Minecraft",
    "from": [ 9.5, 8.75, 7.75 ],
    "to": [ 9.625, 9.25, 7.875 ],
    "faces": {
        "down":  { "uv": [ 6.5, 7.875, 6.375, 7.75 ], "texture": "#texture" },
        "up":    { "uv": [ 9.5, 7.75, 9.625, 7.875 ], "texture": "#texture" },
        "north": { "uv": [ 6.375, 6.75, 6.5, 7.25 ], "texture": "#particle" },
        "south": { "uv": [ 9.5, 6.75, 9.625, 7.25 ], "texture": "#particle" },
        "west":  { "uv": [ 7.75, 6.75, 7.875, 7.25 ], "texture": "#texture" },
        "east":  { "uv": [ 8.125, 6.75, 8.25, 7.25 ], "texture": "#texture" }
    }
},
{
    "__comment": "Minecraft",
    "from": [ 9.5, 9.5, 7.875 ],
    "to": [ 9.625, 9.625, 8.125 ],
    "faces": {
        "down":  { "uv": [ 6.5, 8.125, 6.375, 7.875 ], "texture": "#texture" },
        "up":    { "uv": [ 9.5, 7.875, 9.625, 8.125 ], "texture": "#texture" },
        "north": { "uv": [ 6.375, 6.375, 6.5, 6.5 ], "texture": "#particle" },
        "south": { "uv": [ 9.5, 6.375, 9.625, 6.5 ], "texture": "#particle" },
        "west":  { "uv": [ 7.875, 6.375, 8.125, 6.5 ], "texture": "#texture" },
        "east":  { "uv": [ 7.875, 6.375, 8.125, 6.5 ], "texture": "#texture" }
    }
},
{
    "__comment": "Minecraft",
    "from": [ 9.5, 8.75, 8.125 ],
    "to": [ 9.625, 9.25, 8.25 ],
    "faces": {
        "down":  { "uv": [ 6.5, 8.25, 6.375, 8.125 ], "texture": "#texture" },
        "up":    { "uv": [ 9.5, 8.125, 9.625, 8.25 ], "texture": "#texture" },
        "north": { "uv": [ 6.375, 6.75, 6.5, 7.25 ], "texture": "#particle" },
        "south": { "uv": [ 9.5, 6.75, 9.625, 7.25 ], "texture": "#particle" },
        "west":  { "uv": [ 8.125, 6.75, 8.25, 7.25 ], "texture": "#texture" },
        "east":  { "uv": [ 7.75, 6.75, 7.875, 7.25 ], "texture": "#texture" }
    }
}
],
"display": {
    "thirdperson_righthand": {
        "rotation": [ 0, 90, 0 ],
        "translation": [ 0, 5.29, 2.83 ],
        "scale": [ 3, 3, 3 ]
    },
    "thirdperson_lefthand": {
        "rotation": [ 0, 90, 0 ],
        "translation": [ 0, 5.29, 2.83 ],
        "scale": [ 3, 3, 3 ]
    },
    "head": {
        "rotation": [ 0, 0, 136 ],
        "translation": [ 0.94, -14.17, 4.72 ],
        "scale": [ 4, 4, 4 ]
    },
    "ground": {
        "rotation": [ 0, 0, 45 ],
        "translation": [ 0, 0, 0 ],
        "scale": [ 2, 2, 2 ]
    },
    "fixed": {
        "rotation": [ 0, 0, 0 ],
        "translation": [ 0, 0, -1.51 ],
        "scale": [ 3, 3, 3 ]
    },
    "firstperson_righthand": {
        "rotation": [ 0, 91, 0 ],
        "translation": [ 0.19, -1.32, -0.94 ],
        "scale": [ 2, 2, 2 ]
    },
    "firstperson_lefthand": {
        "rotation": [ 0, 91, 0 ],
        "translation": [ -1.89, -1.32, -0.94 ],
        "scale": [ 2, 2, 2 ]
    },
    "gui": {
        "rotation": [ 0, 0, 45 ],
        "translation": [ 0.76, -0.94, 0 ],
        "scale": [ 1.7, 1.7, 1.7 ]
    }
}
}