{
    "__comment": "Model create by Yuluu and Tuong",
    "textures": {
        "0": "blocks/light_gray",
        "1": "blocks/brown",
        "2": "blocks/yellow",
        "3": "blocks/gray_brown",
        "4": "blocks/dark_gray",
        "5": "blocks/dark_gray'",
        "6": "blocks/red"
    },
	"display": {
        "thirdperson_righthand": {
            "rotation": [ 0, 0, 0 ],
            "translation": [ 0, 9, -6.5 ],
            "scale": [ 3, 1.8, 1.8 ]
        },
        "firstperson_righthand": {
            "rotation": [ 0, 0, 0],
            "translation": [ -3, 9, -3.5 ],
            "scale": [ 4, 3, 3 ]
        },
		"gui": {
		    "rotation": [ 0, 45, 0], 
		    "translation": [ 0, 2, 0 ], 
			"scale": [ 1, 1, 1 ]
		},
        "ground": {
		    "rotation": [ 0, 0, 0], 
		    "translation": [ 0, 3, 0 ],
		    "scale": [ 1, 1, 1 ]
		},
		"fixed": {
		    "rotation": [ 0, 90, 0], 
		    "translation": [ 0, 3, 0 ],
		    "scale": [ 2, 2, 2 ]
	    }
    },
    "elements": [
        {
            "name": "Cube",
            "from": [ 7.0, 0.0, 12.0 ], 
            "to": [ 9.0, 0.8, 12.8 ], 
            "faces": {
                "north": { "texture": "#0", "uv": [ 0.0, 0.0, 2.0, 0.8 ] },
                "east": { "texture": "#0", "uv": [ 0.0, 0.0, 0.8, 0.8 ] },
                "south": { "texture": "#0", "uv": [ 0.0, 0.0, 2.0, 0.8 ] },
                "west": { "texture": "#0", "uv": [ 0.0, 0.0, 0.8, 0.8 ] },
                "up": { "texture": "#0", "uv": [ 0.0, 0.0, 2.0, 0.8 ] },
                "down": { "texture": "#0", "uv": [ 0.0, 0.0, 2.0, 0.8 ] }
            }
        },
        {
            "name": "Cube",
            "from": [ 7.0, 0.0, 12.0 ], 
            "to": [ 9.0, 0.4, 14.5 ], 
            "faces": {
                "north": { "texture": "#0", "uv": [ 0.0, 0.0, 2.0, 0.4 ] },
                "east": { "texture": "#0", "uv": [ 0.0, 0.0, 2.5, 0.4 ] },
                "south": { "texture": "#0", "uv": [ 0.0, 0.0, 2.0, 0.4 ] },
                "west": { "texture": "#0", "uv": [ 0.0, 0.0, 2.5, 0.4 ] },
                "up": { "texture": "#0", "uv": [ 0.0, 0.0, 2.0, 2.5 ] },
                "down": { "texture": "#0", "uv": [ 0.0, 0.0, 2.0, 2.5 ] }
            }
        },
        {
            "name": "Cube",
            "from": [ 7.0, -1.9, 10.9 ], 
            "to": [ 9.0, -1.2, 12.9 ], 
            "rotation": { "origin": [ 8.0, 8.0, 8.0 ], "axis": "x", "angle": -22.5 },
            "faces": {
                "north": { "texture": "#0", "uv": [ 0.0, 0.0, 2.0, 0.7 ] },
                "east": { "texture": "#0", "uv": [ 0.0, 0.0, 2.0, 0.7 ] },
                "south": { "texture": "#0", "uv": [ 0.0, 0.0, 2.0, 0.7 ] },
                "west": { "texture": "#0", "uv": [ 0.0, 0.0, 2.0, 0.7 ] },
                "up": { "texture": "#0", "uv": [ 0.0, 0.0, 2.0, 2.0 ] },
                "down": { "texture": "#0", "uv": [ 0.0, 0.0, 2.0, 2.0 ] }
            }
        },
        {
            "name": "Cube",
            "from": [ 7.0, 0.8, 15.5 ], 
            "to": [ 9.0, 1.6, 16.3 ], 
            "faces": {
                "north": { "texture": "#0", "uv": [ 0.0, 0.0, 2.0, 0.8 ] },
                "east": { "texture": "#0", "uv": [ 0.0, 0.0, 0.8, 0.8 ] },
                "south": { "texture": "#0", "uv": [ 0.0, 0.0, 2.0, 0.8 ] },
                "west": { "texture": "#0", "uv": [ 0.0, 0.0, 0.8, 0.8 ] },
                "up": { "texture": "#0", "uv": [ 0.0, 0.0, 2.0, 0.8 ] },
                "down": { "texture": "#0", "uv": [ 0.0, 0.0, 2.0, 0.8 ] }
            }
        },
        {
            "name": "Cube",
            "from": [ 7.1, 0.5, 15.0 ], 
            "to": [ 8.9, 4.0, 15.5 ], 
            "faces": {
                "north": { "texture": "#1", "uv": [ 0.0, 0.0, 1.8, 3.5 ] },
                "east": { "texture": "#1", "uv": [ 0.0, 0.0, 0.5, 3.5 ] },
                "south": { "texture": "#1", "uv": [ 0.0, 0.0, 1.8, 3.5 ] },
                "west": { "texture": "#1", "uv": [ 0.0, 0.0, 0.5, 3.5 ] },
                "up": { "texture": "#1", "uv": [ 0.0, 0.0, 1.8, 0.5 ] },
                "down": { "texture": "#1", "uv": [ 0.0, 0.0, 1.8, 0.5 ] }
            }
        },
        {
            "name": "Cube",
            "from": [ 7.1, 0.5, 13.1 ], 
            "to": [ 8.9, 1.5, 13.4 ], 
            "rotation": { "origin": [ 8.0, 8.0, 8.0 ], "axis": "x", "angle": -22.5 },
            "faces": {
                "north": { "texture": "#1", "uv": [ 0.0, 0.0, 1.8, 1.0 ] },
                "east": { "texture": "#1", "uv": [ 0.0, 0.0, 0.3, 1.0 ] },
                "south": { "texture": "#1", "uv": [ 0.0, 0.0, 1.8, 1.0 ] },
                "west": { "texture": "#1", "uv": [ 0.0, 0.0, 0.3, 1.0 ] },
                "up": { "texture": "#1", "uv": [ 0.0, 0.0, 1.8, 0.3 ] },
                "down": { "texture": "#1", "uv": [ 0.0, 0.0, 1.8, 0.3 ] }
            }
        },
        {
            "name": "Cube",
            "from": [ 7.1, 0.5, 15.5 ], 
            "to": [ 8.9, 3.2, 15.8 ], 
            "faces": {
                "north": { "texture": "#1", "uv": [ 0.0, 0.0, 1.8, 2.7 ] },
                "east": { "texture": "#1", "uv": [ 0.0, 0.0, 0.3, 2.7 ] },
                "south": { "texture": "#1", "uv": [ 0.0, 0.0, 1.8, 2.7 ] },
                "west": { "texture": "#1", "uv": [ 0.0, 0.0, 0.3, 2.7 ] },
                "up": { "texture": "#1", "uv": [ 0.0, 0.0, 1.8, 0.3 ] },
                "down": { "texture": "#1", "uv": [ 0.0, 0.0, 1.8, 0.3 ] }
            }
        },
        {
            "name": "Cube",
            "from": [ 7.1, -1.3, 11.0 ], 
            "to": [ 8.9, -1.0, 13.0 ], 
            "rotation": { "origin": [ 8.0, 8.0, 8.0 ], "axis": "x", "angle": -22.5 },
            "faces": {
                "north": { "texture": "#1", "uv": [ 0.0, 0.0, 1.8, 0.3 ] },
                "east": { "texture": "#1", "uv": [ 0.0, 0.0, 2.0, 0.3 ] },
                "south": { "texture": "#1", "uv": [ 0.0, 0.0, 1.8, 0.3 ] },
                "west": { "texture": "#1", "uv": [ 0.0, 0.0, 2.0, 0.3 ] },
                "up": { "texture": "#1", "uv": [ 0.0, 0.0, 1.8, 2.0 ] },
                "down": { "texture": "#1", "uv": [ 0.0, 0.0, 1.8, 2.0 ] }
            }
        },
        {
            "name": "Cube",
            "from": [ 7.1, 4.0, 16.8 ], 
            "to": [ 8.9, 5.0, 17.1 ], 
            "rotation": { "origin": [ 8.0, 8.0, 8.0 ], "axis": "x", "angle": 22.5 },
            "faces": {
                "north": { "texture": "#1", "uv": [ 0.0, 0.0, 1.8, 1.0 ] },
                "east": { "texture": "#1", "uv": [ 0.0, 0.0, 0.3, 1.0 ] },
                "south": { "texture": "#1", "uv": [ 0.0, 0.0, 1.8, 1.0 ] },
                "west": { "texture": "#1", "uv": [ 0.0, 0.0, 0.3, 1.0 ] },
                "up": { "texture": "#1", "uv": [ 0.0, 0.0, 1.8, 0.3 ] },
                "down": { "texture": "#1", "uv": [ 0.0, 0.0, 1.8, 0.3 ] }
            }
        },
        {
            "name": "Cube",
            "from": [ 7.1, 3.9, 10.0 ], 
            "to": [ 8.9, 4.6, 15.5 ], 
            "faces": {
                "north": { "texture": "#1", "uv": [ 0.0, 0.0, 1.8, 0.7 ] },
                "east": { "texture": "#1", "uv": [ 0.0, 0.0, 5.5, 0.7 ] },
                "south": { "texture": "#1", "uv": [ 0.0, 0.0, 1.8, 0.7 ] },
                "west": { "texture": "#1", "uv": [ 0.0, 0.0, 5.5, 0.7 ] },
                "up": { "texture": "#1", "uv": [ 0.0, 0.0, 1.8, 5.5 ] },
                "down": { "texture": "#1", "uv": [ 0.0, 0.0, 1.8, 5.5 ] }
            }
        },
        {
            "name": "Cube",
            "from": [ 7.1, 3.5, 14.5 ], 
            "to": [ 8.9, 4.0, 15.0 ], 
            "faces": {
                "north": { "texture": "#1", "uv": [ 0.0, 0.0, 1.8, 0.5 ] },
                "east": { "texture": "#1", "uv": [ 0.0, 0.0, 0.5, 0.5 ] },
                "south": { "texture": "#1", "uv": [ 0.0, 0.0, 1.8, 0.5 ] },
                "west": { "texture": "#1", "uv": [ 0.0, 0.0, 0.5, 0.5 ] },
                "up": { "texture": "#1", "uv": [ 0.0, 0.0, 1.8, 0.5 ] },
                "down": { "texture": "#1", "uv": [ 0.0, 0.0, 1.8, 0.5 ] }
            }
        },
        {
            "name": "Cube",
            "from": [ 7.1, 3.0, 14.0 ], 
            "to": [ 8.9, 4.0, 14.5 ], 
            "faces": {
                "north": { "texture": "#1", "uv": [ 0.0, 0.0, 1.8, 1.0 ] },
                "east": { "texture": "#1", "uv": [ 0.0, 0.0, 0.5, 1.0 ] },
                "south": { "texture": "#1", "uv": [ 0.0, 0.0, 1.8, 1.0 ] },
                "west": { "texture": "#1", "uv": [ 0.0, 0.0, 0.5, 1.0 ] },
                "up": { "texture": "#1", "uv": [ 0.0, 0.0, 1.8, 0.5 ] },
                "down": { "texture": "#1", "uv": [ 0.0, 0.0, 1.8, 0.5 ] }
            }
        },
        {
            "name": "Cube",
            "from": [ 7.1, 9.0, 15.6 ], 
            "to": [ 8.9, 10.0, 16.1 ], 
            "rotation": { "origin": [ 8.0, 8.0, 8.0 ], "axis": "x", "angle": 45.0 },
            "faces": {
                "north": { "texture": "#1", "uv": [ 0.0, 0.0, 1.8, 1.0 ] },
                "east": { "texture": "#1", "uv": [ 0.0, 0.0, 0.5, 1.0 ] },
                "south": { "texture": "#1", "uv": [ 0.0, 0.0, 1.8, 1.0 ] },
                "west": { "texture": "#1", "uv": [ 0.0, 0.0, 0.5, 1.0 ] },
                "up": { "texture": "#1", "uv": [ 0.0, 0.0, 1.8, 0.5 ] },
                "down": { "texture": "#1", "uv": [ 0.0, 0.0, 1.8, 0.5 ] }
            }
        },
        {
            "name": "Cube",
            "from": [ 7.1, 0.2, 8.7 ], 
            "to": [ 8.9, 1.5999999999999999, 9.2 ], 
            "rotation": { "origin": [ 8.0, 8.0, 8.0 ], "axis": "x", "angle": -45.0 },
            "faces": {
                "north": { "texture": "#1", "uv": [ 0.0, 0.0, 1.8, 1.4 ] },
                "east": { "texture": "#1", "uv": [ 0.0, 0.0, 0.5, 1.4 ] },
                "south": { "texture": "#1", "uv": [ 0.0, 0.0, 1.8, 1.4 ] },
                "west": { "texture": "#1", "uv": [ 0.0, 0.0, 0.5, 1.4 ] },
                "up": { "texture": "#1", "uv": [ 0.0, 0.0, 1.8, 0.5 ] },
                "down": { "texture": "#1", "uv": [ 0.0, 0.0, 1.8, 0.5 ] }
            }
        },
        {
            "name": "Cube",
            "from": [ 7.1, 0.2, 9.0 ], 
            "to": [ 8.9, 1.1, 9.5 ], 
            "rotation": { "origin": [ 8.0, 8.0, 8.0 ], "axis": "x", "angle": -45.0 },
            "faces": {
                "north": { "texture": "#1", "uv": [ 0.0, 0.0, 1.8, 0.9 ] },
                "east": { "texture": "#1", "uv": [ 0.0, 0.0, 0.5, 0.9 ] },
                "south": { "texture": "#1", "uv": [ 0.0, 0.0, 1.8, 0.9 ] },
                "west": { "texture": "#1", "uv": [ 0.0, 0.0, 0.5, 0.9 ] },
                "up": { "texture": "#1", "uv": [ 0.0, 0.0, 1.8, 0.5 ] },
                "down": { "texture": "#1", "uv": [ 0.0, 0.0, 1.8, 0.5 ] }
            }
        },
        {
            "name": "Cube",
            "from": [ 7.1, 3.5, 10.5 ], 
            "to": [ 8.9, 3.9, 12.0 ], 
            "faces": {
                "north": { "texture": "#1", "uv": [ 0.0, 0.0, 1.8, 0.4 ] },
                "east": { "texture": "#1", "uv": [ 0.0, 0.0, 1.5, 0.4 ] },
                "south": { "texture": "#1", "uv": [ 0.0, 0.0, 1.8, 0.4 ] },
                "west": { "texture": "#1", "uv": [ 0.0, 0.0, 1.5, 0.4 ] },
                "up": { "texture": "#1", "uv": [ 0.0, 0.0, 1.8, 1.5 ] },
                "down": { "texture": "#1", "uv": [ 0.0, 0.0, 1.8, 1.5 ] }
            }
        },
        {
            "name": "Cube",
            "from": [ 7.1, 7.7, 13.6 ], 
            "to": [ 8.9, 8.3, 14.1 ], 
            "rotation": { "origin": [ 8.0, 8.0, 8.0 ], "axis": "x", "angle": 45.0 },
            "faces": {
                "north": { "texture": "#1", "uv": [ 0.0, 0.0, 1.8, 0.6 ] },
                "east": { "texture": "#1", "uv": [ 0.0, 0.0, 0.5, 0.6 ] },
                "south": { "texture": "#1", "uv": [ 0.0, 0.0, 1.8, 0.6 ] },
                "west": { "texture": "#1", "uv": [ 0.0, 0.0, 0.5, 0.6 ] },
                "up": { "texture": "#1", "uv": [ 0.0, 0.0, 1.8, 0.5 ] },
                "down": { "texture": "#1", "uv": [ 0.0, 0.0, 1.8, 0.5 ] }
            }
        },
        {
            "name": "Cube",
            "from": [ 7.0, 4.5, 11.6 ], 
            "to": [ 9.0, 5.3, 13.6 ], 
            "rotation": { "origin": [ 8.0, 8.0, 8.0 ], "axis": "x", "angle": 22.5 },
            "faces": {
                "north": { "texture": "#2", "uv": [ 0.0, 0.0, 2.0, 0.8 ] },
                "east": { "texture": "#2", "uv": [ 0.0, 0.0, 2.0, 0.8 ] },
                "south": { "texture": "#2", "uv": [ 0.0, 0.0, 2.0, 0.8 ] },
                "west": { "texture": "#2", "uv": [ 0.0, 0.0, 2.0, 0.8 ] },
                "up": { "texture": "#2", "uv": [ 0.0, 0.0, 2.0, 2.0 ] },
                "down": { "texture": "#2", "uv": [ 0.0, 0.0, 2.0, 2.0 ] }
            }
        },
        {
            "name": "Cube",
            "from": [ 7.0, 2.5, 10.3 ], 
            "to": [ 9.0, 3.5, 12.3 ], 
            "faces": {
                "north": { "texture": "#2", "uv": [ 0.0, 0.0, 2.0, 1.0 ] },
                "east": { "texture": "#2", "uv": [ 0.0, 0.0, 2.0, 1.0 ] },
                "south": { "texture": "#2", "uv": [ 0.0, 0.0, 2.0, 1.0 ] },
                "west": { "texture": "#2", "uv": [ 0.0, 0.0, 2.0, 1.0 ] },
                "up": { "texture": "#2", "uv": [ 0.0, 0.0, 2.0, 2.0 ] },
                "down": { "texture": "#2", "uv": [ 0.0, 0.0, 2.0, 2.0 ] }
            }
        },
        {
            "name": "Cube",
            "from": [ 7.0, 3.8, 10.2 ], 
            "to": [ 9.0, 4.3, 12.2 ], 
            "rotation": { "origin": [ 8.0, 8.0, 8.0 ], "axis": "x", "angle": 22.5 },
            "faces": {
                "north": { "texture": "#2", "uv": [ 0.0, 0.0, 2.0, 0.5 ] },
                "east": { "texture": "#2", "uv": [ 0.0, 0.0, 2.0, 0.5 ] },
                "south": { "texture": "#2", "uv": [ 0.0, 0.0, 2.0, 0.5 ] },
                "west": { "texture": "#2", "uv": [ 0.0, 0.0, 2.0, 0.5 ] },
                "up": { "texture": "#2", "uv": [ 0.0, 0.0, 2.0, 2.0 ] },
                "down": { "texture": "#2", "uv": [ 0.0, 0.0, 2.0, 2.0 ] }
            }
        },
        {
            "name": "Cube",
            "from": [ 7.0, 3.8, 5.199999999999999 ], 
            "to": [ 9.0, 4.5, 6.3999999999999995 ], 
            "rotation": { "origin": [ 8.0, 8.0, 8.0 ], "axis": "x", "angle": -45.0 },
            "faces": {
                "north": { "texture": "#2", "uv": [ 0.0, 0.0, 2.0, 0.7 ] },
                "east": { "texture": "#2", "uv": [ 0.0, 0.0, 1.2, 0.7 ] },
                "south": { "texture": "#2", "uv": [ 0.0, 0.0, 2.0, 0.7 ] },
                "west": { "texture": "#2", "uv": [ 0.0, 0.0, 1.2, 0.7 ] },
                "up": { "texture": "#2", "uv": [ 0.0, 0.0, 2.0, 1.2 ] },
                "down": { "texture": "#2", "uv": [ 0.0, 0.0, 2.0, 1.2 ] }
            }
        },
        {
            "name": "Cube",
            "from": [ 7.0, 3.1, 9.3 ], 
            "to": [ 9.0, 4.4, 10.4 ], 
            "faces": {
                "north": { "texture": "#2", "uv": [ 0.0, 0.0, 2.0, 1.3 ] },
                "east": { "texture": "#2", "uv": [ 0.0, 0.0, 1.1, 1.3 ] },
                "south": { "texture": "#2", "uv": [ 0.0, 0.0, 2.0, 1.3 ] },
                "west": { "texture": "#2", "uv": [ 0.0, 0.0, 1.1, 1.3 ] },
                "up": { "texture": "#2", "uv": [ 0.0, 0.0, 2.0, 1.1 ] },
                "down": { "texture": "#2", "uv": [ 0.0, 0.0, 2.0, 1.1 ] }
            }
        },
        {
            "name": "Cube",
            "from": [ 6.9, 2.3, 10.1 ], 
            "to": [ 9.100000000000001, 3.0, 11.1 ], 
            "faces": {
                "north": { "texture": "#3", "uv": [ 0.0, 0.0, 2.2, 0.7 ] },
                "east": { "texture": "#3", "uv": [ 0.0, 0.0, 1.0, 0.7 ] },
                "south": { "texture": "#3", "uv": [ 0.0, 0.0, 2.2, 0.7 ] },
                "west": { "texture": "#3", "uv": [ 0.0, 0.0, 1.0, 0.7 ] },
                "up": { "texture": "#3", "uv": [ 0.0, 0.0, 2.2, 1.0 ] },
                "down": { "texture": "#3", "uv": [ 0.0, 0.0, 2.2, 1.0 ] }
            }
        },
        {
            "name": "Cube",
            "from": [ 6.9, 0.1, 11.7 ], 
            "to": [ 9.100000000000001, 0.7, 12.299999999999999 ], 
            "faces": {
                "north": { "texture": "#3", "uv": [ 0.0, 0.0, 2.2, 0.6 ] },
                "east": { "texture": "#3", "uv": [ 0.0, 0.0, 0.6, 0.6 ] },
                "south": { "texture": "#3", "uv": [ 0.0, 0.0, 2.2, 0.6 ] },
                "west": { "texture": "#3", "uv": [ 0.0, 0.0, 0.6, 0.6 ] },
                "up": { "texture": "#3", "uv": [ 0.0, 0.0, 2.2, 0.6 ] },
                "down": { "texture": "#3", "uv": [ 0.0, 0.0, 2.2, 0.6 ] }
            }
        },
        {
            "name": "Cube",
            "from": [ 6.9, -0.5, 8.5 ], 
            "to": [ 9.100000000000001, 2.2, 9.0 ], 
            "rotation": { "origin": [ 8.0, 8.0, 8.0 ], "axis": "x", "angle": -22.5 },
            "faces": {
                "north": { "texture": "#3", "uv": [ 0.0, 0.0, 2.2, 2.7 ] },
                "east": { "texture": "#3", "uv": [ 0.0, 0.0, 0.5, 2.7 ] },
                "south": { "texture": "#3", "uv": [ 0.0, 0.0, 2.2, 2.7 ] },
                "west": { "texture": "#3", "uv": [ 0.0, 0.0, 0.5, 2.7 ] },
                "up": { "texture": "#3", "uv": [ 0.0, 0.0, 2.2, 0.5 ] },
                "down": { "texture": "#3", "uv": [ 0.0, 0.0, 2.2, 0.5 ] }
            }
        },
        {
            "name": "Cube",
            "from": [ 6.9, 1.0, 5.7 ], 
            "to": [ 9.100000000000001, 2.5, 6.1000000000000005 ], 
            "rotation": { "origin": [ 8.0, 8.0, 8.0 ], "axis": "x", "angle": -45.0 },
            "faces": {
                "north": { "texture": "#3", "uv": [ 0.0, 0.0, 2.2, 1.5 ] },
                "east": { "texture": "#3", "uv": [ 0.0, 0.0, 0.4, 1.5 ] },
                "south": { "texture": "#3", "uv": [ 0.0, 0.0, 2.2, 1.5 ] },
                "west": { "texture": "#3", "uv": [ 0.0, 0.0, 0.4, 1.5 ] },
                "up": { "texture": "#3", "uv": [ 0.0, 0.0, 2.2, 0.4 ] },
                "down": { "texture": "#3", "uv": [ 0.0, 0.0, 2.2, 0.4 ] }
            }
        },
        {
            "name": "Cube",
            "from": [ 6.8, 0.2, 11.8 ], 
            "to": [ 9.2, 0.5, 12.100000000000001 ], 
            "faces": {
                "north": { "texture": "#0", "uv": [ 0.0, 0.0, 2.4, 0.3 ] },
                "east": { "texture": "#0", "uv": [ 0.0, 0.0, 0.3, 0.3 ] },
                "south": { "texture": "#0", "uv": [ 0.0, 0.0, 2.4, 0.3 ] },
                "west": { "texture": "#0", "uv": [ 0.0, 0.0, 0.3, 0.3 ] },
                "up": { "texture": "#0", "uv": [ 0.0, 0.0, 2.4, 0.3 ] },
                "down": { "texture": "#0", "uv": [ 0.0, 0.0, 2.4, 0.3 ] }
            }
        },
        {
            "name": "Cube",
            "from": [ 6.8, 2.8, 10.4 ], 
            "to": [ 9.2, 3.4, 11.0 ], 
            "faces": {
                "north": { "texture": "#4", "uv": [ 0.0, 0.0, 2.4, 0.6 ] },
                "east": { "texture": "#4", "uv": [ 0.0, 0.0, 0.6, 0.6 ] },
                "south": { "texture": "#4", "uv": [ 0.0, 0.0, 2.4, 0.6 ] },
                "west": { "texture": "#4", "uv": [ 0.0, 0.0, 0.6, 0.6 ] },
                "up": { "texture": "#4", "uv": [ 0.0, 0.0, 2.4, 0.6 ] },
                "down": { "texture": "#4", "uv": [ 0.0, 0.0, 2.4, 0.6 ] }
            }
        },
        {
            "name": "Cube",
            "from": [ 6.9, 2.7, 10.3 ], 
            "to": [ 9.100000000000001, 3.5, 11.100000000000001 ], 
            "faces": {
                "north": { "texture": "#5", "uv": [ 0.0, 0.0, 2.2, 0.8 ] },
                "east": { "texture": "#5", "uv": [ 0.0, 0.0, 0.8, 0.8 ] },
                "south": { "texture": "#5", "uv": [ 0.0, 0.0, 2.2, 0.8 ] },
                "west": { "texture": "#5", "uv": [ 0.0, 0.0, 0.8, 0.8 ] },
                "up": { "texture": "#5", "uv": [ 0.0, 0.0, 2.2, 0.8 ] },
                "down": { "texture": "#5", "uv": [ 0.0, 0.0, 2.2, 0.8 ] }
            }
        },
        {
            "name": "Cube",
            "from": [ 6.8, 3.0, 11.8 ], 
            "to": [ 9.2, 3.3, 12.100000000000001 ], 
            "faces": {
                "north": { "texture": "#0", "uv": [ 0.0, 0.0, 2.4, 0.3 ] },
                "east": { "texture": "#0", "uv": [ 0.0, 0.0, 0.3, 0.3 ] },
                "south": { "texture": "#0", "uv": [ 0.0, 0.0, 2.4, 0.3 ] },
                "west": { "texture": "#0", "uv": [ 0.0, 0.0, 0.3, 0.3 ] },
                "up": { "texture": "#0", "uv": [ 0.0, 0.0, 2.4, 0.3 ] },
                "down": { "texture": "#0", "uv": [ 0.0, 0.0, 2.4, 0.3 ] }
            }
        },
        {
            "name": "Cube",
            "from": [ 6.8, 4.0, 10.0 ], 
            "to": [ 9.2, 4.3, 10.3 ], 
            "faces": {
                "north": { "texture": "#0", "uv": [ 0.0, 0.0, 2.4, 0.3 ] },
                "east": { "texture": "#0", "uv": [ 0.0, 0.0, 0.3, 0.3 ] },
                "south": { "texture": "#0", "uv": [ 0.0, 0.0, 2.4, 0.3 ] },
                "west": { "texture": "#0", "uv": [ 0.0, 0.0, 0.3, 0.3 ] },
                "up": { "texture": "#0", "uv": [ 0.0, 0.0, 2.4, 0.3 ] },
                "down": { "texture": "#0", "uv": [ 0.0, 0.0, 2.4, 0.3 ] }
            }
        },
        {
            "name": "Cube",
            "from": [ 6.8, 3.2, 8.7 ], 
            "to": [ 9.2, 3.5, 9.0 ], 
            "faces": {
                "north": { "texture": "#0", "uv": [ 0.0, 0.0, 2.4, 0.3 ] },
                "east": { "texture": "#0", "uv": [ 0.0, 0.0, 0.3, 0.3 ] },
                "south": { "texture": "#0", "uv": [ 0.0, 0.0, 2.4, 0.3 ] },
                "west": { "texture": "#0", "uv": [ 0.0, 0.0, 0.3, 0.3 ] },
                "up": { "texture": "#0", "uv": [ 0.0, 0.0, 2.4, 0.3 ] },
                "down": { "texture": "#0", "uv": [ 0.0, 0.0, 2.4, 0.3 ] }
            }
        },
        {
            "name": "Cube",
            "from": [ 7.0, 4.7, 11.6 ], 
            "to": [ 9.0, 5.5, 13.6 ], 
            "rotation": { "origin": [ 8.0, 8.0, 8.0 ], "axis": "x", "angle": 22.5 },
            "faces": {
                "north": { "texture": "#2", "uv": [ 0.0, 0.0, 2.0, 0.8 ] },
                "east": { "texture": "#2", "uv": [ 0.0, 0.0, 2.0, 0.8 ] },
                "south": { "texture": "#2", "uv": [ 0.0, 0.0, 2.0, 0.8 ] },
                "west": { "texture": "#2", "uv": [ 0.0, 0.0, 2.0, 0.8 ] },
                "up": { "texture": "#2", "uv": [ 0.0, 0.0, 2.0, 2.0 ] },
                "down": { "texture": "#2", "uv": [ 0.0, 0.0, 2.0, 2.0 ] }
            }
        },
        {
            "name": "Cube",
            "from": [ 7.0, 2.3, 11.3 ], 
            "to": [ 9.0, 3.3, 12.100000000000001 ], 
            "faces": {
                "north": { "texture": "#2", "uv": [ 0.0, 0.0, 2.0, 1.0 ] },
                "east": { "texture": "#2", "uv": [ 0.0, 0.0, 0.8, 1.0 ] },
                "south": { "texture": "#2", "uv": [ 0.0, 0.0, 2.0, 1.0 ] },
                "west": { "texture": "#2", "uv": [ 0.0, 0.0, 0.8, 1.0 ] },
                "up": { "texture": "#2", "uv": [ 0.0, 0.0, 2.0, 0.8 ] },
                "down": { "texture": "#2", "uv": [ 0.0, 0.0, 2.0, 0.8 ] }
            }
        },
        {
            "name": "Cube",
            "from": [ 6.9, 4.4, 10.7 ], 
            "to": [ 9.100000000000001, 5.6000000000000005, 11.899999999999999 ], 
            "faces": {
                "north": { "texture": "#4", "uv": [ 0.0, 0.0, 2.2, 1.2 ] },
                "east": { "texture": "#4", "uv": [ 0.0, 0.0, 1.2, 1.2 ] },
                "south": { "texture": "#4", "uv": [ 0.0, 0.0, 2.2, 1.2 ] },
                "west": { "texture": "#4", "uv": [ 0.0, 0.0, 1.2, 1.2 ] },
                "up": { "texture": "#4", "uv": [ 0.0, 0.0, 2.2, 1.2 ] },
                "down": { "texture": "#4", "uv": [ 0.0, 0.0, 2.2, 1.2 ] }
            }
        },
        {
            "name": "Cube",
            "from": [ 6.9, 4.4, 11.9 ], 
            "to": [ 9.100000000000001, 5.6000000000000005, 12.3 ], 
            "faces": {
                "north": { "texture": "#5", "uv": [ 0.0, 0.0, 2.2, 1.2 ] },
                "east": { "texture": "#5", "uv": [ 0.0, 0.0, 0.4, 1.2 ] },
                "south": { "texture": "#5", "uv": [ 0.0, 0.0, 2.2, 1.2 ] },
                "west": { "texture": "#5", "uv": [ 0.0, 0.0, 0.4, 1.2 ] },
                "up": { "texture": "#5", "uv": [ 0.0, 0.0, 2.2, 0.4 ] },
                "down": { "texture": "#5", "uv": [ 0.0, 0.0, 2.2, 0.4 ] }
            }
        },
        {
            "name": "Cube",
            "from": [ 6.8, 4.2, 13.0 ], 
            "to": [ 9.2, 5.0, 13.8 ], 
            "faces": {
                "north": { "texture": "#4", "uv": [ 0.0, 0.0, 2.4, 0.8 ] },
                "east": { "texture": "#4", "uv": [ 0.0, 0.0, 0.8, 0.8 ] },
                "south": { "texture": "#4", "uv": [ 0.0, 0.0, 2.4, 0.8 ] },
                "west": { "texture": "#4", "uv": [ 0.0, 0.0, 0.8, 0.8 ] },
                "up": { "texture": "#4", "uv": [ 0.0, 0.0, 2.4, 0.8 ] },
                "down": { "texture": "#4", "uv": [ 0.0, 0.0, 2.4, 0.8 ] }
            }
        },
        {
            "name": "Cube",
            "from": [ 7.0, 4.4, 10.9 ], 
            "to": [ 9.0, 5.9, 14.2 ], 
            "faces": {
                "north": { "texture": "#5", "uv": [ 0.0, 0.0, 2.0, 1.5 ] },
                "east": { "texture": "#5", "uv": [ 0.0, 0.0, 3.3, 1.5 ] },
                "south": { "texture": "#5", "uv": [ 0.0, 0.0, 2.0, 1.5 ] },
                "west": { "texture": "#5", "uv": [ 0.0, 0.0, 3.3, 1.5 ] },
                "up": { "texture": "#5", "uv": [ 0.0, 0.0, 2.0, 3.3 ] },
                "down": { "texture": "#5", "uv": [ 0.0, 0.0, 2.0, 3.3 ] }
            }
        },
        {
            "name": "Cube",
            "from": [ 7.0, 7.9, 14.5 ], 
            "to": [ 9.0, 8.4, 15.1 ], 
            "rotation": { "origin": [ 8.0, 8.0, 8.0 ], "axis": "x", "angle": 22.5 },
            "faces": {
                "north": { "texture": "#5", "uv": [ 0.0, 0.0, 2.0, 0.5 ] },
                "east": { "texture": "#5", "uv": [ 0.0, 0.0, 0.6, 0.5 ] },
                "south": { "texture": "#5", "uv": [ 0.0, 0.0, 2.0, 0.5 ] },
                "west": { "texture": "#5", "uv": [ 0.0, 0.0, 0.6, 0.5 ] },
                "up": { "texture": "#5", "uv": [ 0.0, 0.0, 2.0, 0.6 ] },
                "down": { "texture": "#5", "uv": [ 0.0, 0.0, 2.0, 0.6 ] }
            }
        },
        {
            "name": "Cube",
            "from": [ 7.0, 2.3, 12.3 ], 
            "to": [ 9.0, 2.8, 12.9 ], 
            "rotation": { "origin": [ 8.0, 8.0, 8.0 ], "axis": "x", "angle": -22.5 },
            "faces": {
                "north": { "texture": "#5", "uv": [ 0.0, 0.0, 2.0, 0.5 ] },
                "east": { "texture": "#5", "uv": [ 0.0, 0.0, 0.6, 0.5 ] },
                "south": { "texture": "#5", "uv": [ 0.0, 0.0, 2.0, 0.5 ] },
                "west": { "texture": "#5", "uv": [ 0.0, 0.0, 0.6, 0.5 ] },
                "up": { "texture": "#5", "uv": [ 0.0, 0.0, 2.0, 0.6 ] },
                "down": { "texture": "#5", "uv": [ 0.0, 0.0, 2.0, 0.6 ] }
            }
        },
        {
            "name": "Cube",
            "from": [ 7.0, 4.6, 14.1 ], 
            "to": [ 9.0, 5.6, 14.7 ], 
            "faces": {
                "north": { "texture": "#5", "uv": [ 0.0, 0.0, 2.0, 1.0 ] },
                "east": { "texture": "#5", "uv": [ 0.0, 0.0, 0.6, 1.0 ] },
                "south": { "texture": "#5", "uv": [ 0.0, 0.0, 2.0, 1.0 ] },
                "west": { "texture": "#5", "uv": [ 0.0, 0.0, 0.6, 1.0 ] },
                "up": { "texture": "#5", "uv": [ 0.0, 0.0, 2.0, 0.6 ] },
                "down": { "texture": "#5", "uv": [ 0.0, 0.0, 2.0, 0.6 ] }
            }
        },
        {
            "name": "Cube",
            "from": [ 7.0, 7.4, 15.2 ], 
            "to": [ 9.0, 7.7, 15.799999999999999 ], 
            "rotation": { "origin": [ 8.0, 8.0, 8.0 ], "axis": "x", "angle": 22.5 },
            "faces": {
                "north": { "texture": "#5", "uv": [ 0.0, 0.0, 2.0, 0.3 ] },
                "east": { "texture": "#5", "uv": [ 0.0, 0.0, 0.6, 0.3 ] },
                "south": { "texture": "#5", "uv": [ 0.0, 0.0, 2.0, 0.3 ] },
                "west": { "texture": "#5", "uv": [ 0.0, 0.0, 0.6, 0.3 ] },
                "up": { "texture": "#5", "uv": [ 0.0, 0.0, 2.0, 0.6 ] },
                "down": { "texture": "#5", "uv": [ 0.0, 0.0, 2.0, 0.6 ] }
            }
        },
        {
            "name": "Cube",
            "from": [ 7.7, 7.5, 15.0 ], 
            "to": [ 8.3, 8.1, 15.6 ], 
            "rotation": { "origin": [ 8.0, 8.0, 8.0 ], "axis": "x", "angle": 22.5 },
            "faces": {
                "north": { "texture": "#6", "uv": [ 0.0, 0.0, 0.6, 0.6 ] },
                "east": { "texture": "#6", "uv": [ 0.0, 0.0, 0.6, 0.6 ] },
                "south": { "texture": "#6", "uv": [ 0.0, 0.0, 0.6, 0.6 ] },
                "west": { "texture": "#6", "uv": [ 0.0, 0.0, 0.6, 0.6 ] },
                "up": { "texture": "#6", "uv": [ 0.0, 0.0, 0.6, 0.6 ] },
                "down": { "texture": "#6", "uv": [ 0.0, 0.0, 0.6, 0.6 ] }
            }
        },
        {
            "name": "Cube",
            "from": [ 7.7, 8.0, 15.0 ], 
            "to": [ 8.3, 8.3, 16.0 ], 
            "rotation": { "origin": [ 8.0, 8.0, 8.0 ], "axis": "x", "angle": 22.5 },
            "faces": {
                "north": { "texture": "#6", "uv": [ 0.0, 0.0, 0.6, 0.3 ] },
                "east": { "texture": "#6", "uv": [ 0.0, 0.0, 1.0, 0.3 ] },
                "south": { "texture": "#6", "uv": [ 0.0, 0.0, 0.6, 0.3 ] },
                "west": { "texture": "#6", "uv": [ 0.0, 0.0, 1.0, 0.3 ] },
                "up": { "texture": "#6", "uv": [ 0.0, 0.0, 0.6, 1.0 ] },
                "down": { "texture": "#6", "uv": [ 0.0, 0.0, 0.6, 1.0 ] }
            }
        },
        {
            "name": "Cube",
            "from": [ 7.7, 0.6, 11.1 ], 
            "to": [ 8.3, 0.8999999999999999, 11.6 ], 
            "rotation": { "origin": [ 8.0, 8.0, 8.0 ], "axis": "x", "angle": -45.0 },
            "faces": {
                "north": { "texture": "#6", "uv": [ 0.0, 0.0, 0.6, 0.3 ] },
                "east": { "texture": "#6", "uv": [ 0.0, 0.0, 0.5, 0.3 ] },
                "south": { "texture": "#6", "uv": [ 0.0, 0.0, 0.6, 0.3 ] },
                "west": { "texture": "#6", "uv": [ 0.0, 0.0, 0.5, 0.3 ] },
                "up": { "texture": "#6", "uv": [ 0.0, 0.0, 0.6, 0.5 ] },
                "down": { "texture": "#6", "uv": [ 0.0, 0.0, 0.6, 0.5 ] }
            }
        },
        {
            "name": "Cube",
            "from": [ 7.7, 5.2, 11.0 ], 
            "to": [ 8.3, 6.0, 11.8 ], 
            "faces": {
                "north": { "texture": "#4", "uv": [ 0.0, 0.0, 0.6, 0.8 ] },
                "east": { "texture": "#4", "uv": [ 0.0, 0.0, 0.8, 0.8 ] },
                "south": { "texture": "#4", "uv": [ 0.0, 0.0, 0.6, 0.8 ] },
                "west": { "texture": "#4", "uv": [ 0.0, 0.0, 0.8, 0.8 ] },
                "up": { "texture": "#4", "uv": [ 0.0, 0.0, 0.6, 0.8 ] },
                "down": { "texture": "#4", "uv": [ 0.0, 0.0, 0.6, 0.8 ] }
            }
        },
        {
            "name": "Cube",
            "from": [ 7.0, 4.7, 6.9 ], 
            "to": [ 9.0, 6.0, 10.9 ], 
            "faces": {
                "north": { "texture": "#2", "uv": [ 0.0, 0.0, 2.0, 1.3 ] },
                "east": { "texture": "#2", "uv": [ 0.0, 0.0, 4.0, 1.3 ] },
                "south": { "texture": "#2", "uv": [ 0.0, 0.0, 2.0, 1.3 ] },
                "west": { "texture": "#2", "uv": [ 0.0, 0.0, 4.0, 1.3 ] },
                "up": { "texture": "#2", "uv": [ 0.0, 0.0, 2.0, 4.0 ] },
                "down": { "texture": "#2", "uv": [ 0.0, 0.0, 2.0, 4.0 ] }
            }
        },
        {
            "name": "Cube",
            "from": [ 7.0, 4.0, 6.9 ], 
            "to": [ 9.0, 5.3, 9.4 ], 
            "faces": {
                "north": { "texture": "#2", "uv": [ 0.0, 0.0, 2.0, 1.2999999999999998 ] },
                "east": { "texture": "#2", "uv": [ 0.0, 0.0, 2.5, 1.2999999999999998 ] },
                "south": { "texture": "#2", "uv": [ 0.0, 0.0, 2.0, 1.2999999999999998 ] },
                "west": { "texture": "#2", "uv": [ 0.0, 0.0, 2.5, 1.2999999999999998 ] },
                "up": { "texture": "#2", "uv": [ 0.0, 0.0, 2.0, 2.5 ] },
                "down": { "texture": "#2", "uv": [ 0.0, 0.0, 2.0, 2.5 ] }
            }
        },
        {
            "name": "Cube",
            "from": [ 7.0, 4.2, 6.199999999999999 ], 
            "to": [ 9.0, 4.9, 7.3999999999999995 ], 
            "rotation": { "origin": [ 8.0, 8.0, 8.0 ], "axis": "x", "angle": -45.0 },
            "faces": {
                "north": { "texture": "#2", "uv": [ 0.0, 0.0, 2.0, 0.7 ] },
                "east": { "texture": "#2", "uv": [ 0.0, 0.0, 1.2, 0.7 ] },
                "south": { "texture": "#2", "uv": [ 0.0, 0.0, 2.0, 0.7 ] },
                "west": { "texture": "#2", "uv": [ 0.0, 0.0, 1.2, 0.7 ] },
                "up": { "texture": "#2", "uv": [ 0.0, 0.0, 2.0, 1.2 ] },
                "down": { "texture": "#2", "uv": [ 0.0, 0.0, 2.0, 1.2 ] }
            }
        },
        {
            "name": "Cube",
            "from": [ 7.2, 3.8, 7.0 ], 
            "to": [ 8.8, 5.3, 11.3 ], 
            "faces": {
                "north": { "texture": "#5", "uv": [ 0.0, 0.0, 1.6, 1.5 ] },
                "east": { "texture": "#5", "uv": [ 0.0, 0.0, 4.3, 1.5 ] },
                "south": { "texture": "#5", "uv": [ 0.0, 0.0, 1.6, 1.5 ] },
                "west": { "texture": "#5", "uv": [ 0.0, 0.0, 4.3, 1.5 ] },
                "up": { "texture": "#5", "uv": [ 0.0, 0.0, 1.6, 4.3 ] },
                "down": { "texture": "#5", "uv": [ 0.0, 0.0, 1.6, 4.3 ] }
            }
        },
        {
            "name": "Cube",
            "from": [ 7.2, 3.4, 7.4 ], 
            "to": [ 8.8, 4.9, 11.7 ], 
            "faces": {
                "north": { "texture": "#5", "uv": [ 0.0, 0.0, 1.6, 1.5 ] },
                "east": { "texture": "#5", "uv": [ 0.0, 0.0, 4.3, 1.5 ] },
                "south": { "texture": "#5", "uv": [ 0.0, 0.0, 1.6, 1.5 ] },
                "west": { "texture": "#5", "uv": [ 0.0, 0.0, 4.3, 1.5 ] },
                "up": { "texture": "#5", "uv": [ 0.0, 0.0, 1.6, 4.3 ] },
                "down": { "texture": "#5", "uv": [ 0.0, 0.0, 1.6, 4.3 ] }
            }
        },
        {
            "name": "Cube",
            "from": [ 7.2, 4.3, 10.2 ], 
            "to": [ 8.8, 4.8, 10.799999999999999 ], 
            "rotation": { "origin": [ 8.0, 8.0, 8.0 ], "axis": "x", "angle": 45.0 },
            "faces": {
                "north": { "texture": "#5", "uv": [ 0.0, 0.0, 1.6, 0.5 ] },
                "east": { "texture": "#5", "uv": [ 0.0, 0.0, 0.6, 0.5 ] },
                "south": { "texture": "#5", "uv": [ 0.0, 0.0, 1.6, 0.5 ] },
                "west": { "texture": "#5", "uv": [ 0.0, 0.0, 0.6, 0.5 ] },
                "up": { "texture": "#5", "uv": [ 0.0, 0.0, 1.6, 0.6 ] },
                "down": { "texture": "#5", "uv": [ 0.0, 0.0, 1.6, 0.6 ] }
            }
        },
        {
            "name": "Cube",
            "from": [ 7.2, 8.8, 15.600000000000001 ], 
            "to": [ 8.8, 9.8, 17.200000000000003 ], 
            "rotation": { "origin": [ 8.0, 8.0, 8.0 ], "axis": "x", "angle": 45.0 },
            "faces": {
                "north": { "texture": "#5", "uv": [ 0.0, 0.0, 1.6, 1.0 ] },
                "east": { "texture": "#5", "uv": [ 0.0, 0.0, 1.6, 1.0 ] },
                "south": { "texture": "#5", "uv": [ 0.0, 0.0, 1.6, 1.0 ] },
                "west": { "texture": "#5", "uv": [ 0.0, 0.0, 1.6, 1.0 ] },
                "up": { "texture": "#5", "uv": [ 0.0, 0.0, 1.6, 1.6 ] },
                "down": { "texture": "#5", "uv": [ 0.0, 0.0, 1.6, 1.6 ] }
            }
        },
        {
            "name": "Cube",
            "from": [ 6.9, 3.8, 5.9 ], 
            "to": [ 9.100000000000001, 6.199999999999999, 7.2 ], 
            "faces": {
                "north": { "texture": "#5", "uv": [ 0.0, 0.0, 2.2, 2.4 ] },
                "east": { "texture": "#5", "uv": [ 0.0, 0.0, 1.2999999999999998, 2.4 ] },
                "south": { "texture": "#5", "uv": [ 0.0, 0.0, 2.2, 2.4 ] },
                "west": { "texture": "#5", "uv": [ 0.0, 0.0, 1.2999999999999998, 2.4 ] },
                "up": { "texture": "#5", "uv": [ 0.0, 0.0, 2.2, 1.2999999999999998 ] },
                "down": { "texture": "#5", "uv": [ 0.0, 0.0, 2.2, 1.2999999999999998 ] }
            }
        },
        {
            "name": "Cube",
            "from": [ 7.7, 3.9, 5.9 ], 
            "to": [ 8.3, 6.3, 8.4 ], 
            "faces": {
                "north": { "texture": "#5", "uv": [ 0.0, 0.0, 0.6, 2.4 ] },
                "east": { "texture": "#5", "uv": [ 0.0, 0.0, 2.5, 2.4 ] },
                "south": { "texture": "#5", "uv": [ 0.0, 0.0, 0.6, 2.4 ] },
                "west": { "texture": "#5", "uv": [ 0.0, 0.0, 2.5, 2.4 ] },
                "up": { "texture": "#5", "uv": [ 0.0, 0.0, 0.6, 2.5 ] },
                "down": { "texture": "#5", "uv": [ 0.0, 0.0, 0.6, 2.5 ] }
            }
        },
        {
            "name": "Cube",
            "from": [ 7.8, 5.6, 7.9 ], 
            "to": [ 8.2, 6.3999999999999995, 8.3 ], 
            "faces": {
                "north": { "texture": "#4", "uv": [ 0.0, 0.0, 0.4, 0.8 ] },
                "east": { "texture": "#4", "uv": [ 0.0, 0.0, 0.4, 0.8 ] },
                "south": { "texture": "#4", "uv": [ 0.0, 0.0, 0.4, 0.8 ] },
                "west": { "texture": "#4", "uv": [ 0.0, 0.0, 0.4, 0.8 ] },
                "up": { "texture": "#4", "uv": [ 0.0, 0.0, 0.4, 0.4 ] },
                "down": { "texture": "#4", "uv": [ 0.0, 0.0, 0.4, 0.4 ] }
            }
        },
        {
            "name": "Cube",
            "from": [ 6.8, 4.7, 6.699999999999999 ], 
            "to": [ 9.0, 5.3, 7.8999999999999995 ], 
            "faces": {
                "north": { "texture": "#2", "uv": [ 0.0, 0.0, 2.2, 0.6 ] },
                "east": { "texture": "#2", "uv": [ 0.0, 0.0, 1.2, 0.6 ] },
                "south": { "texture": "#2", "uv": [ 0.0, 0.0, 2.2, 0.6 ] },
                "west": { "texture": "#2", "uv": [ 0.0, 0.0, 1.2, 0.6 ] },
                "up": { "texture": "#2", "uv": [ 0.0, 0.0, 2.2, 1.2 ] },
                "down": { "texture": "#2", "uv": [ 0.0, 0.0, 2.2, 1.2 ] }
            }
        },
        {
            "name": "Cube",
            "from": [ 7.1, 4.7, 6.699999999999999 ], 
            "to": [ 9.3, 5.3, 7.8999999999999995 ], 
            "faces": {
                "north": { "texture": "#2", "uv": [ 0.0, 0.0, 2.2, 0.6 ] },
                "east": { "texture": "#2", "uv": [ 0.0, 0.0, 1.2, 0.6 ] },
                "south": { "texture": "#2", "uv": [ 0.0, 0.0, 2.2, 0.6 ] },
                "west": { "texture": "#2", "uv": [ 0.0, 0.0, 1.2, 0.6 ] },
                "up": { "texture": "#2", "uv": [ 0.0, 0.0, 2.2, 1.2 ] },
                "down": { "texture": "#2", "uv": [ 0.0, 0.0, 2.2, 1.2 ] }
            }
        },
        {
            "name": "Cube",
            "from": [ 6.8, 4.7, 5.7 ], 
            "to": [ 7.2, 5.3, 6.3 ], 
            "faces": {
                "north": { "texture": "#4", "uv": [ 0.0, 0.0, 0.4, 0.6 ] },
                "east": { "texture": "#4", "uv": [ 0.0, 0.0, 0.6, 0.6 ] },
                "south": { "texture": "#4", "uv": [ 0.0, 0.0, 0.4, 0.6 ] },
                "west": { "texture": "#4", "uv": [ 0.0, 0.0, 0.6, 0.6 ] },
                "up": { "texture": "#4", "uv": [ 0.0, 0.0, 0.4, 0.6 ] },
                "down": { "texture": "#4", "uv": [ 0.0, 0.0, 0.4, 0.6 ] }
            }
        },
        {
            "name": "Cube",
            "from": [ 8.8, 4.7, 5.7 ], 
            "to": [ 9.200000000000001, 5.3, 6.3 ], 
            "faces": {
                "north": { "texture": "#4", "uv": [ 0.0, 0.0, 0.4, 0.6 ] },
                "east": { "texture": "#4", "uv": [ 0.0, 0.0, 0.6, 0.6 ] },
                "south": { "texture": "#4", "uv": [ 0.0, 0.0, 0.4, 0.6 ] },
                "west": { "texture": "#4", "uv": [ 0.0, 0.0, 0.6, 0.6 ] },
                "up": { "texture": "#4", "uv": [ 0.0, 0.0, 0.4, 0.6 ] },
                "down": { "texture": "#4", "uv": [ 0.0, 0.0, 0.4, 0.6 ] }
            }
        },
        {
            "name": "Cube",
            "from": [ 7.8, 5.9, 6.4 ], 
            "to": [ 8.2, 6.7, 6.6000000000000005 ], 
            "faces": {
                "north": { "texture": "#4", "uv": [ 0.0, 0.0, 0.4, 0.8 ] },
                "east": { "texture": "#4", "uv": [ 0.0, 0.0, 0.2, 0.8 ] },
                "south": { "texture": "#4", "uv": [ 0.0, 0.0, 0.4, 0.8 ] },
                "west": { "texture": "#4", "uv": [ 0.0, 0.0, 0.2, 0.8 ] },
                "up": { "texture": "#4", "uv": [ 0.0, 0.0, 0.4, 0.2 ] },
                "down": { "texture": "#4", "uv": [ 0.0, 0.0, 0.4, 0.2 ] }
            }
        },
        {
            "name": "Cube",
            "from": [ 7.8, 5.4, 7.0 ], 
            "to": [ 8.2, 6.2, 7.2 ], 
            "rotation": { "origin": [ 8.0, 8.0, 8.0 ], "axis": "x", "angle": 22.5 },
            "faces": {
                "north": { "texture": "#4", "uv": [ 0.0, 0.0, 0.4, 0.8 ] },
                "east": { "texture": "#4", "uv": [ 0.0, 0.0, 0.2, 0.8 ] },
                "south": { "texture": "#4", "uv": [ 0.0, 0.0, 0.4, 0.8 ] },
                "west": { "texture": "#4", "uv": [ 0.0, 0.0, 0.2, 0.8 ] },
                "up": { "texture": "#4", "uv": [ 0.0, 0.0, 0.4, 0.2 ] },
                "down": { "texture": "#4", "uv": [ 0.0, 0.0, 0.4, 0.2 ] }
            }
        },
        {
            "name": "Cube",
            "from": [ 7.7, 3.7, 5.7 ], 
            "to": [ 8.3, 4.1000000000000005, 6.3 ], 
            "faces": {
                "north": { "texture": "#4", "uv": [ 0.0, 0.0, 0.6, 0.4 ] },
                "east": { "texture": "#4", "uv": [ 0.0, 0.0, 0.6, 0.4 ] },
                "south": { "texture": "#4", "uv": [ 0.0, 0.0, 0.6, 0.4 ] },
                "west": { "texture": "#4", "uv": [ 0.0, 0.0, 0.6, 0.4 ] },
                "up": { "texture": "#4", "uv": [ 0.0, 0.0, 0.6, 0.6 ] },
                "down": { "texture": "#4", "uv": [ 0.0, 0.0, 0.6, 0.6 ] }
            }
        },
        {
            "name": "Cube",
            "from": [ 8.9, 5.5, 8.5 ], 
            "to": [ 9.100000000000001, 6.1, 9.7 ], 
            "faces": {
                "north": { "texture": "#4", "uv": [ 0.0, 0.0, 0.20000000000000018, 0.6 ] },
                "east": { "texture": "#4", "uv": [ 0.0, 0.0, 1.2, 0.6 ] },
                "south": { "texture": "#4", "uv": [ 0.0, 0.0, 0.20000000000000018, 0.6 ] },
                "west": { "texture": "#4", "uv": [ 0.0, 0.0, 1.2, 0.6 ] },
                "up": { "texture": "#4", "uv": [ 0.0, 0.0, 0.20000000000000018, 1.2 ] },
                "down": { "texture": "#4", "uv": [ 0.0, 0.0, 0.20000000000000018, 1.2 ] }
            }
        },
        {
            "name": "Cube",
            "from": [ 8.4, 5.9, 8.5 ], 
            "to": [ 9.0, 6.1000000000000005, 9.7 ], 
            "faces": {
                "north": { "texture": "#4", "uv": [ 0.0, 0.0, 0.6, 0.2 ] },
                "east": { "texture": "#4", "uv": [ 0.0, 0.0, 1.2, 0.2 ] },
                "south": { "texture": "#4", "uv": [ 0.0, 0.0, 0.6, 0.2 ] },
                "west": { "texture": "#4", "uv": [ 0.0, 0.0, 1.2, 0.2 ] },
                "up": { "texture": "#4", "uv": [ 0.0, 0.0, 0.6, 1.2 ] },
                "down": { "texture": "#4", "uv": [ 0.0, 0.0, 0.6, 1.2 ] }
            }
        },
        {
            "name": "Cube",
            "from": [ 8.8, 5.4, 8.6 ], 
            "to": [ 8.9, 6.2, 8.7 ], 
            "faces": {
                "north": { "texture": "#0", "uv": [ 0.0, 0.0, 0.1, 0.8 ] },
                "east": { "texture": "#0", "uv": [ 0.0, 0.0, 0.1, 0.8 ] },
                "south": { "texture": "#0", "uv": [ 0.0, 0.0, 0.1, 0.8 ] },
                "west": { "texture": "#0", "uv": [ 0.0, 0.0, 0.1, 0.8 ] },
                "up": { "texture": "#0", "uv": [ 0.0, 0.0, 0.1, 0.1 ] },
                "down": { "texture": "#0", "uv": [ 0.0, 0.0, 0.1, 0.1 ] }
            }
        },
        {
            "name": "Cube",
            "from": [ 8.8, 5.4, 9.0 ], 
            "to": [ 8.9, 6.2, 9.1 ], 
            "faces": {
                "north": { "texture": "#0", "uv": [ 0.0, 0.0, 0.1, 0.8 ] },
                "east": { "texture": "#0", "uv": [ 0.0, 0.0, 0.1, 0.8 ] },
                "south": { "texture": "#0", "uv": [ 0.0, 0.0, 0.1, 0.8 ] },
                "west": { "texture": "#0", "uv": [ 0.0, 0.0, 0.1, 0.8 ] },
                "up": { "texture": "#0", "uv": [ 0.0, 0.0, 0.1, 0.1 ] },
                "down": { "texture": "#0", "uv": [ 0.0, 0.0, 0.1, 0.1 ] }
            }
        },
        {
            "name": "Cube",
            "from": [ 8.8, 5.4, 9.4 ], 
            "to": [ 8.9, 6.2, 9.5 ], 
            "faces": {
                "north": { "texture": "#0", "uv": [ 0.0, 0.0, 0.1, 0.8 ] },
                "east": { "texture": "#0", "uv": [ 0.0, 0.0, 0.1, 0.8 ] },
                "south": { "texture": "#0", "uv": [ 0.0, 0.0, 0.1, 0.8 ] },
                "west": { "texture": "#0", "uv": [ 0.0, 0.0, 0.1, 0.8 ] },
                "up": { "texture": "#0", "uv": [ 0.0, 0.0, 0.1, 0.1 ] },
                "down": { "texture": "#0", "uv": [ 0.0, 0.0, 0.1, 0.1 ] }
            }
        },
        {
            "name": "Cube",
            "from": [ 6.8, 3.4, 12.0 ], 
            "to": [ 9.2, 4.2, 12.4 ], 
            "rotation": { "origin": [ 8.0, 8.0, 8.0 ], "axis": "x", "angle": -22.5 },
            "faces": {
                "north": { "texture": "#4", "uv": [ 0.0, 0.0, 2.4, 0.8 ] },
                "east": { "texture": "#4", "uv": [ 0.0, 0.0, 0.4, 0.8 ] },
                "south": { "texture": "#4", "uv": [ 0.0, 0.0, 2.4, 0.8 ] },
                "west": { "texture": "#4", "uv": [ 0.0, 0.0, 0.4, 0.8 ] },
                "up": { "texture": "#4", "uv": [ 0.0, 0.0, 2.4, 0.4 ] },
                "down": { "texture": "#4", "uv": [ 0.0, 0.0, 2.4, 0.4 ] }
            }
        },
        {
            "name": "Cube",
            "from": [ 6.8, -0.5999999999999996, 9.0 ], 
            "to": [ 9.2, -0.29999999999999966, 10.5 ], 
            "rotation": { "origin": [ 8.0, 8.0, 8.0 ], "axis": "x", "angle": -45.0 },
            "faces": {
                "north": { "texture": "#4", "uv": [ 0.0, 0.0, 2.4, 0.3 ] },
                "east": { "texture": "#4", "uv": [ 0.0, 0.0, 1.5, 0.3 ] },
                "south": { "texture": "#4", "uv": [ 0.0, 0.0, 2.4, 0.3 ] },
                "west": { "texture": "#4", "uv": [ 0.0, 0.0, 1.5, 0.3 ] },
                "up": { "texture": "#4", "uv": [ 0.0, 0.0, 2.4, 1.5 ] },
                "down": { "texture": "#4", "uv": [ 0.0, 0.0, 2.4, 1.5 ] }
            }
        },
        {
            "name": "Cube",
            "from": [ 6.8, 1.4000000000000004, 12.0 ], 
            "to": [ 9.2, 1.7000000000000004, 13.5 ], 
            "rotation": { "origin": [ 8.0, 8.0, 8.0 ], "axis": "x", "angle": -22.5 },
            "faces": {
                "north": { "texture": "#4", "uv": [ 0.0, 0.0, 2.4, 0.3 ] },
                "east": { "texture": "#4", "uv": [ 0.0, 0.0, 1.5, 0.3 ] },
                "south": { "texture": "#4", "uv": [ 0.0, 0.0, 2.4, 0.3 ] },
                "west": { "texture": "#4", "uv": [ 0.0, 0.0, 1.5, 0.3 ] },
                "up": { "texture": "#4", "uv": [ 0.0, 0.0, 2.4, 1.5 ] },
                "down": { "texture": "#4", "uv": [ 0.0, 0.0, 2.4, 1.5 ] }
            }
        }
    ]
}