{
    "__comment": "Model create by Yuluu and Tuong",
    "textures": {
        "0": "blocks/black",
        "1": "blocks/gold",
        "2": "blocks/white",
        "3": "blocks/gray",
        "4": "blocks/dark_gray",
        "5": "blocks/light_blue",
        "6": "blocks/bronze"
    },
	"display": {
        "thirdperson": {
            "rotation": [ 90, 0,180 ],
            "translation": [ 0, 2.5, -2 ],
            "scale": [ 0.8, 0.8, 0.8 ]
        },
        "firstperson": {
            "rotation": [ 0, -45, 0],
            "translation": [ 0, 5, 0 ],
            "scale": [ 1.5, 1.5, 1.5 ]
        }
    },
    "elements": [
	
        {
            "name": "Cube",
            "from": [ 7.0, -1.5, 10.0 ], 
            "to": [ 9.0, -1.0, 12.5 ], 
            "rotation": { "origin": [ 8.0, 8.0, 8.0 ], "axis": "x", "angle": -22.5 },
            "faces": {
                "north": { "texture": "#0", "uv": [ 9.0, 8.0, 11.0, 8.5 ] },
                "east": { "texture": "#0", "uv": [ 3.0, 7.0, 5.5, 7.5 ] },
                "south": { "texture": "#0", "uv": [ 4.0, 7.0, 7.0, 7.5 ] },
                "west": { "texture": "#0", "uv": [ 7.0, 9.0, 10.0, 9.5 ] },
                "up": { "texture": "#0", "uv": [ 5.0, 9.0, 7.0, 11.5 ] },
                "down": { "texture": "#0", "uv": [ 8.0, 8.0, 10.0, 10.5 ] }
            }
        },
        {
            "name": "Cube",
            "from": [ 7.0, 2.5, 10.5 ], 
            "to": [ 9.0, 3.0, 16.5 ], 
            "rotation": { "origin": [ 8.0, 8.0, 8.0 ], "axis": "x", "angle": 22.5 },
            "faces": {
                "north": { "texture": "#0", "uv": [ 9.0, 10.0, 11.0, 10.5 ] },
                "east": { "texture": "#0", "uv": [ 4.0, 10.0, 10.0, 10.5 ] },
                "south": { "texture": "#0", "uv": [ 4.0, 13.0, 3.0, 12.5 ] },
                "west": { "texture": "#0", "uv": [ 7.0, 9.0, 11.0, 11.5 ] },
                "up": { "texture": "#0", "uv": [ 6.0, 9.0, 11.0, 11.0 ] },
                "down": { "texture": "#0", "uv": [ 5.0, 7.0, 7.0, 13.0 ] }
            }
        },
        {
            "name": "Cube",
            "from": [ 7.0, -1.0, 12.5 ], 
            "to": [ 9.0, 4.0, 13.5 ], 
            "rotation": { "origin": [ 8.0, 8.0, 8.0 ], "axis": "x", "angle": -22.5 },
            "faces": {
                "north": { "texture": "#0", "uv": [ 5.0, 8.0, 7.0, 13.0 ] },
                "east": { "texture": "#0", "uv": [ 8.0, 7.0, 9.0, 12.0 ] },
                "south": { "texture": "#0", "uv": [ 8.0, 7.0, 10.0, 12.0 ] },
                "west": { "texture": "#0", "uv": [ 7.0, 6.0, 8.0, 11.0 ] },
                "up": { "texture": "#0", "uv": [ 7.0, 10.0, 9.0, 11.0 ] },
                "down": { "texture": "#0", "uv": [ 5.0, 8.0, 7.0, 9.0 ] }
            }
        },
        {
            "name": "Cube",
            "from": [ 7.0, 5.5, 11.0 ], 
            "to": [ 9.0, 6.0, 14.5 ], 
            "faces": {
                "north": { "texture": "#0", "uv": [ 9.0, 11.0, 11.0, 11.5 ] },
                "east": { "texture": "#0", "uv": [ 5.0, 8.0, 8.5, 8.5 ] },
                "south": { "texture": "#0", "uv": [ 8.0, 11.0, 10.0, 11.5 ] },
                "west": { "texture": "#0", "uv": [ 5.0, 11.0, 8.5, 11.5 ] },
                "up": { "texture": "#0", "uv": [ 6.0, 7.0, 8.0, 10.5 ] },
                "down": { "texture": "#0", "uv": [ 6.0, 5.0, 8.0, 8.5 ] }
            }
        },
        {
            "name": "Cube",
            "from": [ 7.0, 8.0, 15.0 ], 
            "to": [ 9.0, 9.0, 15.5 ], 
            "rotation": { "origin": [ 8.0, 8.0, 8.0 ], "axis": "x", "angle": 22.5 },
            "faces": {
                "north": { "texture": "#0", "uv": [ 7.0, 5.0, 9.0, 6.0 ] },
                "east": { "texture": "#0", "uv": [ 5.0, 10.0, 5.5, 11.0 ] },
                "south": { "texture": "#0", "uv": [ 7.0, 10.0, 9.0, 11.0 ] },
                "west": { "texture": "#0", "uv": [ 5.0, 5.0, 5.5, 6.0 ] },
                "up": { "texture": "#0", "uv": [ 9.0, 5.0, 11.0, 5.5 ] },
                "down": { "texture": "#0", "uv": [ 5.0, 7.0, 7.0, 7.5 ] }
            }
        },
        {
            "name": "Cube",
            "from": [ 6.9, -2.0, 10.0 ], 
            "to": [ 9.100000000000001, -1.5, 13.5 ], 
            "rotation": { "origin": [ 8.0, 8.0, 8.0 ], "axis": "x", "angle": -22.5 },
            "faces": {
                "north": { "texture": "#1", "uv": [ 0.0, 0.0, 2.2, 0.5 ] },
                "east": { "texture": "#1", "uv": [ 0.0, 0.0, 3.5, 0.5 ] },
                "south": { "texture": "#1", "uv": [ 0.0, 0.0, 3.0, 0.5 ] },
                "west": { "texture": "#1", "uv": [ 0.0, 0.0, 3.0, 0.5 ] },
                "up": { "texture": "#1", "uv": [ 0.0, 0.0, 2.2, 3.5 ] },
                "down": { "texture": "#1", "uv": [ 0.0, 0.0, 2.2, 3.5 ] }
            }
        },
        {
            "name": "Cube",
            "from": [ 7.0, 4.0, 17.0 ], 
            "to": [ 9.0, 5.5, 18.1 ], 
            "rotation": { "origin": [ 8.0, 8.0, 8.0 ], "axis": "x", "angle": 22.5 },
            "faces": {
                "north": { "texture": "#0", "uv": [ 10.0, 7.0, 12.0, 8.5 ] },
                "east": { "texture": "#0", "uv": [ 7.0, 11.0, 8.1, 12.5 ] },
                "south": { "texture": "#0", "uv": [ 9.0, 12.0, 11.0, 13.5 ] },
                "west": { "texture": "#0", "uv": [ 8.0, 11.0, 9.1, 12.5 ] },
                "up": { "texture": "#0", "uv": [ 7.0, 9.0, 9.0, 10.1 ] },
                "down": { "texture": "#0", "uv": [ 4.0, 11.0, 6.0, 12.1 ] }
            }
        },
        {
            "name": "Cube",
            "from": [ 7.0, 2.0, 8.0 ], 
            "to": [ 9.0, 3.5, 9.0 ], 
            "faces": {
                "north": { "texture": "#0", "uv": [ 4.0, 6.0, 6.0, 7.5 ] },
                "east": { "texture": "#0", "uv": [ 6.0, 9.0, 7.0, 10.5 ] },
                "south": { "texture": "#0", "uv": [ 4.0, 5.0, 6.0, 6.5 ] },
                "west": { "texture": "#0", "uv": [ 7.0, 5.0, -13.0, 3.5 ] },
                "up": { "texture": "#0", "uv": [ 5.0, 8.0, 7.0, 9.0 ] },
                "down": { "texture": "#0", "uv": [ 12.0, 10.0, 14.0, 11.0 ] }
            }
        },
        {
            "name": "Cube",
            "from": [ 7.0, 2.5, 4.0 ], 
            "to": [ 9.0, 3.5, 10.0 ], 
            "rotation": { "origin": [ 8.0, 8.0, 8.0 ], "axis": "x", "angle": 22.5 },
            "faces": {
                "north": { "texture": "#0", "uv": [ 5.0, 14.0, 7.0, 15.0 ] },
                "east": { "texture": "#0", "uv": [ 6.0, 9.0, 12.0, 10.0 ] },
                "south": { "texture": "#0", "uv": [ 4.0, 5.0, 6.0, 6.0 ] },
                "west": { "texture": "#0", "uv": [ 3.0, 5.0, 9.0, 6.0 ] },
                "up": { "texture": "#0", "uv": [ 5.0, 6.0, 7.0, 12.0 ] },
                "down": { "texture": "#0", "uv": [ 3.0, 3.0, 5.0, 9.0 ] }
            }
        },
        {
            "name": "Cube",
            "from": [ 6.9, 4.5, 17.9 ], 
            "to": [ 9.100000000000001, 5.3, 18.5 ], 
            "rotation": { "origin": [ 8.0, 8.0, 8.0 ], "axis": "x", "angle": 22.5 },
            "faces": {
                "north": { "texture": "#1", "uv": [ 0.0, 0.0, 2.2, 0.8 ] },
                "east": { "texture": "#1", "uv": [ 0.0, 0.0, 0.6, 0.8 ] },
                "south": { "texture": "#1", "uv": [ 0.0, 0.0, 2.2, 0.8 ] },
                "west": { "texture": "#1", "uv": [ 0.0, 0.0, 0.6, 0.8 ] },
                "up": { "texture": "#1", "uv": [ 0.0, 0.0, 2.2, 0.6 ] },
                "down": { "texture": "#1", "uv": [ 0.0, 0.0, 2.2, 0.6 ] }
            }
        },
        {
            "name": "Cube",
            "from": [ 7.0, 6.0, 11.5 ], 
            "to": [ 9.0, 7.0, 14.0 ], 
            "faces": {
                "north": { "texture": "#0", "uv": [ 13.0, 11.0, 15.0, 12.0 ] },
                "east": { "texture": "#0", "uv": [ 7.0, 11.0, 9.5, 12.0 ] },
                "south": { "texture": "#0", "uv": [ 7.0, 10.0, 9.0, 11.0 ] },
                "west": { "texture": "#0", "uv": [ 8.0, 11.0, 10.5, 12.0 ] },
                "up": { "texture": "#0", "uv": [ 7.0, 9.0, 9.0, 11.5 ] },
                "down": { "texture": "#0", "uv": [ 4.0, 12.0, 6.0, 14.5 ] }
            }
        },
        {
            "name": "Cube",
            "from": [ 7.0, 4.3, 9.0 ], 
            "to": [ 9.0, 4.8, 10.5 ], 
            "rotation": { "origin": [ 8.0, 8.0, 8.0 ], "axis": "x", "angle": -45.0 },
            "faces": {
                "north": { "texture": "#0", "uv": [ 6.0, 7.0, 8.0, 7.5 ] },
                "east": { "texture": "#0", "uv": [ 8.0, 7.0, 9.5, 7.5 ] },
                "south": { "texture": "#0", "uv": [ 3.0, 9.0, 5.0, 9.5 ] },
                "west": { "texture": "#0", "uv": [ 7.0, 10.0, 8.5, 10.5 ] },
                "up": { "texture": "#0", "uv": [ 9.0, 11.0, 11.0, 12.5 ] },
                "down": { "texture": "#0", "uv": [ 8.0, 11.0, 10.0, 12.5 ] }
            }
        },
        {
            "name": "Cube",
            "from": [ 7.0, 6.0, 12.0 ], 
            "to": [ 9.0, 7.5, 13.4 ], 
            "faces": {
                "north": { "texture": "#0", "uv": [ 5.0, 6.0, 7.0, 7.5 ] },
                "east": { "texture": "#0", "uv": [ 6.0, 7.0, 7.4, 8.5 ] },
                "south": { "texture": "#0", "uv": [ 3.0, 5.0, 5.0, 6.5 ] },
                "west": { "texture": "#0", "uv": [ 7.0, 13.0, 8.4, 14.5 ] },
                "up": { "texture": "#0", "uv": [ 6.0, 8.0, 8.0, 9.4 ] },
                "down": { "texture": "#0", "uv": [ 3.0, 8.0, 5.0, 9.4 ] }
            }
        },
        {
            "name": "Cube",
            "from": [ 7.0, 2.0, 11.0 ], 
            "to": [ 9.0, 3.8, 11.5 ], 
            "rotation": { "origin": [ 8.0, 8.0, 8.0 ], "axis": "x", "angle": -45.0 },
            "faces": {
                "north": { "texture": "#0", "uv": [ 8.0, 7.0, 10.0, 8.8 ] },
                "east": { "texture": "#0", "uv": [ 11.0, 14.0, 11.5, 15.8 ] },
                "south": { "texture": "#0", "uv": [ 6.0, 5.0, 8.0, 6.8 ] },
                "west": { "texture": "#0", "uv": [ 7.0, 10.0, 7.5, 11.8 ] },
                "up": { "texture": "#0", "uv": [ 5.0, 9.0, 7.0, 9.5 ] },
                "down": { "texture": "#0", "uv": [ 4.0, 7.0, 6.0, 7.5 ] }
            }
        },
        {
            "name": "Cube",
            "from": [ 6.9, -2.0, 13.0 ], 
            "to": [ 9.100000000000001, -0.8999999999999999, 13.6 ], 
            "rotation": { "origin": [ 8.0, 8.0, 8.0 ], "axis": "x", "angle": -22.5 },
            "faces": {
                "north": { "texture": "#1", "uv": [ 0.0, 0.0, 2.2, 1.1 ] },
                "east": { "texture": "#1", "uv": [ 0.0, 0.0, 0.6, 1.1 ] },
                "south": { "texture": "#1", "uv": [ 0.0, 0.0, 2.2, 1.1 ] },
                "west": { "texture": "#1", "uv": [ 0.0, 0.0, 0.6, 1.1 ] },
                "up": { "texture": "#1", "uv": [ 0.0, 0.0, 2.2, 0.6 ] },
                "down": { "texture": "#1", "uv": [ 0.0, 0.0, 2.2, 0.6 ] }
            }
        },
        {
            "name": "Cube",
            "from": [ 7.0, 0.0, 9.5 ], 
            "to": [ 9.0, 3.0, 10.5 ], 
            "rotation": { "origin": [ 8.0, 8.0, 8.0 ], "axis": "x", "angle": -45.0 },
            "faces": {
                "north": { "texture": "#0", "uv": [ 10.0, 8.0, 12.0, 11.0 ] },
                "east": { "texture": "#0", "uv": [ 9.0, 10.0, 10.0, 13.0 ] },
                "south": { "texture": "#0", "uv": [ 8.0, 8.0, 10.0, 11.0 ] },
                "west": { "texture": "#0", "uv": [ 6.0, 10.0, 7.0, 13.0 ] },
                "up": { "texture": "#0", "uv": [ 7.0, 9.0, 9.0, 10.0 ] },
                "down": { "texture": "#0", "uv": [ 6.0, 12.0, 8.0, 13.0 ] }
            }
        },
        {
            "name": "Cube",
            "from": [ 7.0, 6.0, 11.0 ], 
            "to": [ 9.0, 6.5, 15.5 ], 
            "faces": {
                "north": { "texture": "#0", "uv": [ 8.0, 7.0, 10.0, 7.5 ] },
                "east": { "texture": "#0", "uv": [ 7.0, 11.0, 11.5, 11.5 ] },
                "south": { "texture": "#0", "uv": [ 6.0, 10.0, 8.0, 10.5 ] },
                "west": { "texture": "#0", "uv": [ 7.0, 11.0, 11.5, 11.5 ] },
                "up": { "texture": "#0", "uv": [ 8.0, 8.0, 10.0, 12.5 ] },
                "down": { "texture": "#0", "uv": [ 9.0, 9.0, 11.0, 13.5 ] }
            }
        },
        {
            "name": "Cube",
            "from": [ 7.0, 2.0, 7.0 ], 
            "to": [ 9.0, 3.5, 6.5 ], 
            "rotation": { "origin": [ 8.0, 8.0, 8.0 ], "axis": "x", "angle": -22.5 },
            "faces": {
                "north": { "texture": "#0", "uv": [ 6.0, 8.0, 8.0, 9.5 ] },
                "east": { "texture": "#0", "uv": [ 9.0, 7.0, 8.5, 8.5 ] },
                "south": { "texture": "#0", "uv": [ 10.0, 13.0, 12.0, 14.5 ] },
                "west": { "texture": "#0", "uv": [ 9.0, 7.0, 8.5, 8.5 ] },
                "up": { "texture": "#0", "uv": [ 4.0, 12.0, 6.0, 11.5 ] },
                "down": { "texture": "#0", "uv": [ 6.0, 9.0, 8.0, 8.5 ] }
            }
        },
        {
            "name": "Cube",
            "from": [ 7.0, 4.5, 4.5 ], 
            "to": [ 9.0, 7.5, 8.0 ], 
            "faces": {
                "north": { "texture": "#2", "uv": [ 0.0, 0.0, 2.0, 3.0 ] },
                "east": { "texture": "#2", "uv": [ 0.0, 0.0, 3.5, 3.0 ] },
                "south": { "texture": "#2", "uv": [ 0.0, 0.0, -21.0, 2.5 ] },
                "west": { "texture": "#2", "uv": [ 0.0, 0.0, 3.5, 3.0 ] },
                "up": { "texture": "#2", "uv": [ 0.0, 0.0, 2.0, 3.5 ] },
                "down": { "texture": "#2", "uv": [ 0.0, 0.0, 2.0, 3.5 ] }
            }
        },
        {
            "name": "Cube",
            "from": [ 7.0, 8.0, 12.0 ], 
            "to": [ 9.0, 8.5, 15.0 ], 
            "faces": {
                "north": { "texture": "#2", "uv": [ 0.0, 0.0, 2.0, 0.5 ] },
                "east": { "texture": "#2", "uv": [ 0.0, 0.0, 3.0, 0.5 ] },
                "south": { "texture": "#2", "uv": [ 0.0, 0.0, 2.0, 0.5 ] },
                "west": { "texture": "#2", "uv": [ 0.0, 0.0, 3.0, 0.5 ] },
                "up": { "texture": "#2", "uv": [ 0.0, 0.0, 2.0, 3.0 ] },
                "down": { "texture": "#2", "uv": [ 0.0, 0.0, 2.0, 3.0 ] }
            }
        },
        {
            "name": "Cube",
            "from": [ 7.0, 2.5, 11.5 ], 
            "to": [ 9.0, 3.7, 12.3 ], 
            "rotation": { "origin": [ 8.0, 8.0, 8.0 ], "axis": "x", "angle": -45.0 },
            "faces": {
                "north": { "texture": "#2", "uv": [ 0.0, 0.0, 2.0, 1.2 ] },
                "east": { "texture": "#2", "uv": [ 0.0, 0.0, 0.8, 1.2 ] },
                "south": { "texture": "#2", "uv": [ 0.0, 0.0, 2.0, 1.2 ] },
                "west": { "texture": "#2", "uv": [ 0.0, 0.0, 0.8, 1.2 ] },
                "up": { "texture": "#2", "uv": [ 0.0, 0.0, 2.0, 0.8 ] },
                "down": { "texture": "#2", "uv": [ 0.0, 0.0, 2.0, 0.8 ] }
            }
        },
        {
            "name": "Cube",
            "from": [ 7.0, 6.5, 14.5 ], 
            "to": [ 9.0, 7.5, 16.0 ], 
            "faces": {
                "north": { "texture": "#2", "uv": [ 0.0, 0.0, 2.0, 1.0 ] },
                "east": { "texture": "#2", "uv": [ 0.0, 0.0, 1.5, 1.0 ] },
                "south": { "texture": "#2", "uv": [ 0.0, 0.0, -21.0, 2.5 ] },
                "west": { "texture": "#2", "uv": [ 0.0, 0.0, 1.5, 1.0 ] },
                "up": { "texture": "#2", "uv": [ 0.0, 0.0, 2.0, 1.5 ] },
                "down": { "texture": "#2", "uv": [ 0.0, 0.0, 2.0, 1.5 ] }
            }
        },
        {
            "name": "Cube",
            "from": [ 7.0, 9.0, 10.5 ], 
            "to": [ 9.0, 10.5, 11.2 ], 
            "rotation": { "origin": [ 8.0, 8.0, 8.0 ], "axis": "x", "angle": 45.0 },
            "faces": {
                "north": { "texture": "#2", "uv": [ 0.0, 0.0, 2.0, 1.5 ] },
                "east": { "texture": "#2", "uv": [ 0.0, 0.0, 0.7, 1.5 ] },
                "south": { "texture": "#2", "uv": [ 0.0, 0.0, 2.0, 1.5 ] },
                "west": { "texture": "#2", "uv": [ 0.0, 0.0, 0.7, 1.5 ] },
                "up": { "texture": "#2", "uv": [ 0.0, 0.0, 2.0, 0.7 ] },
                "down": { "texture": "#2", "uv": [ 0.0, 0.0, 2.0, 0.7 ] }
            }
        },
        {
            "name": "Cube",
            "from": [ 6.9, 7.5, 11.0 ], 
            "to": [ 9.100000000000001, 8.0, 12.0 ], 
            "faces": {
                "north": { "texture": "#3", "uv": [ 0.0, 0.0, 2.2, 0.5 ] },
                "east": { "texture": "#3", "uv": [ 0.0, 0.0, 1.0, 0.5 ] },
                "south": { "texture": "#3", "uv": [ 0.0, 0.0, 2.2, 0.5 ] },
                "west": { "texture": "#3", "uv": [ 0.0, 0.0, 1.0, 0.5 ] },
                "up": { "texture": "#3", "uv": [ 0.0, 0.0, 2.2, 1.0 ] },
                "down": { "texture": "#3", "uv": [ 0.0, 0.0, 2.2, 1.0 ] }
            }
        },
        {
            "name": "Cube",
            "from": [ 6.5, 4.0, 6.0 ], 
            "to": [ 9.5, 7.0, 8.0 ], 
            "faces": {
                "north": { "texture": "#3", "uv": [ 0.0, 0.0, 3.0, 3.0 ] },
                "east": { "texture": "#3", "uv": [ 0.0, 0.0, 2.0, 3.0 ] },
                "south": { "texture": "#3", "uv": [ 0.0, 0.0, 3.0, 3.0 ] },
                "west": { "texture": "#3", "uv": [ 0.0, 0.0, 2.0, 3.0 ] },
                "up": { "texture": "#3", "uv": [ 0.0, 0.0, 3.0, 2.0 ] },
                "down": { "texture": "#3", "uv": [ 0.0, 0.0, 3.0, 2.0 ] }
            }
        },
        {
            "name": "Cube",
            "from": [ 7.0, 4.0, 1.0 ], 
            "to": [ 9.0, 5.5, 4.0 ], 
            "faces": {
                "north": { "texture": "#0", "uv": [ 6.0, 7.0, 8.0, 8.5 ] },
                "east": { "texture": "#0", "uv": [ 5.0, 8.0, 8.0, 9.5 ] },
                "south": { "texture": "#0", "uv": [ 6.0, 7.0, 8.0, 8.5 ] },
                "west": { "texture": "#0", "uv": [ 9.0, 10.0, 12.0, 11.5 ] },
                "up": { "texture": "#0", "uv": [ 8.0, 4.0, 10.0, 7.0 ] },
                "down": { "texture": "#0", "uv": [ 5.0, 5.0, 7.0, 8.0 ] }
            }
        },
        {
            "name": "Cube",
            "from": [ 7.0, 3.5, 5.0 ], 
            "to": [ 8.0, 4.0, 6.0 ], 
            "rotation": { "origin": [ 8.0, 8.0, 8.0 ], "axis": "x", "angle": 22.5 },
            "faces": {
                "north": { "texture": "#0", "uv": [ 5.0, 14.0, 6.0, 14.5 ] },
                "east": { "texture": "#0", "uv": [ 6.0, 9.0, 7.0, 9.5 ] },
                "south": { "texture": "#0", "uv": [ 4.0, 5.0, 5.0, 5.5 ] },
                "west": { "texture": "#0", "uv": [ 3.0, 5.0, 4.0, 5.5 ] },
                "up": { "texture": "#0", "uv": [ 5.0, 6.0, 6.0, 7.0 ] },
                "down": { "texture": "#0", "uv": [ 3.0, 3.0, 4.0, 4.0 ] }
            }
        },
        {
            "name": "Cube",
            "from": [ 7.0, 2.0, 5.5 ], 
            "to": [ 9.0, 3.0, 8.0 ], 
            "faces": {
                "north": { "texture": "#0", "uv": [ 10.0, 9.0, 12.0, 10.0 ] },
                "east": { "texture": "#0", "uv": [ 7.0, 7.0, 9.5, 8.0 ] },
                "south": { "texture": "#0", "uv": [ 6.0, 8.0, 8.0, 9.0 ] },
                "west": { "texture": "#0", "uv": [ 5.0, 9.0, 7.5, 10.0 ] },
                "up": { "texture": "#0", "uv": [ 5.0, 6.0, 7.0, 8.5 ] },
                "down": { "texture": "#0", "uv": [ 9.0, 10.0, 11.0, 12.5 ] }
            }
        },
        {
            "name": "Cube",
            "from": [ 7.0, 7.5, 12.0 ], 
            "to": [ 9.0, 8.0, 15.0 ], 
            "faces": {
                "north": { "texture": "#2", "uv": [ 0.0, 0.0, 2.0, 0.5 ] },
                "east": { "texture": "#2", "uv": [ 0.0, 0.0, 3.0, 0.5 ] },
                "south": { "texture": "#2", "uv": [ 0.0, 0.0, 2.0, 0.5 ] },
                "west": { "texture": "#2", "uv": [ 0.0, 0.0, 3.0, 0.5 ] },
                "up": { "texture": "#2", "uv": [ 0.0, 0.0, 2.0, 3.0 ] },
                "down": { "texture": "#2", "uv": [ 0.0, 0.0, 2.0, 3.0 ] }
            }
        },
        {
            "name": "Cube",
            "from": [ 7.0, 4.0, 5.0 ], 
            "to": [ 9.0, 4.5, 6.0 ], 
            "rotation": { "origin": [ 8.0, 8.0, 8.0 ], "axis": "x", "angle": 22.5 },
            "faces": {
                "north": { "texture": "#2", "uv": [ 0.0, 0.0, 2.0, 0.5 ] },
                "east": { "texture": "#2", "uv": [ 0.0, 0.0, 1.0, 0.5 ] },
                "south": { "texture": "#2", "uv": [ 0.0, 0.0, 2.0, 0.5 ] },
                "west": { "texture": "#2", "uv": [ 0.0, 0.0, 1.0, 0.5 ] },
                "up": { "texture": "#2", "uv": [ 0.0, 0.0, 2.0, 1.0 ] },
                "down": { "texture": "#2", "uv": [ 0.0, 0.0, 2.0, 1.0 ] }
            }
        },
        {
            "name": "Cube",
            "from": [ 6.6, 4.5, 5.5 ], 
            "to": [ 9.6, 6.5, 8.5 ], 
            "faces": {
                "north": { "texture": "#3", "uv": [ 0.0, 0.0, 3.0, 2.0 ] },
                "east": { "texture": "#3", "uv": [ 0.0, 0.0, 3.0, 2.0 ] },
                "south": { "texture": "#3", "uv": [ 0.0, 0.0, 3.0, 2.0 ] },
                "west": { "texture": "#3", "uv": [ 0.0, 0.0, 3.0, 2.0 ] },
                "up": { "texture": "#3", "uv": [ 0.0, 0.0, 3.0, 3.0 ] },
                "down": { "texture": "#3", "uv": [ 0.0, 0.0, 3.0, 3.0 ] }
            }
        },
        {
            "name": "Cube",
            "from": [ 7.0, 7.5, 0.0 ], 
            "to": [ 9.0, 8.0, 11.0 ], 
            "faces": {
                "north": { "texture": "#2", "uv": [ 0.0, 0.0, 2.0, 0.5 ] },
                "east": { "texture": "#2", "uv": [ 0.0, 0.0, 11.0, 0.5 ] },
                "south": { "texture": "#2", "uv": [ 0.0, 0.0, 2.0, 0.5 ] },
                "west": { "texture": "#2", "uv": [ 0.0, 0.0, 11.0, 0.5 ] },
                "up": { "texture": "#2", "uv": [ 0.0, 0.0, 2.0, 11.0 ] },
                "down": { "texture": "#2", "uv": [ 0.0, 0.0, 2.0, 11.0 ] }
            }
        },
        {
            "name": "Cube",
            "from": [ 7.0, 4.5, 8.0 ], 
            "to": [ 9.0, 5.5, 9.0 ], 
            "faces": {
                "north": { "texture": "#2", "uv": [ 0.0, 0.0, 2.0, 1.0 ] },
                "east": { "texture": "#2", "uv": [ 0.0, 0.0, 1.0, 1.0 ] },
                "south": { "texture": "#2", "uv": [ 0.0, 0.0, 2.0, 1.0 ] },
                "west": { "texture": "#2", "uv": [ 0.0, 0.0, 1.0, 1.0 ] },
                "up": { "texture": "#2", "uv": [ 0.0, 0.0, 2.0, 1.0 ] },
                "down": { "texture": "#2", "uv": [ 0.0, 0.0, 2.0, 1.0 ] }
            }
        },
        {
            "name": "Cube",
            "from": [ 7.0, 6.0, 10.0 ], 
            "to": [ 9.0, 8.5, 11.5 ], 
            "rotation": { "origin": [ 8.0, 8.0, 8.0 ], "axis": "x", "angle": 45.0 },
            "faces": {
                "north": { "texture": "#2", "uv": [ 0.0, 0.0, 2.0, 2.5 ] },
                "east": { "texture": "#2", "uv": [ 0.0, 0.0, 1.5, 2.5 ] },
                "south": { "texture": "#2", "uv": [ 0.0, 0.0, 2.0, 2.5 ] },
                "west": { "texture": "#2", "uv": [ 0.0, 0.0, 1.5, 2.5 ] },
                "up": { "texture": "#2", "uv": [ 0.0, 0.0, 2.0, 1.5 ] },
                "down": { "texture": "#2", "uv": [ 0.0, 0.0, 2.0, 1.5 ] }
            }
        },
        {
            "name": "Cube",
            "from": [ 7.0, 3.0, 3.0 ], 
            "to": [ 9.0, 4.5, 9.0 ], 
            "faces": {
                "north": { "texture": "#0", "uv": [ 6.0, 7.0, 8.0, 8.5 ] },
                "east": { "texture": "#0", "uv": [ 5.0, 8.0, 11.0, 9.5 ] },
                "south": { "texture": "#0", "uv": [ 6.0, 7.0, 8.0, 8.5 ] },
                "west": { "texture": "#0", "uv": [ 9.0, 10.0, 15.0, 11.5 ] },
                "up": { "texture": "#0", "uv": [ 8.0, 4.0, 10.0, 10.0 ] },
                "down": { "texture": "#0", "uv": [ 5.0, 5.0, 7.0, 11.0 ] }
            }
        },
        {
            "name": "Cube",
            "from": [ 7.0, 1.5, 3.1 ], 
            "to": [ 9.0, 2.5, 8.0 ], 
            "rotation": { "origin": [ 8.0, 8.0, 8.0 ], "axis": "x", "angle": 22.5 },
            "faces": {
                "north": { "texture": "#0", "uv": [ 5.0, 14.0, 7.0, 15.0 ] },
                "east": { "texture": "#0", "uv": [ 6.0, 9.0, 10.9, 10.0 ] },
                "south": { "texture": "#0", "uv": [ 4.0, 5.0, 6.0, 6.0 ] },
                "west": { "texture": "#0", "uv": [ 3.0, 5.0, 7.9, 6.0 ] },
                "up": { "texture": "#0", "uv": [ 5.0, 6.0, 7.0, 10.9 ] },
                "down": { "texture": "#0", "uv": [ 3.0, 3.0, 5.0, 7.9 ] }
            }
        },
        {
            "name": "Cube",
            "from": [ 7.0, 5.5, 1.5 ], 
            "to": [ 9.0, 7.5, 11.0 ], 
            "faces": {
                "north": { "texture": "#2", "uv": [ 0.0, 0.0, 2.0, 2.0 ] },
                "east": { "texture": "#2", "uv": [ 0.0, 0.0, 9.5, 2.0 ] },
                "south": { "texture": "#2", "uv": [ 0.0, 0.0, -21.0, 2.5 ] },
                "west": { "texture": "#2", "uv": [ 0.0, 0.0, 9.5, 2.0 ] },
                "up": { "texture": "#2", "uv": [ 0.0, 0.0, 2.0, 9.5 ] },
                "down": { "texture": "#2", "uv": [ 0.0, 0.0, 2.0, 9.5 ] }
            }
        },
        {
            "name": "Cube",
            "from": [ 7.0, 8.0, 0.0 ], 
            "to": [ 9.0, 8.5, 11.0 ], 
            "faces": {
                "north": { "texture": "#2", "uv": [ 0.0, 0.0, 2.0, 0.5 ] },
                "east": { "texture": "#2", "uv": [ 0.0, 0.0, 11.0, 0.5 ] },
                "south": { "texture": "#2", "uv": [ 0.0, 0.0, 2.0, 0.5 ] },
                "west": { "texture": "#2", "uv": [ 0.0, 0.0, 11.0, 0.5 ] },
                "up": { "texture": "#2", "uv": [ 0.0, 0.0, 2.0, 11.0 ] },
                "down": { "texture": "#2", "uv": [ 0.0, 0.0, 2.0, 11.0 ] }
            }
        },
        {
            "name": "Cube",
            "from": [ 7.0, 3.0, 10.5 ], 
            "to": [ 9.0, 3.5, 16.5 ], 
            "rotation": { "origin": [ 8.0, 8.0, 8.0 ], "axis": "x", "angle": 22.5 },
            "faces": {
                "north": { "texture": "#0", "uv": [ 5.0, 14.0, 7.0, 14.5 ] },
                "east": { "texture": "#0", "uv": [ 6.0, 9.0, 12.0, 9.5 ] },
                "south": { "texture": "#0", "uv": [ 4.0, 5.0, 6.0, 5.5 ] },
                "west": { "texture": "#0", "uv": [ 3.0, 5.0, 9.0, 5.5 ] },
                "up": { "texture": "#0", "uv": [ 5.0, 6.0, 7.0, 12.0 ] },
                "down": { "texture": "#0", "uv": [ 3.0, 3.0, 5.0, 9.0 ] }
            }
        },
        {
            "name": "Cube",
            "from": [ 7.2, 6.0, -1.5 ], 
            "to": [ 8.8, 7.6, 4.5 ], 
            "faces": {
                "north": { "texture": "#4", "uv": [ 0.0, 0.0, 1.6, 1.6 ] },
                "east": { "texture": "#4", "uv": [ 0.0, 0.0, 6.0, 1.6 ] },
                "south": { "texture": "#4", "uv": [ 0.0, 0.0, 1.6, 1.6 ] },
                "west": { "texture": "#4", "uv": [ 0.0, 0.0, 6.0, 1.6 ] },
                "up": { "texture": "#4", "uv": [ 0.0, 0.0, 1.6, 6.0 ] },
                "down": { "texture": "#4", "uv": [ 0.0, 0.0, 1.6, 6.0 ] }
            }
        },
        {
            "name": "Cube",
            "from": [ 6.8, 5.6, -1.0 ], 
            "to": [ 9.2, 8.0, -0.5 ], 
            "faces": {
                "north": { "texture": "#4", "uv": [ 0.0, 0.0, 2.4, 2.4 ] },
                "east": { "texture": "#4", "uv": [ 0.0, 0.0, 0.5, 2.4 ] },
                "south": { "texture": "#4", "uv": [ 0.0, 0.0, 2.4, 2.4 ] },
                "west": { "texture": "#4", "uv": [ 0.0, 0.0, -37.0, 9.0 ] },
                "up": { "texture": "#4", "uv": [ 0.0, 0.0, 2.4, 0.5 ] },
                "down": { "texture": "#4", "uv": [ 0.0, 0.0, 2.4, 0.5 ] }
            }
        },
        {
            "name": "Cube",
            "from": [ 7.0, 5.0, 0.0 ], 
            "to": [ 9.0, 6.0, 1.5 ], 
            "faces": {
                "north": { "texture": "#0", "uv": [ 9.0, 12.0, 11.0, 13.0 ] },
                "east": { "texture": "#0", "uv": [ 7.0, 8.0, 8.5, 9.0 ] },
                "south": { "texture": "#0", "uv": [ 5.0, 11.0, 7.0, 12.0 ] },
                "west": { "texture": "#0", "uv": [ 6.0, 6.0, 7.5, 7.0 ] },
                "up": { "texture": "#0", "uv": [ 5.0, 11.0, 7.0, 12.5 ] },
                "down": { "texture": "#0", "uv": [ 5.0, 11.0, 7.0, 12.5 ] }
            }
        },
        {
            "name": "Cube",
            "from": [ 7.0, 10.0, 0.2 ], 
            "to": [ 9.0, 11.5, 0.8999999999999999 ], 
            "rotation": { "origin": [ 8.0, 8.0, 8.0 ], "axis": "x", "angle": -45.0 },
            "faces": {
                "north": { "texture": "#0", "uv": [ 5.0, 10.0, 7.0, 11.5 ] },
                "east": { "texture": "#0", "uv": [ 5.0, 9.0, 5.7, 10.5 ] },
                "south": { "texture": "#0", "uv": [ 4.0, 3.0, 6.0, 4.5 ] },
                "west": { "texture": "#0", "uv": [ 2.0, 1.0, 2.7, 2.5 ] },
                "up": { "texture": "#0", "uv": [ 8.0, 5.0, 10.0, 5.7 ] },
                "down": { "texture": "#0", "uv": [ 9.0, 10.0, 11.0, 10.7 ] }
            }
        },
        {
            "name": "Cube",
            "from": [ 6.8, 6.0, 10.0 ], 
            "to": [ 9.2, 7.5, 10.5 ], 
            "faces": {
                "north": { "texture": "#4", "uv": [ 0.0, 0.0, 2.4, 1.5 ] },
                "east": { "texture": "#4", "uv": [ 0.0, 0.0, 0.5, 1.5 ] },
                "south": { "texture": "#4", "uv": [ 0.0, 0.0, 2.4, 1.5 ] },
                "west": { "texture": "#4", "uv": [ 0.0, 0.0, 0.5, 1.5 ] },
                "up": { "texture": "#4", "uv": [ 0.0, 0.0, 2.4, 0.5 ] },
                "down": { "texture": "#4", "uv": [ 0.0, 0.0, 2.4, 0.5 ] }
            }
        },
        {
            "name": "Cube",
            "from": [ 7.1, 7.0, 14.8 ], 
            "to": [ 8.9, 8.3, 15.8 ], 
            "faces": {
                "north": { "texture": "#0", "uv": [ 8.0, 8.0, 9.8, 9.3 ] },
                "east": { "texture": "#0", "uv": [ 5.0, 8.0, 6.0, 9.3 ] },
                "south": { "texture": "#0", "uv": [ 7.0, 7.0, 8.8, 8.3 ] },
                "west": { "texture": "#0", "uv": [ 8.0, 9.0, 9.0, 10.3 ] },
                "up": { "texture": "#0", "uv": [ 9.0, 9.0, 10.8, 10.0 ] },
                "down": { "texture": "#0", "uv": [ 5.0, 9.0, 6.8, 10.0 ] }
            }
        },
        {
            "name": "Cube",
            "from": [ 6.9, 7.0, 2.0 ], 
            "to": [ 9.100000000000001, 7.5, 5.0 ], 
            "faces": {
                "north": { "texture": "#5", "uv": [ 0.0, 0.0, 2.2, 0.5 ] },
                "east": { "texture": "#5", "uv": [ 0.0, 0.0, 3.0, 0.5 ] },
                "south": { "texture": "#5", "uv": [ 0.0, 0.0, 2.2, 0.5 ] },
                "west": { "texture": "#5", "uv": [ 0.0, 0.0, 3.0, 0.5 ] },
                "up": { "texture": "#5", "uv": [ 0.0, 0.0, 2.2, 3.0 ] },
                "down": { "texture": "#5", "uv": [ 0.0, 0.0, 2.2, 3.0 ] }
            }
        },
        {
            "name": "Cube",
            "from": [ 6.8, 6.0, 9.0 ], 
            "to": [ 9.2, 7.5, 9.5 ], 
            "faces": {
                "north": { "texture": "#4", "uv": [ 0.0, 0.0, 2.4, 1.5 ] },
                "east": { "texture": "#4", "uv": [ 0.0, 0.0, 0.5, 1.5 ] },
                "south": { "texture": "#4", "uv": [ 0.0, 0.0, 2.4, 1.5 ] },
                "west": { "texture": "#4", "uv": [ 0.0, 0.0, 0.5, 1.5 ] },
                "up": { "texture": "#4", "uv": [ 0.0, 0.0, 2.4, 0.5 ] },
                "down": { "texture": "#4", "uv": [ 0.0, 0.0, 2.4, 0.5 ] }
            }
        },
        {
            "name": "Cube",
            "from": [ 6.9, 5.0, 0.5 ], 
            "to": [ 9.100000000000001, 5.5, 1.0 ], 
            "faces": {
                "north": { "texture": "#6", "uv": [ 0.0, 0.0, 2.2, 0.5 ] },
                "east": { "texture": "#6", "uv": [ 0.0, 0.0, 0.5, 0.5 ] },
                "south": { "texture": "#6", "uv": [ 0.0, 0.0, 2.2, 0.5 ] },
                "west": { "texture": "#6", "uv": [ 0.0, 0.0, 0.5, 0.5 ] },
                "up": { "texture": "#6", "uv": [ 0.0, 0.0, 2.2, 0.5 ] },
                "down": { "texture": "#6", "uv": [ 0.0, 0.0, 2.2, 0.5 ] }
            }
        },
        {
            "name": "Cube",
            "from": [ 6.9, 5.0, 14.0 ], 
            "to": [ 9.100000000000001, 5.5, 14.5 ], 
            "faces": {
                "north": { "texture": "#6", "uv": [ 0.0, 0.0, 2.2, 0.5 ] },
                "east": { "texture": "#6", "uv": [ 0.0, 0.0, 0.5, 0.5 ] },
                "south": { "texture": "#6", "uv": [ 0.0, 0.0, 2.2, 0.5 ] },
                "west": { "texture": "#6", "uv": [ 0.0, 0.0, 0.5, 0.5 ] },
                "up": { "texture": "#6", "uv": [ 0.0, 0.0, 2.2, 0.5 ] },
                "down": { "texture": "#6", "uv": [ 0.0, 0.0, 2.2, 0.5 ] }
            }
        },
        {
            "name": "Cube",
            "from": [ 6.9, 2.0, 8.5 ], 
            "to": [ 9.100000000000001, 2.5, 9.0 ], 
            "faces": {
                "north": { "texture": "#6", "uv": [ 0.0, 0.0, 2.2, 0.5 ] },
                "east": { "texture": "#6", "uv": [ 0.0, 0.0, 0.5, 0.5 ] },
                "south": { "texture": "#6", "uv": [ 0.0, 0.0, 2.2, 0.5 ] },
                "west": { "texture": "#6", "uv": [ 0.0, 0.0, 0.5, 0.5 ] },
                "up": { "texture": "#6", "uv": [ 0.0, 0.0, 2.2, 0.5 ] },
                "down": { "texture": "#6", "uv": [ 0.0, 0.0, 2.2, 0.5 ] }
            }
        },
        {
            "name": "Cube",
            "from": [ 6.2, 4.5, 6.0 ], 
            "to": [ 10.0, 6.5, 8.0 ], 
            "faces": {
                "north": { "texture": "#4", "uv": [ 0.0, 0.0, 3.8, 2.0 ] },
                "east": { "texture": "#4", "uv": [ 0.0, 0.0, 2.0, 2.0 ] },
                "south": { "texture": "#4", "uv": [ 0.0, 0.0, 3.8, 2.0 ] },
                "west": { "texture": "#4", "uv": [ 0.0, 0.0, 2.0, 2.0 ] },
                "up": { "texture": "#4", "uv": [ 0.0, 0.0, 3.8, 2.0 ] },
                "down": { "texture": "#4", "uv": [ 0.0, 0.0, 3.8, 2.0 ] }
            }
        },
        {
            "name": "Cube",
            "from": [ 7.0, 8.0, 1.0 ], 
            "to": [ 9.0, 9.0, 2.0 ], 
            "faces": {
                "north": { "texture": "#2", "uv": [ 0.0, 0.0, 2.0, 1.0 ] },
                "east": { "texture": "#2", "uv": [ 0.0, 0.0, 1.0, 1.0 ] },
                "south": { "texture": "#2", "uv": [ 0.0, 0.0, 2.0, 1.0 ] },
                "west": { "texture": "#2", "uv": [ 0.0, 0.0, 1.0, 1.0 ] },
                "up": { "texture": "#2", "uv": [ 0.0, 0.0, 2.0, 1.0 ] },
                "down": { "texture": "#2", "uv": [ 0.0, 0.0, 2.0, 1.0 ] }
            }
        }
    ]
}