{
"__comment": "Designed by Darkheroz with BDcraft Cubik PRO 0.96 Beta - http://bdcraft.net",
"textures": {
    "texture": "blocks/Mei",
},
"elements": [ 
{
    "from": [ 10.5, 0.5, 6.5 ],
    "to": [ 11, 1, 8.5 ],
    "faces": {
        "down":  { "uv": [ 11, 14.5, 10.5, 13.5 ], "texture": "#texture" },
        "up":    { "uv": [ 10.5, 13.5, 11, 14.5 ], "texture": "#texture" },
        "north": { "uv": [ 10.5, 15, 11, 15.5 ], "texture": "#texture" },
        "south": { "uv": [ 10.5, 15, 11, 15.5 ], "texture": "#texture" },
        "west":  { "uv": [ 11.5, 14, 12.5, 14.5 ], "texture": "#texture" },
        "east":  { "uv": [ 11.5, 14, 12.5, 14.5 ], "texture": "#texture" }
    }
},
{
    "from": [ 11, 1, 6.5 ],
    "to": [ 11.5, 1.5, 8.5 ],
    "faces": {
        "down":  { "uv": [ 11, 14.5, 10.5, 13.5 ], "texture": "#texture" },
        "up":    { "uv": [ 10.5, 13.5, 11, 14.5 ], "texture": "#texture" },
        "north": { "uv": [ 10.5, 15, 11, 15.5 ], "texture": "#texture" },
        "south": { "uv": [ 10.5, 15, 11, 15.5 ], "texture": "#texture" },
        "west":  { "uv": [ 11.5, 14, 12.5, 14.5 ], "texture": "#texture" },
        "east":  { "uv": [ 11.5, 14, 12.5, 14.5 ], "texture": "#texture" }
    }
},
{
    "from": [ 11.5, 1.5, 6.5 ],
    "to": [ 12.5, 2, 8.5 ],
    "faces": {
        "down":  { "uv": [ 11, 14.5, 10.5, 13.5 ], "texture": "#texture" },
        "up":    { "uv": [ 10.5, 13.5, 11, 14.5 ], "texture": "#texture" },
        "north": { "uv": [ 10.5, 15, 11, 15.5 ], "texture": "#texture" },
        "south": { "uv": [ 10.5, 15, 11, 15.5 ], "texture": "#texture" },
        "west":  { "uv": [ 11.5, 14, 12.5, 14.5 ], "texture": "#texture" },
        "east":  { "uv": [ 11.5, 14, 12.5, 14.5 ], "texture": "#texture" }
    }
},
{
    "from": [ 10.5, 1.5, 6.5 ],
    "to": [ 11, 2.5, 8.5 ],
    "faces": {
        "down":  { "uv": [ 11, 14.5, 10.5, 13.5 ], "texture": "#texture" },
        "up":    { "uv": [ 10.5, 13.5, 11, 14.5 ], "texture": "#texture" },
        "north": { "uv": [ 10.5, 15, 11, 15.5 ], "texture": "#texture" },
        "south": { "uv": [ 10.5, 15, 11, 15.5 ], "texture": "#texture" },
        "west":  { "uv": [ 11.5, 14, 12.5, 14.5 ], "texture": "#texture" },
        "east":  { "uv": [ 11.5, 14, 12.5, 14.5 ], "texture": "#texture" }
    }
},
{
    "from": [ 10, 2.5, 6.5 ],
    "to": [ 10.5, 3.5, 8.5 ],
    "faces": {
        "down":  { "uv": [ 11, 14.5, 10.5, 13.5 ], "texture": "#texture" },
        "up":    { "uv": [ 10.5, 13.5, 11, 14.5 ], "texture": "#texture" },
        "north": { "uv": [ 10.5, 15, 11, 15.5 ], "texture": "#texture" },
        "south": { "uv": [ 10.5, 15, 11, 15.5 ], "texture": "#texture" },
        "west":  { "uv": [ 11.5, 14, 12.5, 14.5 ], "texture": "#texture" },
        "east":  { "uv": [ 11.5, 14, 12.5, 14.5 ], "texture": "#texture" }
    }
},
{
    "from": [ 10.5, 2.5, 6.5 ],
    "to": [ 11.5, 4, 8.5 ],
    "faces": {
        "down":  { "uv": [ 11.5, 13, 10.5, 12 ], "texture": "#texture" },
        "up":    { "uv": [ 10.5, 12, 11.5, 13 ], "texture": "#texture" },
        "north": { "uv": [ 10.5, 12, 11.5, 13.5 ], "texture": "#texture" },
        "south": { "uv": [ 10.5, 12, 11.5, 13.5 ], "texture": "#texture" },
        "west":  { "uv": [ 10.5, 12, 11.5, 13.5 ], "texture": "#texture" },
        "east":  { "uv": [ 10.5, 12, 11.5, 13.5 ], "texture": "#texture" }
    }
},
{
    "from": [ 11, 2, 6.5 ],
    "to": [ 13, 2.5, 8.5 ],
    "faces": {
        "down":  { "uv": [ 13, 14, 11, 13.5 ], "texture": "#texture" },
        "up":    { "uv": [ 11, 13.5, 13, 14 ], "texture": "#texture" },
        "north": { "uv": [ 11, 13.5, 13, 14 ], "texture": "#texture" },
        "south": { "uv": [ 11, 13.5, 13, 14 ], "texture": "#texture" },
        "west":  { "uv": [ 11, 13.5, 12, 14 ], "texture": "#texture" },
        "east":  { "uv": [ 12, 13.5, 13, 14 ], "texture": "#texture" }
    }
},
{
    "from": [ 11, 1.5, 6.5 ],
    "to": [ 11.5, 2, 8.5 ],
    "faces": {
        "down":  { "uv": [ 11.5, 14.5, 11, 13.5 ], "texture": "#texture" },
        "up":    { "uv": [ 11, 13.5, 11.5, 14.5 ], "texture": "#texture" },
        "north": { "uv": [ 11, 14, 11.5, 14.5 ], "texture": "#texture" },
        "south": { "uv": [ 11, 14, 11.5, 14.5 ], "texture": "#texture" },
        "west":  { "uv": [ 11, 13.5, 12, 14 ], "texture": "#texture" },
        "east":  { "uv": [ 10.5, 13, 11.5, 13.5 ], "texture": "#texture" }
    }
},
{
    "from": [ 11.5, 2.5, 6.5 ],
    "to": [ 13.5, 3, 8.5 ],
    "faces": {
        "down":  { "uv": [ 14, 13.5, 11.5, 13 ], "texture": "#texture" },
        "up":    { "uv": [ 11.5, 13, 14, 13.5 ], "texture": "#texture" },
        "north": { "uv": [ 11.5, 13, 14, 13.5 ], "texture": "#texture" },
        "south": { "uv": [ 11.5, 13, 14, 13.5 ], "texture": "#texture" },
        "west":  { "uv": [ 11.5, 13, 12.5, 13.5 ], "texture": "#texture" },
        "east":  { "uv": [ 13, 13, 14, 13.5 ], "texture": "#texture" }
    }
},
{
    "from": [ 13.5, 3, 6.5 ],
    "to": [ 15.5, 3.5, 8.5 ],
    "faces": {
        "down":  { "uv": [ 15.5, 13, 14, 12 ], "texture": "#texture" },
        "up":    { "uv": [ 14, 12, 15.5, 13 ], "texture": "#texture" },
        "north": { "uv": [ 13.5, 12.5, 15.5, 13 ], "texture": "#texture" },
        "south": { "uv": [ 13.5, 12.5, 15.5, 13 ], "texture": "#texture" },
        "west":  { "uv": [ 13, 13, 14, 13.5 ], "texture": "#texture" },
        "east":  { "uv": [ 12.5, 13, 13.5, 13.5 ], "texture": "#texture" }
    }
},
{
    "from": [ 15, 2.5, 6.5 ],
    "to": [ 15.5, 3, 8.5 ],
    "faces": {
        "down":  { "uv": [ 1, 16, 0.5, 15 ], "texture": "#texture" },
        "up":    { "uv": [ 1, 13, 1.5, 14 ], "texture": "#texture" },
        "north": { "uv": [ 0.5, 13, 1, 13.5 ], "texture": "#texture" },
        "south": { "uv": [ 15, 13, 15.5, 13.5 ], "texture": "#texture" },
        "west":  { "uv": [ 0, 15, 1, 15.5 ], "texture": "#texture" },
        "east":  { "uv": [ 0.5, 15, 1.5, 15.5 ], "texture": "#texture" }
    }
},
{
    "from": [ 14, 3.5, 6.5 ],
    "to": [ 15.5, 4.5, 8.5 ],
    "faces": {
        "down":  { "uv": [ 1.5, 16, 0, 15 ], "texture": "#texture" },
        "up":    { "uv": [ 0, 15, 1.5, 16 ], "texture": "#texture" },
        "north": { "uv": [ 0, 14.5, 1.5, 15.5 ], "texture": "#texture" },
        "south": { "uv": [ 14, 11.5, 15.5, 12.5 ], "texture": "#texture" },
        "west":  { "uv": [ 0, 15, 1, 16 ], "texture": "#texture" },
        "east":  { "uv": [ 0.5, 13.5, 1.5, 14.5 ], "texture": "#texture" }
    }
},
{
    "from": [ 13.5, 4.5, 6.5 ],
    "to": [ 15, 5.5, 8.5 ],
    "faces": {
        "down":  { "uv": [ 1.5, 16, 0, 15 ], "texture": "#texture" },
        "up":    { "uv": [ 0, 15, 1.5, 16 ], "texture": "#texture" },
        "north": { "uv": [ 0, 14.5, 1.5, 15.5 ], "texture": "#texture" },
        "south": { "uv": [ 14, 11.5, 15.5, 12.5 ], "texture": "#texture" },
        "west":  { "uv": [ 0, 15, 1, 16 ], "texture": "#texture" },
        "east":  { "uv": [ 0.5, 13.5, 1.5, 14.5 ], "texture": "#texture" }
    }
},
{
    "from": [ 13, 5.5, 6.5 ],
    "to": [ 14.5, 6.5, 8.5 ],
    "faces": {
        "down":  { "uv": [ 1.5, 16, 0, 15 ], "texture": "#texture" },
        "up":    { "uv": [ 0, 15, 1.5, 16 ], "texture": "#texture" },
        "north": { "uv": [ 0, 14.5, 1.5, 15.5 ], "texture": "#texture" },
        "south": { "uv": [ 14, 11.5, 15.5, 12.5 ], "texture": "#texture" },
        "west":  { "uv": [ 0, 15, 1, 16 ], "texture": "#texture" },
        "east":  { "uv": [ 0.5, 13.5, 1.5, 14.5 ], "texture": "#texture" }
    }
},
{
    "from": [ 12.5, 6.5, 6.5 ],
    "to": [ 14, 7.5, 8.5 ],
    "faces": {
        "down":  { "uv": [ 1.5, 16, 0, 15 ], "texture": "#texture" },
        "up":    { "uv": [ 0, 15, 1.5, 16 ], "texture": "#texture" },
        "north": { "uv": [ 0, 14.5, 1.5, 15.5 ], "texture": "#texture" },
        "south": { "uv": [ 14, 11.5, 15.5, 12.5 ], "texture": "#texture" },
        "west":  { "uv": [ 0, 15, 1, 16 ], "texture": "#texture" },
        "east":  { "uv": [ 0.5, 13.5, 1.5, 14.5 ], "texture": "#texture" }
    }
},
{
    "from": [ 12, 7, 6.5 ],
    "to": [ 12.5, 7.5, 8.5 ],
    "faces": {
        "down":  { "uv": [ 1, 16, 0.5, 15 ], "texture": "#texture" },
        "up":    { "uv": [ 1, 13, 1.5, 14 ], "texture": "#texture" },
        "north": { "uv": [ 0.5, 13, 1, 13.5 ], "texture": "#texture" },
        "south": { "uv": [ 15, 13, 15.5, 13.5 ], "texture": "#texture" },
        "west":  { "uv": [ 0, 15, 1, 15.5 ], "texture": "#texture" },
        "east":  { "uv": [ 0.5, 15, 1.5, 15.5 ], "texture": "#texture" }
    }
},
{
    "from": [ 12.5, 7.5, 6.5 ],
    "to": [ 13.5, 8.5, 8.5 ],
    "faces": {
        "down":  { "uv": [ 1.5, 16, 0, 15 ], "texture": "#texture" },
        "up":    { "uv": [ 0, 15, 1.5, 16 ], "texture": "#texture" },
        "north": { "uv": [ 0, 14.5, 1.5, 15.5 ], "texture": "#texture" },
        "south": { "uv": [ 14, 11.5, 15.5, 12.5 ], "texture": "#texture" },
        "west":  { "uv": [ 0, 15, 1, 16 ], "texture": "#texture" },
        "east":  { "uv": [ 0.5, 13.5, 1.5, 14.5 ], "texture": "#texture" }
    }
},
{
    "from": [ 13.5, 8, 6.5 ],
    "to": [ 14, 8.5, 8.5 ],
    "faces": {
        "down":  { "uv": [ 1, 16, 0.5, 15 ], "texture": "#texture" },
        "up":    { "uv": [ 1, 13, 1.5, 14 ], "texture": "#texture" },
        "north": { "uv": [ 0.5, 13, 1, 13.5 ], "texture": "#texture" },
        "south": { "uv": [ 15, 13, 15.5, 13.5 ], "texture": "#texture" },
        "west":  { "uv": [ 0, 15, 1, 15.5 ], "texture": "#texture" },
        "east":  { "uv": [ 0.5, 15, 1.5, 15.5 ], "texture": "#texture" }
    }
},
{
    "from": [ 10, 7.5, 7 ],
    "to": [ 14, 9.5, 8 ],
    "faces": {
        "down":  { "uv": [ 14, 8.5, 10, 8 ], "texture": "#texture" },
        "up":    { "uv": [ 10, 6.5, 14, 7 ], "texture": "#texture" },
        "north": { "uv": [ 10, 6.5, 14, 8.5 ], "texture": "#texture" },
        "south": { "uv": [ 10, 6.5, 14, 8.5 ], "texture": "#texture" },
        "west":  { "uv": [ 10, 6.5, 10.5, 8.5 ], "texture": "#texture" },
        "east":  { "uv": [ 13.5, 6.5, 14, 8.5 ], "texture": "#texture" }
    }
},
{
    "from": [ 14, 7.5, 7 ],
    "to": [ 14.5, 10, 8 ],
    "faces": {
        "down":  { "uv": [ 14.5, 8.5, 14, 8 ], "texture": "#texture" },
        "up":    { "uv": [ 14, 6, 14.5, 7 ], "texture": "#texture" },
        "north": { "uv": [ 14, 6, 14.5, 8.5 ], "texture": "#texture" },
        "south": { "uv": [ 14, 6, 14.5, 8.5 ], "texture": "#texture" },
        "west":  { "uv": [ 14, 6, 14.5, 8.5 ], "texture": "#texture" },
        "east":  { "uv": [ 14, 6, 14.5, 8.5 ], "texture": "#texture" }
    }
},
{
    "from": [ 14.5, 8, 7 ],
    "to": [ 15, 10, 8 ],
    "faces": {
        "down":  { "uv": [ 15, 7, 14.5, 6 ], "texture": "#texture" },
        "up":    { "uv": [ 14.5, 6, 15, 6.5 ], "texture": "#texture" },
        "north": { "uv": [ 14.5, 6, 15, 8 ], "texture": "#texture" },
        "south": { "uv": [ 14.5, 6, 15, 8 ], "texture": "#texture" },
        "west":  { "uv": [ 14.5, 6, 15, 8 ], "texture": "#texture" },
        "east":  { "uv": [ 14.5, 6, 15, 8 ], "texture": "#texture" }
    }
},
{
    "from": [ 10, 9.5, 7 ],
    "to": [ 13, 10, 8 ],
    "faces": {
        "down":  { "uv": [ 13, 6.5, 10, 6 ], "texture": "#texture" },
        "up":    { "uv": [ 10, 6, 13, 6.5 ], "texture": "#texture" },
        "north": { "uv": [ 10, 6, 13, 6.5 ], "texture": "#texture" },
        "south": { "uv": [ 10, 6, 13, 6.5 ], "texture": "#texture" },
        "west":  { "uv": [ 10, 6, 10.5, 6.5 ], "texture": "#texture" },
        "east":  { "uv": [ 12.5, 6, 13, 6.5 ], "texture": "#texture" }
    }
},
{
    "from": [ 11, 10, 7 ],
    "to": [ 11.5, 10.5, 8 ],
    "faces": {
        "down":  { "uv": [ 11.5, 6.5, 11, 5.5 ], "texture": "#texture" },
        "up":    { "uv": [ 11, 5.5, 11.5, 6.5 ], "texture": "#texture" },
        "north": { "uv": [ 11, 5.5, 11.5, 6 ], "texture": "#texture" },
        "south": { "uv": [ 11, 5.5, 11.5, 6 ], "texture": "#texture" },
        "west":  { "uv": [ 11.5, 7, 12.5, 7.5 ], "texture": "#texture" },
        "east":  { "uv": [ 11.5, 6.5, 12.5, 7 ], "texture": "#texture" }
    }
},
{
    "from": [ 10, 10, 7 ],
    "to": [ 10.5, 11, 8 ],
    "faces": {
        "down":  { "uv": [ 11.5, 6.5, 11, 5.5 ], "texture": "#texture" },
        "up":    { "uv": [ 11, 5.5, 11.5, 6.5 ], "texture": "#texture" },
        "north": { "uv": [ 11, 5.5, 11.5, 6 ], "texture": "#texture" },
        "south": { "uv": [ 11, 5.5, 11.5, 6 ], "texture": "#texture" },
        "west":  { "uv": [ 11.5, 7, 12.5, 7.5 ], "texture": "#texture" },
        "east":  { "uv": [ 11.5, 6.5, 12.5, 7 ], "texture": "#texture" }
    }
},
{
    "from": [ 8.5, 10.5, 7 ],
    "to": [ 10, 11, 8 ],
    "faces": {
        "down":  { "uv": [ 11.5, 6.5, 11, 5.5 ], "texture": "#texture" },
        "up":    { "uv": [ 11, 5.5, 11.5, 6.5 ], "texture": "#texture" },
        "north": { "uv": [ 11, 5.5, 11.5, 6 ], "texture": "#texture" },
        "south": { "uv": [ 11, 5.5, 11.5, 6 ], "texture": "#texture" },
        "west":  { "uv": [ 11.5, 7, 12.5, 7.5 ], "texture": "#texture" },
        "east":  { "uv": [ 11.5, 6.5, 12.5, 7 ], "texture": "#texture" }
    }
},
{
    "from": [ 9.5, 11, 7 ],
    "to": [ 10, 11.5, 8 ],
    "faces": {
        "down":  { "uv": [ 11.5, 6.5, 11, 5.5 ], "texture": "#texture" },
        "up":    { "uv": [ 11, 5.5, 11.5, 6.5 ], "texture": "#texture" },
        "north": { "uv": [ 11, 5.5, 11.5, 6 ], "texture": "#texture" },
        "south": { "uv": [ 11, 5.5, 11.5, 6 ], "texture": "#texture" },
        "west":  { "uv": [ 11.5, 7, 12.5, 7.5 ], "texture": "#texture" },
        "east":  { "uv": [ 11.5, 6.5, 12.5, 7 ], "texture": "#texture" }
    }
},
{
    "from": [ 8, 10, 7 ],
    "to": [ 9, 10.5, 8 ],
    "faces": {
        "down":  { "uv": [ 11.5, 6.5, 11, 5.5 ], "texture": "#texture" },
        "up":    { "uv": [ 11, 5.5, 11.5, 6.5 ], "texture": "#texture" },
        "north": { "uv": [ 11, 5.5, 11.5, 6 ], "texture": "#texture" },
        "south": { "uv": [ 11, 5.5, 11.5, 6 ], "texture": "#texture" },
        "west":  { "uv": [ 11.5, 7, 12.5, 7.5 ], "texture": "#texture" },
        "east":  { "uv": [ 11.5, 6.5, 12.5, 7 ], "texture": "#texture" }
    }
},
{
    "from": [ 9.5, 3.5, 6.5 ],
    "to": [ 10, 4.5, 8.5 ],
    "faces": {
        "down":  { "uv": [ 1.5, 14, 1, 13 ], "texture": "#texture" },
        "up":    { "uv": [ 0, 13.5, 0.5, 14.5 ], "texture": "#texture" },
        "north": { "uv": [ 9.5, 11.5, 10, 12.5 ], "texture": "#texture" },
        "south": { "uv": [ 9.5, 11.5, 10, 12.5 ], "texture": "#texture" },
        "west":  { "uv": [ 1, 14, 2, 15 ], "texture": "#texture" },
        "east":  { "uv": [ 0, 14.5, 1, 15.5 ], "texture": "#texture" }
    }
},
{
    "from": [ 10, 3.5, 6.5 ],
    "to": [ 10.5, 4, 8.5 ],
    "faces": {
        "down":  { "uv": [ 1.5, 14, 1, 13 ], "texture": "#texture" },
        "up":    { "uv": [ 0, 13.5, 0.5, 14.5 ], "texture": "#texture" },
        "north": { "uv": [ 9.5, 11.5, 10, 12.5 ], "texture": "#texture" },
        "south": { "uv": [ 9.5, 11.5, 10, 12.5 ], "texture": "#texture" },
        "west":  { "uv": [ 1, 14, 2, 15 ], "texture": "#texture" },
        "east":  { "uv": [ 0, 14.5, 1, 15.5 ], "texture": "#texture" }
    }
},
{
    "from": [ 9, 4.5, 6.5 ],
    "to": [ 9.5, 5.5, 8.5 ],
    "faces": {
        "down":  { "uv": [ 1.5, 14, 1, 13 ], "texture": "#texture" },
        "up":    { "uv": [ 0, 13.5, 0.5, 14.5 ], "texture": "#texture" },
        "north": { "uv": [ 9.5, 11.5, 10, 12.5 ], "texture": "#texture" },
        "south": { "uv": [ 9.5, 11.5, 10, 12.5 ], "texture": "#texture" },
        "west":  { "uv": [ 1, 14, 2, 15 ], "texture": "#texture" },
        "east":  { "uv": [ 0, 14.5, 1, 15.5 ], "texture": "#texture" }
    }
},
{
    "from": [ 8.5, 5.5, 6.5 ],
    "to": [ 9, 6, 8.5 ],
    "faces": {
        "down":  { "uv": [ 1.5, 14, 1, 13 ], "texture": "#texture" },
        "up":    { "uv": [ 0, 13.5, 0.5, 14.5 ], "texture": "#texture" },
        "north": { "uv": [ 9.5, 11.5, 10, 12.5 ], "texture": "#texture" },
        "south": { "uv": [ 9.5, 11.5, 10, 12.5 ], "texture": "#texture" },
        "west":  { "uv": [ 1, 14, 2, 15 ], "texture": "#texture" },
        "east":  { "uv": [ 0, 14.5, 1, 15.5 ], "texture": "#texture" }
    }
},
{
    "from": [ 8, 6, 6.5 ],
    "to": [ 9.5, 6.5, 8.5 ],
    "faces": {
        "down":  { "uv": [ 1.5, 14, 1, 13 ], "texture": "#texture" },
        "up":    { "uv": [ 0, 13.5, 0.5, 14.5 ], "texture": "#texture" },
        "north": { "uv": [ 9.5, 11.5, 10, 12.5 ], "texture": "#texture" },
        "south": { "uv": [ 9.5, 11.5, 10, 12.5 ], "texture": "#texture" },
        "west":  { "uv": [ 1, 14, 2, 15 ], "texture": "#texture" },
        "east":  { "uv": [ 0, 14.5, 1, 15.5 ], "texture": "#texture" }
    }
},
{
    "from": [ 2.5, 6.5, 6.5 ],
    "to": [ 10.5, 7, 8.5 ],
    "faces": {
        "down":  { "uv": [ 1.5, 14, 1, 13 ], "texture": "#texture" },
        "up":    { "uv": [ 0, 13.5, 0.5, 14.5 ], "texture": "#texture" },
        "north": { "uv": [ 9.5, 11.5, 10, 12.5 ], "texture": "#texture" },
        "south": { "uv": [ 9.5, 11.5, 10, 12.5 ], "texture": "#texture" },
        "west":  { "uv": [ 1, 14, 2, 15 ], "texture": "#texture" },
        "east":  { "uv": [ 0, 14.5, 1, 15.5 ], "texture": "#texture" }
    }
},
{
    "from": [ 2.5, 6, 6.5 ],
    "to": [ 3, 8, 8.5 ],
    "faces": {
        "down":  { "uv": [ 1.5, 14, 1, 13 ], "texture": "#texture" },
        "up":    { "uv": [ 0, 13.5, 0.5, 14.5 ], "texture": "#texture" },
        "north": { "uv": [ 9.5, 11.5, 10, 12.5 ], "texture": "#texture" },
        "south": { "uv": [ 9.5, 11.5, 10, 12.5 ], "texture": "#texture" },
        "west":  { "uv": [ 1, 14, 2, 15 ], "texture": "#texture" },
        "east":  { "uv": [ 0, 14.5, 1, 15.5 ], "texture": "#texture" }
    }
},
{
    "from": [ 3.5, 6, 6.5 ],
    "to": [ 4, 8, 8.5 ],
    "faces": {
        "down":  { "uv": [ 1.5, 14, 1, 13 ], "texture": "#texture" },
        "up":    { "uv": [ 0, 13.5, 0.5, 14.5 ], "texture": "#texture" },
        "north": { "uv": [ 9.5, 11.5, 10, 12.5 ], "texture": "#texture" },
        "south": { "uv": [ 9.5, 11.5, 10, 12.5 ], "texture": "#texture" },
        "west":  { "uv": [ 1, 14, 2, 15 ], "texture": "#texture" },
        "east":  { "uv": [ 0, 14.5, 1, 15.5 ], "texture": "#texture" }
    }
},
{
    "from": [ 8.5, 7, 6.5 ],
    "to": [ 11, 7.5, 8.5 ],
    "faces": {
        "down":  { "uv": [ 1.5, 14, 1, 13 ], "texture": "#texture" },
        "up":    { "uv": [ 0, 13.5, 0.5, 14.5 ], "texture": "#texture" },
        "north": { "uv": [ 9.5, 11.5, 10, 12.5 ], "texture": "#texture" },
        "south": { "uv": [ 9.5, 11.5, 10, 12.5 ], "texture": "#texture" },
        "west":  { "uv": [ 1, 14, 2, 15 ], "texture": "#texture" },
        "east":  { "uv": [ 0, 14.5, 1, 15.5 ], "texture": "#texture" }
    }
},
{
    "from": [ 10, 7.5, 6.5 ],
    "to": [ 11, 8.5, 8.5 ],
    "faces": {
        "down":  { "uv": [ 1.5, 14, 1, 13 ], "texture": "#texture" },
        "up":    { "uv": [ 0, 13.5, 0.5, 14.5 ], "texture": "#texture" },
        "north": { "uv": [ 9.5, 11.5, 10, 12.5 ], "texture": "#texture" },
        "south": { "uv": [ 9.5, 11.5, 10, 12.5 ], "texture": "#texture" },
        "west":  { "uv": [ 1, 14, 2, 15 ], "texture": "#texture" },
        "east":  { "uv": [ 0, 14.5, 1, 15.5 ], "texture": "#texture" }
    }
},
{
    "from": [ 8, 8, 6.5 ],
    "to": [ 10, 8.5, 8.5 ],
    "faces": {
        "down":  { "uv": [ 1.5, 14, 1, 13 ], "texture": "#texture" },
        "up":    { "uv": [ 0, 13.5, 0.5, 14.5 ], "texture": "#texture" },
        "north": { "uv": [ 9.5, 11.5, 10, 12.5 ], "texture": "#texture" },
        "south": { "uv": [ 9.5, 11.5, 10, 12.5 ], "texture": "#texture" },
        "west":  { "uv": [ 1, 14, 2, 15 ], "texture": "#texture" },
        "east":  { "uv": [ 0, 14.5, 1, 15.5 ], "texture": "#texture" }
    }
},
{
    "from": [ 7, 7.5, 6.5 ],
    "to": [ 8, 8, 8.5 ],
    "faces": {
        "down":  { "uv": [ 1.5, 14, 1, 13 ], "texture": "#texture" },
        "up":    { "uv": [ 0, 13.5, 0.5, 14.5 ], "texture": "#texture" },
        "north": { "uv": [ 9.5, 11.5, 10, 12.5 ], "texture": "#texture" },
        "south": { "uv": [ 9.5, 11.5, 10, 12.5 ], "texture": "#texture" },
        "west":  { "uv": [ 1, 14, 2, 15 ], "texture": "#texture" },
        "east":  { "uv": [ 0, 14.5, 1, 15.5 ], "texture": "#texture" }
    }
},
{
    "from": [ 6.5, 8, 6.5 ],
    "to": [ 7, 8.5, 8.5 ],
    "faces": {
        "down":  { "uv": [ 1.5, 14, 1, 13 ], "texture": "#texture" },
        "up":    { "uv": [ 0, 13.5, 0.5, 14.5 ], "texture": "#texture" },
        "north": { "uv": [ 9.5, 11.5, 10, 12.5 ], "texture": "#texture" },
        "south": { "uv": [ 9.5, 11.5, 10, 12.5 ], "texture": "#texture" },
        "west":  { "uv": [ 1, 14, 2, 15 ], "texture": "#texture" },
        "east":  { "uv": [ 0, 14.5, 1, 15.5 ], "texture": "#texture" }
    }
},
{
    "from": [ 5, 7.5, 6.5 ],
    "to": [ 6.5, 8, 8.5 ],
    "faces": {
        "down":  { "uv": [ 1.5, 14, 1, 13 ], "texture": "#texture" },
        "up":    { "uv": [ 0, 13.5, 0.5, 14.5 ], "texture": "#texture" },
        "north": { "uv": [ 9.5, 11.5, 10, 12.5 ], "texture": "#texture" },
        "south": { "uv": [ 9.5, 11.5, 10, 12.5 ], "texture": "#texture" },
        "west":  { "uv": [ 1, 14, 2, 15 ], "texture": "#texture" },
        "east":  { "uv": [ 0, 14.5, 1, 15.5 ], "texture": "#texture" }
    }
},
{
    "from": [ 4, 8, 6.5 ],
    "to": [ 5, 8.5, 8.5 ],
    "faces": {
        "down":  { "uv": [ 1.5, 14, 1, 13 ], "texture": "#texture" },
        "up":    { "uv": [ 0, 13.5, 0.5, 14.5 ], "texture": "#texture" },
        "north": { "uv": [ 9.5, 11.5, 10, 12.5 ], "texture": "#texture" },
        "south": { "uv": [ 9.5, 11.5, 10, 12.5 ], "texture": "#texture" },
        "west":  { "uv": [ 1, 14, 2, 15 ], "texture": "#texture" },
        "east":  { "uv": [ 0, 14.5, 1, 15.5 ], "texture": "#texture" }
    }
},
{
    "from": [ 1.5, 7, 6.5 ],
    "to": [ 2.5, 7.5, 8.5 ],
    "faces": {
        "down":  { "uv": [ 1.5, 14, 1, 13 ], "texture": "#texture" },
        "up":    { "uv": [ 0, 13.5, 0.5, 14.5 ], "texture": "#texture" },
        "north": { "uv": [ 9.5, 11.5, 10, 12.5 ], "texture": "#texture" },
        "south": { "uv": [ 9.5, 11.5, 10, 12.5 ], "texture": "#texture" },
        "west":  { "uv": [ 1, 14, 2, 15 ], "texture": "#texture" },
        "east":  { "uv": [ 0, 14.5, 1, 15.5 ], "texture": "#texture" }
    }
},
{
    "from": [ 9.5, 4.5, 6.5 ],
    "to": [ 10.5, 6.5, 8.5 ],
    "faces": {
        "down":  { "uv": [ 10.5, 10.5, 9.5, 9.5 ], "texture": "#texture" },
        "up":    { "uv": [ 9.5, 9.5, 10.5, 10.5 ], "texture": "#texture" },
        "north": { "uv": [ 9.5, 9.5, 10.5, 10.5 ], "texture": "#texture" },
        "south": { "uv": [ 9.5, 9.5, 10.5, 10.5 ], "texture": "#texture" },
        "west":  { "uv": [ 9.5, 9.5, 10.5, 10.5 ], "texture": "#texture" },
        "east":  { "uv": [ 9.5, 9.5, 10.5, 10.5 ], "texture": "#texture" }
    }
},
{
    "from": [ 9, 5.5, 6.5 ],
    "to": [ 9.5, 6, 8.5 ],
    "faces": {
        "down":  { "uv": [ 11.5, 14.5, 11, 13.5 ], "texture": "#texture" },
        "up":    { "uv": [ 11, 13.5, 11.5, 14.5 ], "texture": "#texture" },
        "north": { "uv": [ 11, 14, 11.5, 14.5 ], "texture": "#texture" },
        "south": { "uv": [ 11, 14, 11.5, 14.5 ], "texture": "#texture" },
        "west":  { "uv": [ 11, 13.5, 12, 14 ], "texture": "#texture" },
        "east":  { "uv": [ 10.5, 13, 11.5, 13.5 ], "texture": "#texture" }
    }
},
{
    "from": [ 10.5, 4, 6.5 ],
    "to": [ 11, 6, 8.5 ],
    "faces": {
        "down":  { "uv": [ 11.5, 8, 11, 6 ], "texture": "#texture" },
        "up":    { "uv": [ 11.5, 6.5, 12, 8.5 ], "texture": "#texture" },
        "north": { "uv": [ 10.5, 10, 11, 11 ], "texture": "#texture" },
        "south": { "uv": [ 10.5, 10, 11, 11 ], "texture": "#texture" },
        "west":  { "uv": [ 11, 6, 12.5, 8 ], "texture": "#texture" },
        "east":  { "uv": [ 11, 6, 12.5, 7.5 ], "texture": "#texture" }
    }
},
{
    "from": [ 10, 4, 6.5 ],
    "to": [ 10.5, 4.5, 8.5 ],
    "faces": {
        "down":  { "uv": [ 11.5, 14.5, 11, 13.5 ], "texture": "#texture" },
        "up":    { "uv": [ 11, 13.5, 11.5, 14.5 ], "texture": "#texture" },
        "north": { "uv": [ 11, 14, 11.5, 14.5 ], "texture": "#texture" },
        "south": { "uv": [ 11, 14, 11.5, 14.5 ], "texture": "#texture" },
        "west":  { "uv": [ 11, 13.5, 12, 14 ], "texture": "#texture" },
        "east":  { "uv": [ 10.5, 13, 11.5, 13.5 ], "texture": "#texture" }
    }
},
{
    "from": [ 11.5, 3, 6.5 ],
    "to": [ 12, 4, 8.5 ],
    "faces": {
        "down":  { "uv": [ 12, 13, 11.5, 12 ], "texture": "#texture" },
        "up":    { "uv": [ 11.5, 12, 12, 13 ], "texture": "#texture" },
        "north": { "uv": [ 11.5, 12.5, 12, 13 ], "texture": "#texture" },
        "south": { "uv": [ 11.5, 12, 12, 12.5 ], "texture": "#texture" },
        "west":  { "uv": [ 11.5, 12, 12, 13 ], "texture": "#texture" },
        "east":  { "uv": [ 11.5, 12, 12, 13 ], "texture": "#texture" }
    }
},
{
    "from": [ 11, 4, 6.5 ],
    "to": [ 11.5, 5, 8.5 ],
    "faces": {
        "down":  { "uv": [ 11.5, 8, 11, 6 ], "texture": "#texture" },
        "up":    { "uv": [ 11.5, 6.5, 12, 8.5 ], "texture": "#texture" },
        "north": { "uv": [ 10.5, 10, 11, 11 ], "texture": "#texture" },
        "south": { "uv": [ 10.5, 10, 11, 11 ], "texture": "#texture" },
        "west":  { "uv": [ 11, 6, 12.5, 8 ], "texture": "#texture" },
        "east":  { "uv": [ 11, 6, 12.5, 7.5 ], "texture": "#texture" }
    }
},
{
    "from": [ 3, 7, 7 ],
    "to": [ 8.5, 7.5, 8 ],
    "faces": {
        "down":  { "uv": [ 7, 9, 4, 8.5 ], "texture": "#texture" },
        "up":    { "uv": [ 4, 8.5, 8.5, 9 ], "texture": "#texture" },
        "north": { "uv": [ 4, 8.5, 8.5, 9 ], "texture": "#texture" },
        "south": { "uv": [ 4, 8.5, 8, 9 ], "texture": "#texture" },
        "west":  { "uv": [ 4, 8.5, 5, 9 ], "texture": "#texture" },
        "east":  { "uv": [ 6.5, 8.5, 7.5, 9 ], "texture": "#texture" }
    }
},
{
    "from": [ 4, 7.5, 7 ],
    "to": [ 5, 8, 8 ],
    "faces": {
        "down":  { "uv": [ 7, 9, 4, 8.5 ], "texture": "#texture" },
        "up":    { "uv": [ 4, 8.5, 8.5, 9 ], "texture": "#texture" },
        "north": { "uv": [ 4, 8.5, 8.5, 9 ], "texture": "#texture" },
        "south": { "uv": [ 4, 8.5, 8, 9 ], "texture": "#texture" },
        "west":  { "uv": [ 4, 8.5, 5, 9 ], "texture": "#texture" },
        "east":  { "uv": [ 6.5, 8.5, 7.5, 9 ], "texture": "#texture" }
    }
},
{
    "from": [ 8, 7.5, 7 ],
    "to": [ 10, 8, 8 ],
    "faces": {
        "down":  { "uv": [ 7, 9, 4, 8.5 ], "texture": "#texture" },
        "up":    { "uv": [ 4, 8.5, 8.5, 9 ], "texture": "#texture" },
        "north": { "uv": [ 4, 8.5, 8.5, 9 ], "texture": "#texture" },
        "south": { "uv": [ 4, 8.5, 8, 9 ], "texture": "#texture" },
        "west":  { "uv": [ 4, 8.5, 5, 9 ], "texture": "#texture" },
        "east":  { "uv": [ 6.5, 8.5, 7.5, 9 ], "texture": "#texture" }
    }
},
{
    "from": [ 6.5, 7.5, 7 ],
    "to": [ 7, 8, 8 ],
    "faces": {
        "down":  { "uv": [ 7, 9, 4, 8.5 ], "texture": "#texture" },
        "up":    { "uv": [ 4, 8.5, 8.5, 9 ], "texture": "#texture" },
        "north": { "uv": [ 4, 8.5, 8.5, 9 ], "texture": "#texture" },
        "south": { "uv": [ 4, 8.5, 8, 9 ], "texture": "#texture" },
        "west":  { "uv": [ 4, 8.5, 5, 9 ], "texture": "#texture" },
        "east":  { "uv": [ 6.5, 8.5, 7.5, 9 ], "texture": "#texture" }
    }
},
{
    "from": [ 8, 8.5, 6.5 ],
    "to": [ 10, 10, 8.5 ],
    "faces": {
        "down":  { "uv": [ 10, 7.5, 8, 6 ], "texture": "#texture" },
        "up":    { "uv": [ 8, 6, 10, 7.5 ], "texture": "#texture" },
        "north": { "uv": [ 8, 6, 10, 7.5 ], "texture": "#texture" },
        "south": { "uv": [ 8, 6, 10, 7.5 ], "texture": "#texture" },
        "west":  { "uv": [ 8, 6, 10, 7.5 ], "texture": "#texture" },
        "east":  { "uv": [ 8, 6, 10, 7.5 ], "texture": "#texture" }
    }
},
{
    "from": [ 9, 10, 6.5 ],
    "to": [ 10, 10.5, 8.5 ],
    "faces": {
        "down":  { "uv": [ 10, 6.5, 9, 5.5 ], "texture": "#texture" },
        "up":    { "uv": [ 9, 5.5, 10, 6 ], "texture": "#texture" },
        "north": { "uv": [ 9, 6, 10, 5.5 ], "texture": "#texture" },
        "south": { "uv": [ 9, 5.5, 10, 6 ], "texture": "#texture" },
        "west":  { "uv": [ 9, 5.5, 10, 6 ], "texture": "#texture" },
        "east":  { "uv": [ 9, 5.5, 10, 6 ], "texture": "#texture" }
    }
},
{
    "from": [ 2.5, 8.5, 6.5 ],
    "to": [ 8, 10.5, 8.5 ],
    "faces": {
        "down":  { "uv": [ 8, 6, 2.5, 5.5 ], "texture": "#texture" },
        "up":    { "uv": [ 2.5, 5.5, 8, 6 ], "texture": "#texture" },
        "north": { "uv": [ 2.5, 5.5, 8, 7.5 ], "texture": "#texture" },
        "south": { "uv": [ 2.5, 5.5, 8, 7.5 ], "texture": "#texture" },
        "west":  { "uv": [ 2.5, 5.5, 4.5, 7.5 ], "texture": "#texture" },
        "east":  { "uv": [ 2.5, 5.5, 4.5, 7.5 ], "texture": "#texture" }
    }
},
{
    "from": [ 2.5, 8, 6.5 ],
    "to": [ 4, 8.5, 8.5 ],
    "faces": {
        "down":  { "uv": [ 4, 8, 2.5, 7 ], "texture": "#texture" },
        "up":    { "uv": [ 2.5, 7, 4, 8 ], "texture": "#texture" },
        "north": { "uv": [ 2.5, 7, 4, 7.5 ], "texture": "#texture" },
        "south": { "uv": [ 2.5, 7.5, 4, 8 ], "texture": "#texture" },
        "west":  { "uv": [ 2.5, 7, 4, 7.5 ], "texture": "#texture" },
        "east":  { "uv": [ 2.5, 7, 4, 7.5 ], "texture": "#texture" }
    }
},
{
    "from": [ 5, 8, 6.5 ],
    "to": [ 6.5, 8.5, 8.5 ],
    "faces": {
        "down":  { "uv": [ 11, 8.5, 9.5, 6.5 ], "texture": "#texture" },
        "up":    { "uv": [ 5, 6.5, 6.5, 8.5 ], "texture": "#texture" },
        "north": { "uv": [ 9.5, 7.5, 11, 8 ], "texture": "#texture" },
        "south": { "uv": [ 5, 7.5, 6.5, 8 ], "texture": "#texture" },
        "west":  { "uv": [ 6.5, 7.5, 8.5, 8 ], "texture": "#texture" },
        "east":  { "uv": [ 7.5, 7.5, 9.5, 8 ], "texture": "#texture" }
    }
},
{
    "from": [ 7, 8, 6.5 ],
    "to": [ 8, 8.5, 8.5 ],
    "faces": {
        "down":  { "uv": [ 9, 8.5, 8, 6.5 ], "texture": "#texture" },
        "up":    { "uv": [ 7, 6.5, 8, 8.5 ], "texture": "#texture" },
        "north": { "uv": [ 8, 7.5, 9, 8 ], "texture": "#texture" },
        "south": { "uv": [ 7, 7.5, 8, 8 ], "texture": "#texture" },
        "west":  { "uv": [ 6.5, 7.5, 8.5, 8 ], "texture": "#texture" },
        "east":  { "uv": [ 7.5, 7.5, 9.5, 8 ], "texture": "#texture" }
    }
},
{
    "from": [ 3, 10.5, 6.5 ],
    "to": [ 3.5, 11, 8.5 ],
    "faces": {
        "down":  { "uv": [ 3.5, 5.5, 3, 5 ], "texture": "#texture" },
        "up":    { "uv": [ 3, 5, 3.5, 5.5 ], "texture": "#texture" },
        "north": { "uv": [ 3, 5, 3.5, 5.5 ], "texture": "#texture" },
        "south": { "uv": [ 3, 5, 3.5, 5.5 ], "texture": "#texture" },
        "west":  { "uv": [ 3, 5, 3.5, 5.5 ], "texture": "#texture" },
        "east":  { "uv": [ 3, 5, 3.5, 5.5 ], "texture": "#texture" }
    }
},
{
    "from": [ 2.5, 11, 7 ],
    "to": [ 4, 11.5, 8 ],
    "faces": {
        "down":  { "uv": [ 4, 5, 2.5, 4.5 ], "texture": "#texture" },
        "up":    { "uv": [ 2.5, 4.5, 4, 5 ], "texture": "#texture" },
        "north": { "uv": [ 2.5, 4.5, 4, 5 ], "texture": "#texture" },
        "south": { "uv": [ 2.5, 4.5, 4, 5 ], "texture": "#texture" },
        "west":  { "uv": [ 3, 4.5, 4, 5 ], "texture": "#texture" },
        "east":  { "uv": [ 3, 4.5, 4, 5 ], "texture": "#texture" }
    }
},
{
    "from": [ 3.5, 10.5, 7 ],
    "to": [ 5.5, 11, 8 ],
    "faces": {
        "down":  { "uv": [ 4, 5, 2.5, 4.5 ], "texture": "#texture" },
        "up":    { "uv": [ 2.5, 4.5, 4, 5 ], "texture": "#texture" },
        "north": { "uv": [ 2.5, 4.5, 4, 5 ], "texture": "#texture" },
        "south": { "uv": [ 2.5, 4.5, 4, 5 ], "texture": "#texture" },
        "west":  { "uv": [ 3, 4.5, 4, 5 ], "texture": "#texture" },
        "east":  { "uv": [ 3, 4.5, 4, 5 ], "texture": "#texture" }
    }
},
{
    "from": [ 2, 10.5, 7 ],
    "to": [ 3, 11, 8 ],
    "faces": {
        "down":  { "uv": [ 4, 5, 2.5, 4.5 ], "texture": "#texture" },
        "up":    { "uv": [ 2.5, 4.5, 4, 5 ], "texture": "#texture" },
        "north": { "uv": [ 2.5, 4.5, 4, 5 ], "texture": "#texture" },
        "south": { "uv": [ 2.5, 4.5, 4, 5 ], "texture": "#texture" },
        "west":  { "uv": [ 3, 4.5, 4, 5 ], "texture": "#texture" },
        "east":  { "uv": [ 3, 4.5, 4, 5 ], "texture": "#texture" }
    }
},
{
    "from": [ 1.5, 6, 7 ],
    "to": [ 4, 7, 8 ],
    "faces": {
        "down":  { "uv": [ 2.5, 10, 1.5, 9 ], "texture": "#texture" },
        "up":    { "uv": [ 1.5, 9, 2.5, 10 ], "texture": "#texture" },
        "north": { "uv": [ 1.5, 9, 4, 10 ], "texture": "#texture" },
        "south": { "uv": [ 1.5, 9, 4, 10 ], "texture": "#texture" },
        "west":  { "uv": [ 1.5, 9, 2.5, 10 ], "texture": "#texture" },
        "east":  { "uv": [ 1.5, 9, 2.5, 10 ], "texture": "#texture" }
    }
},
{
    "from": [ 1.5, 7.5, 6.5 ],
    "to": [ 2, 10.5, 7 ],
    "faces": {
        "down":  { "uv": [ 2, 6, 1.5, 5.5 ], "texture": "#texture" },
        "up":    { "uv": [ 1.5, 6.5, 2, 7 ], "texture": "#texture" },
        "north": { "uv": [ 1.5, 5.5, 2, 8.5 ], "texture": "#texture" },
        "south": { "uv": [ 1.5, 5.5, 2, 8.5 ], "texture": "#texture" },
        "west":  { "uv": [ 1.5, 5.5, 2, 8.5 ], "texture": "#texture" },
        "east":  { "uv": [ 1.5, 5.5, 2, 8.5 ], "texture": "#texture" }
    }
},
{
    "from": [ 1.5, 7.5, 8 ],
    "to": [ 2, 10.5, 8.5 ],
    "faces": {
        "down":  { "uv": [ 2, 6, 1.5, 5.5 ], "texture": "#texture" },
        "up":    { "uv": [ 1.5, 6.5, 2, 7 ], "texture": "#texture" },
        "north": { "uv": [ 1.5, 5.5, 2, 8.5 ], "texture": "#texture" },
        "south": { "uv": [ 1.5, 5.5, 2, 8.5 ], "texture": "#texture" },
        "west":  { "uv": [ 1.5, 5.5, 2, 8.5 ], "texture": "#texture" },
        "east":  { "uv": [ 1.5, 5.5, 2, 8.5 ], "texture": "#texture" }
    }
},
{
    "from": [ 1.5, 10, 7 ],
    "to": [ 2, 10.5, 8 ],
    "faces": {
        "down":  { "uv": [ 2, 6, 1.5, 5.5 ], "texture": "#texture" },
        "up":    { "uv": [ 1.5, 6.5, 2, 7 ], "texture": "#texture" },
        "north": { "uv": [ 1.5, 5.5, 2, 8.5 ], "texture": "#texture" },
        "south": { "uv": [ 1.5, 5.5, 2, 8.5 ], "texture": "#texture" },
        "west":  { "uv": [ 1.5, 5.5, 2, 8.5 ], "texture": "#texture" },
        "east":  { "uv": [ 1.5, 5.5, 2, 8.5 ], "texture": "#texture" }
    }
},
{
    "from": [ 11, 7, 7 ],
    "to": [ 12, 7.5, 8 ],
    "faces": {
        "down":  { "uv": [ 12, 9.5, 11.5, 8.5 ], "texture": "#texture" },
        "up":    { "uv": [ 11.5, 8.5, 12, 9.5 ], "texture": "#texture" },
        "north": { "uv": [ 11.5, 8.5, 12, 9 ], "texture": "#texture" },
        "south": { "uv": [ 11.5, 9, 12, 9.5 ], "texture": "#texture" },
        "west":  { "uv": [ 11, 8.5, 12, 9 ], "texture": "#texture" },
        "east":  { "uv": [ 11, 8.5, 12, 9 ], "texture": "#texture" }
    }
},
{
    "from": [ 11.5, 6.5, 7 ],
    "to": [ 12, 7, 8 ],
    "faces": {
        "down":  { "uv": [ 12, 9.5, 11.5, 8.5 ], "texture": "#texture" },
        "up":    { "uv": [ 11.5, 8.5, 12, 9.5 ], "texture": "#texture" },
        "north": { "uv": [ 11.5, 8.5, 12, 9 ], "texture": "#texture" },
        "south": { "uv": [ 11.5, 9, 12, 9.5 ], "texture": "#texture" },
        "west":  { "uv": [ 11, 8.5, 12, 9 ], "texture": "#texture" },
        "east":  { "uv": [ 11, 8.5, 12, 9 ], "texture": "#texture" }
    }
},
{
    "from": [ 11, 6, 7 ],
    "to": [ 11.5, 6.5, 8 ],
    "faces": {
        "down":  { "uv": [ 12, 9.5, 11.5, 8.5 ], "texture": "#texture" },
        "up":    { "uv": [ 11.5, 8.5, 12, 9.5 ], "texture": "#texture" },
        "north": { "uv": [ 11.5, 8.5, 12, 9 ], "texture": "#texture" },
        "south": { "uv": [ 11.5, 9, 12, 9.5 ], "texture": "#texture" },
        "west":  { "uv": [ 11, 8.5, 12, 9 ], "texture": "#texture" },
        "east":  { "uv": [ 11, 8.5, 12, 9 ], "texture": "#texture" }
    }
}
],
"display": {
    "thirdperson_righthand": {
        "rotation": [ 0, -90, 0 ],
        "translation": [ 0, 0.38, -2.27 ],
        "scale": [ 1, 1, 1 ]
    },
    "thirdperson_lefthand": {
        "rotation": [ 0, -90, 0 ],
        "translation": [ 0, 0.38, -2.27 ],
        "scale": [ 1, 1, 1 ]
    },
    "head": {
        "rotation": [ -44, -90, 0 ],
        "translation": [ 6.61, -30, -1.51 ],
        "scale": [ 1, 1, 1 ]
    },
    "ground": {
        "rotation": [ 90, 0, 0 ],
        "translation": [ 0, 0, 0 ],
        "scale": [ 1, 1, 1 ]
    },
    "fixed": {
        "rotation": [ 0, 0, 0 ],
        "translation": [ 0, 0, 0 ],
        "scale": [ 1, 1, 1 ]
    },
    "firstperson_righthand": {
        "rotation": [ 0, -90, 0 ],
        "translation": [ -1.7, 1.13, -1.51 ],
        "scale": [ 1.3, 1.3, 1.3 ]
    },
    "firstperson_lefthand": {
        "rotation": [ 0, -90, 0 ],
        "translation": [ -1.7, 1.13, -1.51 ],
        "scale": [ 1.3, 1.3, 1.3 ]
    },
    "gui": {
        "rotation": [ 0, 0, 0 ],
        "translation": [ 0, 0, 0 ],
        "scale": [ 1, 1, 1 ]
    }
}
}