{
    "__comment": "Model create by Yuluu and Tuong",
    "textures": {
        "0": "blocks/GRAY_SHIT_DARK",
        "1": "blocks/skin_hand",
        "2": "blocks/Shit_ABC",
        "3": "blocks/GOLD_SHIT",
        "4": "blocks/nerd_green",
        "5": "blocks/skin",
        "6": "blocks/skin",
        "7": "blocks/round_shit",
        "8": "blocks/XOAN"
    },
	"display": {
        "thirdperson_righthand": {
            "rotation": [ 0, 0, 0 ],
            "translation": [ 0, 1.4, -2.5 ],
            "scale": [ 1, 1, 1 ]
        },
        "firstperson_righthand": {
            "rotation": [ 0, 0, 0],
            "translation": [ -3, 9, -3.5 ],
            "scale": [ 2, 2, 2 ]
        },
		"gui": {
		    "rotation": [ 0, 45, 0], 
		    "translation": [ 0, 2, 0 ], 
			"scale": [ 1, 1, 1 ]
		},
        "ground": {
		    "rotation": [ 0, 0, 0], 
		    "translation": [ 0, 3, 0 ],
		    "scale": [ 1, 1, 1 ]
		},
		"fixed": {
		    "rotation": [ 0, 90, 0], 
		    "translation": [ 0, 3, 0 ],
		    "scale": [ 2, 2, 2 ]
	    }
    },
    "elements": [
        {
            "name": "Cube",
            "from": [ 7.3, -1.3, 9.6 ], 
            "to": [ 8.7, 1.7, 10.2 ], 
            "rotation": { "origin": [ 8.0, 8.0, 8.0 ], "axis": "x", "angle": -22.5 },
            "faces": {
                "north": { "texture": "#0", "uv": [ 0.0, 0.0, 1.4, 3.0 ] },
                "east": { "texture": "#0", "uv": [ 0.0, 0.0, 0.6, 3.0 ] },
                "south": { "texture": "#0", "uv": [ 0.0, 0.0, 1.4, 3.0 ] },
                "west": { "texture": "#0", "uv": [ 0.0, 0.0, 0.6, 3.0 ] },
                "up": { "texture": "#0", "uv": [ 0.0, 0.0, 1.4, 0.6 ] },
                "down": { "texture": "#0", "uv": [ 0.0, 0.0, 1.4, 0.6 ] }
            }
        },
        {
            "name": "Cube",
            "from": [ 7.3, 0.0, 13.0 ], 
            "to": [ 8.7, 0.8, 14.6 ], 
            "faces": {
                "north": { "texture": "#0", "uv": [ 0.0, 0.0, 1.4, 0.8 ] },
                "east": { "texture": "#0", "uv": [ 0.0, 0.0, 1.6, 0.8 ] },
                "south": { "texture": "#0", "uv": [ 0.0, 0.0, 1.4, 0.8 ] },
                "west": { "texture": "#0", "uv": [ 0.0, 0.0, 1.6, 0.8 ] },
                "up": { "texture": "#0", "uv": [ 0.0, 0.0, 1.4, 1.6 ] },
                "down": { "texture": "#0", "uv": [ 0.0, 0.0, 1.4, 1.6 ] }
            }
        },
        {
            "name": "Cube",
            "from": [ 7.3, 2.4, 11.4 ], 
            "to": [ 8.7, 3.0, 12.4 ], 
            "faces": {
                "north": { "texture": "#0", "uv": [ 0.0, 0.0, 1.4, 0.6 ] },
                "east": { "texture": "#0", "uv": [ 0.0, 0.0, 1.0, 0.6 ] },
                "south": { "texture": "#0", "uv": [ 0.0, 0.0, 1.4, 0.6 ] },
                "west": { "texture": "#0", "uv": [ 0.0, 0.0, 1.0, 0.6 ] },
                "up": { "texture": "#0", "uv": [ 0.0, 0.0, 1.4, 1.0 ] },
                "down": { "texture": "#0", "uv": [ 0.0, 0.0, 1.4, 1.0 ] }
            }
        },
        {
            "name": "Cube",
            "from": [ 7.2, -1.6, 10.9 ], 
            "to": [ 8.8, -1.2000000000000002, 12.9 ], 
            "rotation": { "origin": [ 8.0, 8.0, 8.0 ], "axis": "x", "angle": -22.5 },
            "faces": {
                "north": { "texture": "#0", "uv": [ 0.0, 0.0, 1.6, 0.4 ] },
                "east": { "texture": "#0", "uv": [ 0.0, 0.0, 2.0, 0.4 ] },
                "south": { "texture": "#0", "uv": [ 0.0, 0.0, 1.6, 0.4 ] },
                "west": { "texture": "#0", "uv": [ 0.0, 0.0, 2.0, 0.4 ] },
                "up": { "texture": "#0", "uv": [ 0.0, 0.0, 1.6, 2.0 ] },
                "down": { "texture": "#0", "uv": [ 0.0, 0.0, 1.6, 2.0 ] }
            }
        },
        {
            "name": "Cube",
            "from": [ 7.2, -1.2, 11.899999999999999 ], 
            "to": [ 8.8, 1.4000000000000001, 12.7 ], 
            "rotation": { "origin": [ 8.0, 8.0, 8.0 ], "axis": "x", "angle": -22.5 },
            "faces": {
                "north": { "texture": "#0", "uv": [ 0.0, 0.0, 1.6, 2.6 ] },
                "east": { "texture": "#0", "uv": [ 0.0, 0.0, 0.8, 2.6 ] },
                "south": { "texture": "#0", "uv": [ 0.0, 0.0, 1.6, 2.6 ] },
                "west": { "texture": "#0", "uv": [ 0.0, 0.0, 0.8, 2.6 ] },
                "up": { "texture": "#0", "uv": [ 0.0, 0.0, 1.6, 0.8 ] },
                "down": { "texture": "#0", "uv": [ 0.0, 0.0, 1.6, 0.8 ] }
            }
        },
        {
            "name": "Cube",
            "from": [ 7.2, -2.4, 8.6 ], 
            "to": [ 8.8, -1.7999999999999998, 9.0 ], 
            "rotation": { "origin": [ 8.0, 8.0, 8.0 ], "axis": "x", "angle": -45.0 },
            "faces": {
                "north": { "texture": "#0", "uv": [ 0.0, 0.0, 1.6, 0.6000000000000001 ] },
                "east": { "texture": "#0", "uv": [ 0.0, 0.0, 0.4, 0.6000000000000001 ] },
                "south": { "texture": "#0", "uv": [ 0.0, 0.0, 1.6, 0.6000000000000001 ] },
                "west": { "texture": "#0", "uv": [ 0.0, 0.0, 0.4, 0.6000000000000001 ] },
                "up": { "texture": "#0", "uv": [ 0.0, 0.0, 1.6, 0.4 ] },
                "down": { "texture": "#0", "uv": [ 0.0, 0.0, 1.6, 0.4 ] }
            }
        },
        {
            "name": "Cube",
            "from": [ 7.2, 3.5999999999999996, 16.9 ], 
            "to": [ 8.8, 5.199999999999999, 17.299999999999997 ], 
            "rotation": { "origin": [ 8.0, 8.0, 8.0 ], "axis": "x", "angle": 22.5 },
            "faces": {
                "north": { "texture": "#0", "uv": [ 0.0, 0.0, 1.6, 1.6 ] },
                "east": { "texture": "#0", "uv": [ 0.0, 0.0, 0.4, 1.6 ] },
                "south": { "texture": "#0", "uv": [ 0.0, 0.0, 1.6, 1.6 ] },
                "west": { "texture": "#0", "uv": [ 0.0, 0.0, 0.4, 1.6 ] },
                "up": { "texture": "#0", "uv": [ 0.0, 0.0, 1.6, 0.4 ] },
                "down": { "texture": "#0", "uv": [ 0.0, 0.0, 1.6, 0.4 ] }
            }
        },
        {
            "name": "Cube",
            "from": [ 7.0, 0.3, 14.5 ], 
            "to": [ 9.0, 0.5, 14.7 ], 
            "faces": {
                "north": { "texture": "#1", "uv": [ 0.0, 0.0, 2.0, 0.2 ] },
                "east": { "texture": "#1", "uv": [ 0.0, 0.0, 0.2, 0.2 ] },
                "south": { "texture": "#1", "uv": [ 0.0, 0.0, 2.0, 0.2 ] },
                "west": { "texture": "#1", "uv": [ 0.0, 0.0, 0.2, 0.2 ] },
                "up": { "texture": "#1", "uv": [ 0.0, 0.0, 2.0, 0.2 ] },
                "down": { "texture": "#1", "uv": [ 0.0, 0.0, 2.0, 0.2 ] }
            }
        },
        {
            "name": "Cube",
            "from": [ 7.2, -1.9, 10.9 ], 
            "to": [ 8.8, -1.5, 12.5 ], 
            "rotation": { "origin": [ 8.0, 8.0, 8.0 ], "axis": "x", "angle": -22.5 },
            "faces": {
                "north": { "texture": "#0", "uv": [ 0.0, 0.0, 1.6, 0.4 ] },
                "east": { "texture": "#0", "uv": [ 0.0, 0.0, 1.6, 0.4 ] },
                "south": { "texture": "#0", "uv": [ 0.0, 0.0, 1.6, 0.4 ] },
                "west": { "texture": "#0", "uv": [ 0.0, 0.0, 1.6, 0.4 ] },
                "up": { "texture": "#0", "uv": [ 0.0, 0.0, 1.6, 1.6 ] },
                "down": { "texture": "#0", "uv": [ 0.0, 0.0, 1.6, 1.6 ] }
            }
        },
        {
            "name": "Cube",
            "from": [ 7.2, 4.2, 17.8 ], 
            "to": [ 8.8, 4.7, 18.2 ], 
            "rotation": { "origin": [ 8.0, 8.0, 8.0 ], "axis": "x", "angle": 22.5 },
            "faces": {
                "north": { "texture": "#0", "uv": [ 0.0, 0.0, 1.6, 0.5 ] },
                "east": { "texture": "#0", "uv": [ 0.0, 0.0, 0.4, 0.5 ] },
                "south": { "texture": "#0", "uv": [ 0.0, 0.0, 1.6, 0.5 ] },
                "west": { "texture": "#0", "uv": [ 0.0, 0.0, 0.4, 0.5 ] },
                "up": { "texture": "#0", "uv": [ 0.0, 0.0, 1.6, 0.4 ] },
                "down": { "texture": "#0", "uv": [ 0.0, 0.0, 1.6, 0.4 ] }
            }
        },
        {
            "name": "Cube",
            "from": [ 7.3, 3.4, 13.8 ], 
            "to": [ 8.7, 4.2, 15.0 ], 
            "faces": {
                "north": { "texture": "#0", "uv": [ 0.0, 0.0, 1.4, 0.8 ] },
                "east": { "texture": "#0", "uv": [ 0.0, 0.0, 1.2, 0.8 ] },
                "south": { "texture": "#0", "uv": [ 0.0, 0.0, 1.4, 0.8 ] },
                "west": { "texture": "#0", "uv": [ 0.0, 0.0, 1.2, 0.8 ] },
                "up": { "texture": "#0", "uv": [ 0.0, 0.0, 1.4, 1.2 ] },
                "down": { "texture": "#0", "uv": [ 0.0, 0.0, 1.4, 1.2 ] }
            }
        },
        {
            "name": "Cube",
            "from": [ 7.3, 7.199999999999999, 14.8 ], 
            "to": [ 8.7, 7.799999999999999, 16.400000000000002 ], 
            "rotation": { "origin": [ 8.0, 8.0, 8.0 ], "axis": "x", "angle": 22.5 },
            "faces": {
                "north": { "texture": "#0", "uv": [ 0.0, 0.0, 1.4, 0.6 ] },
                "east": { "texture": "#0", "uv": [ 0.0, 0.0, 1.6, 0.6 ] },
                "south": { "texture": "#0", "uv": [ 0.0, 0.0, 1.4, 0.6 ] },
                "west": { "texture": "#0", "uv": [ 0.0, 0.0, 1.6, 0.6 ] },
                "up": { "texture": "#0", "uv": [ 0.0, 0.0, 1.4, 1.6 ] },
                "down": { "texture": "#0", "uv": [ 0.0, 0.0, 1.4, 1.6 ] }
            }
        },
        {
            "name": "Cube",
            "from": [ 7.3, 6.7, 14.8 ], 
            "to": [ 8.7, 7.4, 16.0 ], 
            "rotation": { "origin": [ 8.0, 8.0, 8.0 ], "axis": "x", "angle": 22.5 },
            "faces": {
                "north": { "texture": "#0", "uv": [ 0.0, 0.0, 1.4, 0.7 ] },
                "east": { "texture": "#0", "uv": [ 0.0, 0.0, 1.2, 0.7 ] },
                "south": { "texture": "#0", "uv": [ 0.0, 0.0, 1.4, 0.7 ] },
                "west": { "texture": "#0", "uv": [ 0.0, 0.0, 1.2, 0.7 ] },
                "up": { "texture": "#0", "uv": [ 0.0, 0.0, 1.4, 1.2 ] },
                "down": { "texture": "#0", "uv": [ 0.0, 0.0, 1.4, 1.2 ] }
            }
        },
        {
            "name": "Cube",
            "from": [ 7.3, 1.5, 12.7 ], 
            "to": [ 8.7, 2.1, 13.299999999999999 ], 
            "rotation": { "origin": [ 8.0, 8.0, 8.0 ], "axis": "x", "angle": -22.5 },
            "faces": {
                "north": { "texture": "#0", "uv": [ 0.0, 0.0, 1.4, 0.6 ] },
                "east": { "texture": "#0", "uv": [ 0.0, 0.0, 0.6000000000000001, 0.6 ] },
                "south": { "texture": "#0", "uv": [ 0.0, 0.0, 1.4, 0.6 ] },
                "west": { "texture": "#0", "uv": [ 0.0, 0.0, 0.6000000000000001, 0.6 ] },
                "up": { "texture": "#0", "uv": [ 0.0, 0.0, 1.4, 0.6000000000000001 ] },
                "down": { "texture": "#0", "uv": [ 0.0, 0.0, 1.4, 0.6000000000000001 ] }
            }
        },
        {
            "name": "Cube",
            "from": [ 7.8, 1.2, 9.0 ], 
            "to": [ 9.0, 1.7999999999999998, 10.2 ], 
            "rotation": { "origin": [ 8.0, 8.0, 8.0 ], "axis": "x", "angle": -45.0 },
            "faces": {
                "north": { "texture": "#1", "uv": [ 0.0, 0.0, 1.2, 0.6 ] },
                "east": { "texture": "#1", "uv": [ 0.0, 0.0, 1.2, 0.6 ] },
                "south": { "texture": "#1", "uv": [ 0.0, 0.0, 1.2, 0.6 ] },
                "west": { "texture": "#1", "uv": [ 0.0, 0.0, 1.2, 0.6 ] },
                "up": { "texture": "#1", "uv": [ 0.0, 0.0, 1.2, 1.2 ] },
                "down": { "texture": "#1", "uv": [ 0.0, 0.0, 1.2, 1.2 ] }
            }
        },
        {
            "name": "Cube",
            "from": [ 7.2, 1.0, 8.2 ], 
            "to": [ 8.8, 3.0, 9.1 ], 
            "rotation": { "origin": [ 8.0, 8.0, 8.0 ], "axis": "x", "angle": -22.5 },
            "faces": {
                "north": { "texture": "#2", "uv": [ 0.0, 0.0, 1.6, 2.0 ] },
                "east": { "texture": "#2", "uv": [ 0.0, 0.0, 0.9, 2.0 ] },
                "south": { "texture": "#2", "uv": [ 0.0, 0.0, 1.6, 2.0 ] },
                "west": { "texture": "#2", "uv": [ 0.0, 0.0, 0.9, 2.0 ] },
                "up": { "texture": "#2", "uv": [ 0.0, 0.0, 1.6, 0.9 ] },
                "down": { "texture": "#2", "uv": [ 0.0, 0.0, 1.6, 0.9 ] }
            }
        },
        {
            "name": "Cube",
            "from": [ 7.2, 2.0, 8.6 ], 
            "to": [ 8.8, 3.0, 9.4 ], 
            "rotation": { "origin": [ 8.0, 8.0, 8.0 ], "axis": "x", "angle": -22.5 },
            "faces": {
                "north": { "texture": "#2", "uv": [ 0.0, 0.0, 1.6, 1.0 ] },
                "east": { "texture": "#2", "uv": [ 0.0, 0.0, 0.8, 1.0 ] },
                "south": { "texture": "#2", "uv": [ 0.0, 0.0, 1.6, 1.0 ] },
                "west": { "texture": "#2", "uv": [ 0.0, 0.0, 0.8, 1.0 ] },
                "up": { "texture": "#2", "uv": [ 0.0, 0.0, 1.6, 0.8 ] },
                "down": { "texture": "#2", "uv": [ 0.0, 0.0, 1.6, 0.8 ] }
            }
        },
        {
            "name": "Cube",
            "from": [ 7.2, 4.0, 12.4 ], 
            "to": [ 8.8, 4.8, 13.200000000000001 ], 
            "rotation": { "origin": [ 8.0, 8.0, 8.0 ], "axis": "x", "angle": 22.5 },
            "faces": {
                "north": { "texture": "#2", "uv": [ 0.0, 0.0, 1.6, 0.8 ] },
                "east": { "texture": "#2", "uv": [ 0.0, 0.0, 0.8, 0.8 ] },
                "south": { "texture": "#2", "uv": [ 0.0, 0.0, 1.6, 0.8 ] },
                "west": { "texture": "#2", "uv": [ 0.0, 0.0, 0.8, 0.8 ] },
                "up": { "texture": "#2", "uv": [ 0.0, 0.0, 1.6, 0.8 ] },
                "down": { "texture": "#2", "uv": [ 0.0, 0.0, 1.6, 0.8 ] }
            }
        },
        {
            "name": "Cube",
            "from": [ 7.4, 0.8, 8.3 ], 
            "to": [ 8.6, 2.6, 9.0 ], 
            "rotation": { "origin": [ 8.0, 8.0, 8.0 ], "axis": "x", "angle": -22.5 },
            "faces": {
                "north": { "texture": "#3", "uv": [ 0.0, 0.0, 1.2, 1.8 ] },
                "east": { "texture": "#3", "uv": [ 0.0, 0.0, 0.7, 1.8 ] },
                "south": { "texture": "#3", "uv": [ 0.0, 0.0, 1.2, 1.8 ] },
                "west": { "texture": "#3", "uv": [ 0.0, 0.0, 0.7, 1.8 ] },
                "up": { "texture": "#3", "uv": [ 0.0, 0.0, 1.2, 0.7 ] },
                "down": { "texture": "#3", "uv": [ 0.0, 0.0, 1.2, 0.7 ] }
            }
        },
        {
            "name": "Cube",
            "from": [ 7.6, -1.0, 8.3 ], 
            "to": [ 8.4, 0.8, 9.0 ], 
            "rotation": { "origin": [ 8.0, 8.0, 8.0 ], "axis": "x", "angle": -22.5 },
            "faces": {
                "north": { "texture": "#4", "uv": [ 0.0, 0.0, 0.8, 1.8 ] },
                "east": { "texture": "#4", "uv": [ 0.0, 0.0, 0.7, 1.8 ] },
                "south": { "texture": "#4", "uv": [ 0.0, 0.0, 0.8, 1.8 ] },
                "west": { "texture": "#4", "uv": [ 0.0, 0.0, 0.7, 1.8 ] },
                "up": { "texture": "#4", "uv": [ 0.0, 0.0, 0.8, 0.7 ] },
                "down": { "texture": "#4", "uv": [ 0.0, 0.0, 0.8, 0.7 ] }
            }
        },
        {
            "name": "Cube",
            "from": [ 7.1, 2.9, 7.9 ], 
            "to": [ 8.9, 3.5, 9.5 ], 
            "rotation": { "origin": [ 8.0, 8.0, 8.0 ], "axis": "x", "angle": -22.5 },
            "faces": {
                "north": { "texture": "#0", "uv": [ 0.0, 0.0, 1.8, 0.6 ] },
                "east": { "texture": "#0", "uv": [ 0.0, 0.0, 1.6, 0.6 ] },
                "south": { "texture": "#0", "uv": [ 0.0, 0.0, 1.8, 0.6 ] },
                "west": { "texture": "#0", "uv": [ 0.0, 0.0, 1.6, 0.6 ] },
                "up": { "texture": "#0", "uv": [ 0.0, 0.0, 1.8, 1.6 ] },
                "down": { "texture": "#0", "uv": [ 0.0, 0.0, 1.8, 1.6 ] }
            }
        },
        {
            "name": "Cube",
            "from": [ 7.1, 2.9, 9.6 ], 
            "to": [ 8.9, 3.9, 10.2 ], 
            "faces": {
                "north": { "texture": "#0", "uv": [ 0.0, 0.0, 1.8, 1.0 ] },
                "east": { "texture": "#0", "uv": [ 0.0, 0.0, 0.6, 1.0 ] },
                "south": { "texture": "#0", "uv": [ 0.0, 0.0, 1.8, 1.0 ] },
                "west": { "texture": "#0", "uv": [ 0.0, 0.0, 0.6, 1.0 ] },
                "up": { "texture": "#0", "uv": [ 0.0, 0.0, 1.8, 0.6 ] },
                "down": { "texture": "#0", "uv": [ 0.0, 0.0, 1.8, 0.6 ] }
            }
        },
        {
            "name": "Cube",
            "from": [ 7.1, 4.4, 9.9 ], 
            "to": [ 8.9, 5.0, 11.5 ], 
            "rotation": { "origin": [ 8.0, 8.0, 8.0 ], "axis": "x", "angle": 22.5 },
            "faces": {
                "north": { "texture": "#0", "uv": [ 0.0, 0.0, 1.8, 0.6 ] },
                "east": { "texture": "#0", "uv": [ 0.0, 0.0, 1.6, 0.6 ] },
                "south": { "texture": "#0", "uv": [ 0.0, 0.0, 1.8, 0.6 ] },
                "west": { "texture": "#0", "uv": [ 0.0, 0.0, 1.6, 0.6 ] },
                "up": { "texture": "#0", "uv": [ 0.0, 0.0, 1.8, 1.6 ] },
                "down": { "texture": "#0", "uv": [ 0.0, 0.0, 1.8, 1.6 ] }
            }
        },
        {
            "name": "Cube",
            "from": [ 7.1, 2.9, 5.9 ], 
            "to": [ 8.9, 3.5, 6.9 ], 
            "rotation": { "origin": [ 8.0, 8.0, 8.0 ], "axis": "x", "angle": -45.0 },
            "faces": {
                "north": { "texture": "#0", "uv": [ 0.0, 0.0, 1.8, 0.6 ] },
                "east": { "texture": "#0", "uv": [ 0.0, 0.0, 1.0, 0.6 ] },
                "south": { "texture": "#0", "uv": [ 0.0, 0.0, 1.8, 0.6 ] },
                "west": { "texture": "#0", "uv": [ 0.0, 0.0, 1.0, 0.6 ] },
                "up": { "texture": "#0", "uv": [ 0.0, 0.0, 1.8, 1.0 ] },
                "down": { "texture": "#0", "uv": [ 0.0, 0.0, 1.8, 1.0 ] }
            }
        },
        {
            "name": "Cube",
            "from": [ 7.1, 5.0, 8.9 ], 
            "to": [ 8.9, 6.4, 12.9 ], 
            "rotation": { "origin": [ 8.0, 8.0, 8.0 ], "axis": "x", "angle": 22.5 },
            "faces": {
                "north": { "texture": "#0", "uv": [ 0.0, 0.0, 1.8, 1.4 ] },
                "east": { "texture": "#0", "uv": [ 0.0, 0.0, 4.0, 1.4 ] },
                "south": { "texture": "#0", "uv": [ 0.0, 0.0, 1.8, 1.4 ] },
                "west": { "texture": "#0", "uv": [ 0.0, 0.0, 4.0, 1.4 ] },
                "up": { "texture": "#0", "uv": [ 0.0, 0.0, 1.8, 4.0 ] },
                "down": { "texture": "#0", "uv": [ 0.0, 0.0, 1.8, 4.0 ] }
            }
        },
        {
            "name": "Cube",
            "from": [ 7.2, 4.5, 9.0 ], 
            "to": [ 8.8, 5.1, 10.6 ], 
            "rotation": { "origin": [ 8.0, 8.0, 8.0 ], "axis": "x", "angle": 22.5 },
            "faces": {
                "north": { "texture": "#5", "uv": [ 0.0, 0.0, 1.6, 0.6 ] },
                "east": { "texture": "#5", "uv": [ 0.0, 0.0, 1.6, 0.6 ] },
                "south": { "texture": "#5", "uv": [ 0.0, 0.0, 1.6, 0.6 ] },
                "west": { "texture": "#5", "uv": [ 0.0, 0.0, 1.6, 0.6 ] },
                "up": { "texture": "#5", "uv": [ 0.0, 0.0, 1.6, 1.6 ] },
                "down": { "texture": "#5", "uv": [ 0.0, 0.0, 1.6, 1.6 ] }
            }
        },
        {
            "name": "Cube",
            "from": [ 7.1, 4.9, 9.4 ], 
            "to": [ 8.9, 6.9, 11.0 ], 
            "faces": {
                "north": { "texture": "#0", "uv": [ 0.0, 0.0, 1.8, 2.0 ] },
                "east": { "texture": "#0", "uv": [ 0.0, 0.0, 1.6, 2.0 ] },
                "south": { "texture": "#0", "uv": [ 0.0, 0.0, 1.8, 2.0 ] },
                "west": { "texture": "#0", "uv": [ 0.0, 0.0, 1.6, 2.0 ] },
                "up": { "texture": "#0", "uv": [ 0.0, 0.0, 1.8, 1.6 ] },
                "down": { "texture": "#0", "uv": [ 0.0, 0.0, 1.8, 1.6 ] }
            }
        },
        {
            "name": "Cube",
            "from": [ 7.1, 5.2, 6.9 ], 
            "to": [ 8.9, 6.4, 8.9 ], 
            "rotation": { "origin": [ 8.0, 8.0, 8.0 ], "axis": "x", "angle": -22.5 },
            "faces": {
                "north": { "texture": "#0", "uv": [ 0.0, 0.0, 1.8, 1.2 ] },
                "east": { "texture": "#0", "uv": [ 0.0, 0.0, 2.0, 1.2 ] },
                "south": { "texture": "#0", "uv": [ 0.0, 0.0, 1.8, 1.2 ] },
                "west": { "texture": "#0", "uv": [ 0.0, 0.0, 2.0, 1.2 ] },
                "up": { "texture": "#0", "uv": [ 0.0, 0.0, 1.8, 2.0 ] },
                "down": { "texture": "#0", "uv": [ 0.0, 0.0, 1.8, 2.0 ] }
            }
        },
        {
            "name": "Cube",
            "from": [ 7.1, 4.9, 7.6 ], 
            "to": [ 8.9, 6.1000000000000005, 9.2 ], 
            "faces": {
                "north": { "texture": "#0", "uv": [ 0.0, 0.0, 1.8, 1.2 ] },
                "east": { "texture": "#0", "uv": [ 0.0, 0.0, 1.6, 1.2 ] },
                "south": { "texture": "#0", "uv": [ 0.0, 0.0, 1.8, 1.2 ] },
                "west": { "texture": "#0", "uv": [ 0.0, 0.0, 1.6, 1.2 ] },
                "up": { "texture": "#0", "uv": [ 0.0, 0.0, 1.8, 1.6 ] },
                "down": { "texture": "#0", "uv": [ 0.0, 0.0, 1.8, 1.6 ] }
            }
        },
        {
            "name": "Cube",
            "from": [ 7.1, 4.6, 14.1 ], 
            "to": [ 8.9, 5.8, 15.7 ], 
            "faces": {
                "north": { "texture": "#0", "uv": [ 0.0, 0.0, 1.8, 1.2 ] },
                "east": { "texture": "#0", "uv": [ 0.0, 0.0, 1.5999999999999996, 1.2 ] },
                "south": { "texture": "#0", "uv": [ 0.0, 0.0, 1.8, 1.2 ] },
                "west": { "texture": "#0", "uv": [ 0.0, 0.0, 1.5999999999999996, 1.2 ] },
                "up": { "texture": "#0", "uv": [ 0.0, 0.0, 1.8, 1.5999999999999996 ] },
                "down": { "texture": "#0", "uv": [ 0.0, 0.0, 1.8, 1.5999999999999996 ] }
            }
        },
        {
            "name": "Cube",
            "from": [ 7.1, 6.0, 10.9 ], 
            "to": [ 8.9, 7.1, 12.9 ], 
            "rotation": { "origin": [ 8.0, 8.0, 8.0 ], "axis": "x", "angle": 22.5 },
            "faces": {
                "north": { "texture": "#0", "uv": [ 0.0, 0.0, 1.8, 1.1 ] },
                "east": { "texture": "#0", "uv": [ 0.0, 0.0, 2.0, 1.1 ] },
                "south": { "texture": "#0", "uv": [ 0.0, 0.0, 1.8, 1.1 ] },
                "west": { "texture": "#0", "uv": [ 0.0, 0.0, 2.0, 1.1 ] },
                "up": { "texture": "#0", "uv": [ 0.0, 0.0, 1.8, 2.0 ] },
                "down": { "texture": "#0", "uv": [ 0.0, 0.0, 1.8, 2.0 ] }
            }
        },
        {
            "name": "Cube",
            "from": [ 7.1, 8.6, 10.9 ], 
            "to": [ 8.9, 9.299999999999999, 12.5 ], 
            "rotation": { "origin": [ 8.0, 8.0, 8.0 ], "axis": "x", "angle": 45.0 },
            "faces": {
                "north": { "texture": "#0", "uv": [ 0.0, 0.0, 1.8, 0.7 ] },
                "east": { "texture": "#0", "uv": [ 0.0, 0.0, 1.6, 0.7 ] },
                "south": { "texture": "#0", "uv": [ 0.0, 0.0, 1.8, 0.7 ] },
                "west": { "texture": "#0", "uv": [ 0.0, 0.0, 1.6, 0.7 ] },
                "up": { "texture": "#0", "uv": [ 0.0, 0.0, 1.8, 1.6 ] },
                "down": { "texture": "#0", "uv": [ 0.0, 0.0, 1.8, 1.6 ] }
            }
        },
        {
            "name": "Cube",
            "from": [ 7.1, 5.1, 10.6 ], 
            "to": [ 8.9, 5.8, 15.2 ], 
            "faces": {
                "north": { "texture": "#0", "uv": [ 0.0, 0.0, 1.8, 0.7 ] },
                "east": { "texture": "#0", "uv": [ 0.0, 0.0, 4.6, 0.7 ] },
                "south": { "texture": "#0", "uv": [ 0.0, 0.0, 1.8, 0.7 ] },
                "west": { "texture": "#0", "uv": [ 0.0, 0.0, 4.6, 0.7 ] },
                "up": { "texture": "#0", "uv": [ 0.0, 0.0, 1.8, 4.6 ] },
                "down": { "texture": "#0", "uv": [ 0.0, 0.0, 1.8, 4.6 ] }
            }
        },
        {
            "name": "Cube",
            "from": [ 7.1, 9.0, 14.7 ], 
            "to": [ 8.9, 9.6, 16.5 ], 
            "rotation": { "origin": [ 8.0, 8.0, 8.0 ], "axis": "x", "angle": 22.5 },
            "faces": {
                "north": { "texture": "#0", "uv": [ 0.0, 0.0, 1.8, 0.6 ] },
                "east": { "texture": "#0", "uv": [ 0.0, 0.0, 1.7999999999999998, 0.6 ] },
                "south": { "texture": "#0", "uv": [ 0.0, 0.0, 1.8, 0.6 ] },
                "west": { "texture": "#0", "uv": [ 0.0, 0.0, 1.7999999999999998, 0.6 ] },
                "up": { "texture": "#0", "uv": [ 0.0, 0.0, 1.8, 1.7999999999999998 ] },
                "down": { "texture": "#0", "uv": [ 0.0, 0.0, 1.8, 1.7999999999999998 ] }
            }
        },
        {
            "name": "Cube",
            "from": [ 7.1, 5.6, 14.6 ], 
            "to": [ 8.9, 6.3999999999999995, 15.4 ], 
            "faces": {
                "north": { "texture": "#0", "uv": [ 0.0, 0.0, 1.8, 0.8 ] },
                "east": { "texture": "#0", "uv": [ 0.0, 0.0, 0.8, 0.8 ] },
                "south": { "texture": "#0", "uv": [ 0.0, 0.0, 1.8, 0.8 ] },
                "west": { "texture": "#0", "uv": [ 0.0, 0.0, 0.8, 0.8 ] },
                "up": { "texture": "#0", "uv": [ 0.0, 0.0, 1.8, 0.8 ] },
                "down": { "texture": "#0", "uv": [ 0.0, 0.0, 1.8, 0.8 ] }
            }
        },
        {
            "name": "Cube",
            "from": [ 7.3, 8.8, 15.2 ], 
            "to": [ 8.7, 9.4, 16.0 ], 
            "rotation": { "origin": [ 8.0, 8.0, 8.0 ], "axis": "x", "angle": 22.5 },
            "faces": {
                "north": { "texture": "#0", "uv": [ 0.0, 0.0, 1.4, 0.6 ] },
                "east": { "texture": "#0", "uv": [ 0.0, 0.0, 0.8, 0.6 ] },
                "south": { "texture": "#0", "uv": [ 0.0, 0.0, 1.4, 0.6 ] },
                "west": { "texture": "#0", "uv": [ 0.0, 0.0, 0.8, 0.6 ] },
                "up": { "texture": "#0", "uv": [ 0.0, 0.0, 1.4, 0.8 ] },
                "down": { "texture": "#0", "uv": [ 0.0, 0.0, 1.4, 0.8 ] }
            }
        },
        {
            "name": "Cube",
            "from": [ 7.2, 5.8, 7.6 ], 
            "to": [ 8.8, 6.9, 14.8 ], 
            "faces": {
                "north": { "texture": "#5", "uv": [ 0.0, 0.0, 1.6, 1.1 ] },
                "east": { "texture": "#5", "uv": [ 0.0, 0.0, 7.2, 1.1 ] },
                "south": { "texture": "#5", "uv": [ 0.0, 0.0, 1.6, 1.1 ] },
                "west": { "texture": "#5", "uv": [ 0.0, 0.0, 7.2, 1.1 ] },
                "up": { "texture": "#5", "uv": [ 0.0, 0.0, 1.6, 7.2 ] },
                "down": { "texture": "#5", "uv": [ 0.0, 0.0, 1.6, 7.2 ] }
            }
        },
        {
            "name": "Cube",
            "from": [ 7.2, 8.4, 12.6 ], 
            "to": [ 8.8, 9.5, 14.6 ], 
            "rotation": { "origin": [ 8.0, 8.0, 8.0 ], "axis": "x", "angle": 22.5 },
            "faces": {
                "north": { "texture": "#5", "uv": [ 0.0, 0.0, 1.6, 1.1 ] },
                "east": { "texture": "#5", "uv": [ 0.0, 0.0, 2.0, 1.1 ] },
                "south": { "texture": "#5", "uv": [ 0.0, 0.0, 1.6, 1.1 ] },
                "west": { "texture": "#5", "uv": [ 0.0, 0.0, 2.0, 1.1 ] },
                "up": { "texture": "#5", "uv": [ 0.0, 0.0, 1.6, 2.0 ] },
                "down": { "texture": "#5", "uv": [ 0.0, 0.0, 1.6, 2.0 ] }
            }
        },
        {
            "name": "Cube",
            "from": [ 7.2, 6.5, 7.6 ], 
            "to": [ 8.8, 7.6, 12.8 ], 
            "faces": {
                "north": { "texture": "#5", "uv": [ 0.0, 0.0, 1.6, 1.1 ] },
                "east": { "texture": "#5", "uv": [ 0.0, 0.0, 5.2, 1.1 ] },
                "south": { "texture": "#5", "uv": [ 0.0, 0.0, 1.6, 1.1 ] },
                "west": { "texture": "#5", "uv": [ 0.0, 0.0, 5.2, 1.1 ] },
                "up": { "texture": "#5", "uv": [ 0.0, 0.0, 1.6, 5.2 ] },
                "down": { "texture": "#5", "uv": [ 0.0, 0.0, 1.6, 5.2 ] }
            }
        },
        {
            "name": "Cube",
            "from": [ 6.9, 7.0, 11.0 ], 
            "to": [ 9.100000000000001, 8.2, 12.2 ], 
            "rotation": { "origin": [ 8.0, 8.0, 8.0 ], "axis": "x", "angle": 45.0 },
            "faces": {
                "north": { "texture": "#1", "uv": [ 0.0, 0.0, 2.2, 1.2 ] },
                "east": { "texture": "#1", "uv": [ 0.0, 0.0, 1.2, 1.2 ] },
                "south": { "texture": "#1", "uv": [ 0.0, 0.0, 2.2, 1.2 ] },
                "west": { "texture": "#1", "uv": [ 0.0, 0.0, 1.2, 1.2 ] },
                "up": { "texture": "#1", "uv": [ 0.0, 0.0, 2.2, 1.2 ] },
                "down": { "texture": "#1", "uv": [ 0.0, 0.0, 2.2, 1.2 ] }
            }
        },
        {
            "name": "Cube",
            "from": [ 7.0, 6.9, 10.9 ], 
            "to": [ 9.0, 8.3, 12.3 ], 
            "rotation": { "origin": [ 8.0, 8.0, 8.0 ], "axis": "x", "angle": 45.0 },
            "faces": {
                "north": { "texture": "#4", "uv": [ 0.0, 0.0, 2.0, 1.4 ] },
                "east": { "texture": "#4", "uv": [ 0.0, 0.0, 1.4, 1.4 ] },
                "south": { "texture": "#4", "uv": [ 0.0, 0.0, 2.0, 1.4 ] },
                "west": { "texture": "#4", "uv": [ 0.0, 0.0, 1.4, 1.4 ] },
                "up": { "texture": "#4", "uv": [ 0.0, 0.0, 2.0, 1.4 ] },
                "down": { "texture": "#4", "uv": [ 0.0, 0.0, 2.0, 1.4 ] }
            }
        },
        {
            "name": "Cube",
            "from": [ 6.8, 7.2, 11.2 ], 
            "to": [ 9.2, 8.0, 12.0 ], 
            "rotation": { "origin": [ 8.0, 8.0, 8.0 ], "axis": "x", "angle": 45.0 },
            "faces": {
                "north": { "texture": "#0", "uv": [ 0.0, 0.0, 2.4, 0.8 ] },
                "east": { "texture": "#0", "uv": [ 0.0, 0.0, 0.8, 0.8 ] },
                "south": { "texture": "#0", "uv": [ 0.0, 0.0, 2.4, 0.8 ] },
                "west": { "texture": "#0", "uv": [ 0.0, 0.0, 0.8, 0.8 ] },
                "up": { "texture": "#0", "uv": [ 0.0, 0.0, 2.4, 0.8 ] },
                "down": { "texture": "#0", "uv": [ 0.0, 0.0, 2.4, 0.8 ] }
            }
        },
        {
            "name": "Cube",
            "from": [ 7.0, 4.8, 11.8 ], 
            "to": [ 7.3, 5.1, 14.4 ], 
            "faces": {
                "north": { "texture": "#4", "uv": [ 0.0, 0.0, 0.3, 0.3 ] },
                "east": { "texture": "#4", "uv": [ 0.0, 0.0, 2.5999999999999996, 0.3 ] },
                "south": { "texture": "#4", "uv": [ 0.0, 0.0, 0.3, 0.3 ] },
                "west": { "texture": "#4", "uv": [ 0.0, 0.0, 2.5999999999999996, 0.3 ] },
                "up": { "texture": "#4", "uv": [ 0.0, 0.0, 0.3, 2.5999999999999996 ] },
                "down": { "texture": "#4", "uv": [ 0.0, 0.0, 0.3, 2.5999999999999996 ] }
            }
        },
        {
            "name": "Cube",
            "from": [ 8.7, 4.8, 11.8 ], 
            "to": [ 9.0, 5.1, 14.4 ], 
            "faces": {
                "north": { "texture": "#4", "uv": [ 0.0, 0.0, 0.3, 0.3 ] },
                "east": { "texture": "#4", "uv": [ 0.0, 0.0, 2.5999999999999996, 0.3 ] },
                "south": { "texture": "#4", "uv": [ 0.0, 0.0, 0.3, 0.3 ] },
                "west": { "texture": "#4", "uv": [ 0.0, 0.0, 2.5999999999999996, 0.3 ] },
                "up": { "texture": "#4", "uv": [ 0.0, 0.0, 0.3, 2.5999999999999996 ] },
                "down": { "texture": "#4", "uv": [ 0.0, 0.0, 0.3, 2.5999999999999996 ] }
            }
        },
        {
            "name": "Cube",
            "from": [ 7.1, 4.6, 10.6 ], 
            "to": [ 8.9, 5.199999999999999, 12.4 ], 
            "faces": {
                "north": { "texture": "#0", "uv": [ 0.0, 0.0, 1.8, 0.6 ] },
                "east": { "texture": "#0", "uv": [ 0.0, 0.0, 1.8, 0.6 ] },
                "south": { "texture": "#0", "uv": [ 0.0, 0.0, 1.8, 0.6 ] },
                "west": { "texture": "#0", "uv": [ 0.0, 0.0, 1.8, 0.6 ] },
                "up": { "texture": "#0", "uv": [ 0.0, 0.0, 1.8, 1.8 ] },
                "down": { "texture": "#0", "uv": [ 0.0, 0.0, 1.8, 1.8 ] }
            }
        },
        {
            "name": "Cube",
            "from": [ 7.1, 8.7, 11.7 ], 
            "to": [ 8.9, 9.299999999999999, 13.5 ], 
            "rotation": { "origin": [ 8.0, 8.0, 8.0 ], "axis": "x", "angle": 45.0 },
            "faces": {
                "north": { "texture": "#0", "uv": [ 0.0, 0.0, 1.8, 0.6 ] },
                "east": { "texture": "#0", "uv": [ 0.0, 0.0, 1.8, 0.6 ] },
                "south": { "texture": "#0", "uv": [ 0.0, 0.0, 1.8, 0.6 ] },
                "west": { "texture": "#0", "uv": [ 0.0, 0.0, 1.8, 0.6 ] },
                "up": { "texture": "#0", "uv": [ 0.0, 0.0, 1.8, 1.8 ] },
                "down": { "texture": "#0", "uv": [ 0.0, 0.0, 1.8, 1.8 ] }
            }
        },
        {
            "name": "Cube",
            "from": [ 7.7, 8.6, 13.4 ], 
            "to": [ 8.3, 9.7, 14.200000000000001 ], 
            "rotation": { "origin": [ 8.0, 8.0, 8.0 ], "axis": "x", "angle": 22.5 },
            "faces": {
                "north": { "texture": "#3", "uv": [ 0.0, 0.0, 0.6, 1.1 ] },
                "east": { "texture": "#3", "uv": [ 0.0, 0.0, 0.8, 1.1 ] },
                "south": { "texture": "#3", "uv": [ 0.0, 0.0, 0.6, 1.1 ] },
                "west": { "texture": "#3", "uv": [ 0.0, 0.0, 0.8, 1.1 ] },
                "up": { "texture": "#3", "uv": [ 0.0, 0.0, 0.6, 0.8 ] },
                "down": { "texture": "#3", "uv": [ 0.0, 0.0, 0.6, 0.8 ] }
            }
        },
        {
            "name": "Cube",
            "from": [ 7.4, 6.7, 8.6 ], 
            "to": [ 8.6, 7.800000000000001, 9.799999999999999 ], 
            "faces": {
                "north": { "texture": "#6", "uv": [ 0.0, 0.0, 1.2, 1.1 ] },
                "east": { "texture": "#6", "uv": [ 0.0, 0.0, 1.2, 1.1 ] },
                "south": { "texture": "#6", "uv": [ 0.0, 0.0, 1.2, 1.1 ] },
                "west": { "texture": "#6", "uv": [ 0.0, 0.0, 1.2, 1.1 ] },
                "up": { "texture": "#7", "uv": [ 2.0, 2.0, 13.6, 14.2 ] },
                "down": { "texture": "#6", "uv": [ 0.0, 0.0, 1.2, 1.2 ] }
            }
        },
        {
            "name": "Cube",
            "from": [ 7.1, 6.0, 13.8 ], 
            "to": [ 8.9, 6.3, 14.200000000000001 ], 
            "faces": {
                "north": { "texture": "#0", "uv": [ 0.0, 0.0, 1.8, 0.3 ] },
                "east": { "texture": "#0", "uv": [ 0.0, 0.0, 0.4, 0.3 ] },
                "south": { "texture": "#0", "uv": [ 0.0, 0.0, 1.8, 0.3 ] },
                "west": { "texture": "#0", "uv": [ 0.0, 0.0, 0.4, 0.3 ] },
                "up": { "texture": "#0", "uv": [ 0.0, 0.0, 1.8, 0.4 ] },
                "down": { "texture": "#0", "uv": [ 0.0, 0.0, 1.8, 0.4 ] }
            }
        },
        {
            "name": "Cube",
            "from": [ 6.0, 4.0, 7.0 ], 
            "to": [ 10.0, 8.0, 7.8 ], 
            "faces": {
                "north": { "texture": "#1", "uv": [ 0.0, 0.0, 4.0, 4.0 ] },
                "east": { "texture": "#1", "uv": [ 0.0, 0.0, 0.8, 4.0 ] },
                "south": { "texture": "#1", "uv": [ 0.0, 0.0, 4.0, 4.0 ] },
                "west": { "texture": "#1", "uv": [ 0.0, 0.0, 0.8, 4.0 ] },
                "up": { "texture": "#1", "uv": [ 0.0, 0.0, 4.0, 0.8 ] },
                "down": { "texture": "#1", "uv": [ 0.0, 0.0, 4.0, 0.8 ] }
            }
        },
        {
            "name": "Cube",
            "from": [ 5.5, 3.5, 6.3 ], 
            "to": [ 10.5, 8.5, 7.1 ], 
            "faces": {
                "north": { "texture": "#0", "uv": [ 0.0, 0.0, 5.0, 5.0 ] },
                "east": { "texture": "#0", "uv": [ 0.0, 0.0, 0.8, 5.0 ] },
                "south": { "texture": "#0", "uv": [ 0.0, 0.0, 5.0, 5.0 ] },
                "west": { "texture": "#0", "uv": [ 0.0, 0.0, 0.8, 5.0 ] },
                "up": { "texture": "#0", "uv": [ 0.0, 0.0, 5.0, 0.8 ] },
                "down": { "texture": "#0", "uv": [ 0.0, 0.0, 5.0, 0.8 ] }
            }
        },
        {
            "name": "Cube",
            "from": [ 6.0, 4.0, 6.0 ], 
            "to": [ 10.0, 8.0, 6.8 ], 
            "faces": {
                "north": { "texture": "#8", "uv": [ 0.0, 0.0, 16.0, 16.0 ] },
                "east": { "texture": "#0", "uv": [ 0.0, 0.0, 0.8, 4.0 ] },
                "south": { "texture": "#0", "uv": [ 0.0, 0.0, 4.0, 4.0 ] },
                "west": { "texture": "#0", "uv": [ 0.0, 0.0, -23.2, 10.0 ] },
                "up": { "texture": "#0", "uv": [ 0.0, 0.0, 4.0, 0.8 ] },
                "down": { "texture": "#0", "uv": [ 0.0, 0.0, 6.0, 1.8 ] }
            }
        },
        {
            "name": "Cube",
            "from": [ 5.7, 3.7, 6.2 ], 
            "to": [ 10.3, 8.3, 6.4 ], 
            "faces": {
                "north": { "texture": "#2", "uv": [ 0.0, 0.0, 16.0, 16.0 ] },
                "east": { "texture": "#2", "uv": [ 0.0, 0.0, 0.2, 4.6 ] },
                "south": { "texture": "#2", "uv": [ 0.0, 0.0, 4.6, 4.6 ] },
                "west": { "texture": "#2", "uv": [ 0.0, 0.0, -23.2, 10.0 ] },
                "up": { "texture": "#2", "uv": [ 0.0, 0.0, 4.6, 0.2 ] },
                "down": { "texture": "#2", "uv": [ 0.0, 0.0, 6.0, 1.8 ] }
            }
        },
        {
            "name": "Cube",
            "from": [ 5.7, 5.5, 6.9 ], 
            "to": [ 6.2, 6.5, 7.9 ], 
            "faces": {
                "north": { "texture": "#2", "uv": [ 0.0, 0.0, 0.5, 1.0 ] },
                "east": { "texture": "#2", "uv": [ 0.0, 0.0, 1.0, 1.0 ] },
                "south": { "texture": "#2", "uv": [ 0.0, 0.0, 0.5, 1.0 ] },
                "west": { "texture": "#2", "uv": [ 0.0, 0.0, 1.0, 1.0 ] },
                "up": { "texture": "#2", "uv": [ 0.0, 0.0, 0.5, 1.0 ] },
                "down": { "texture": "#2", "uv": [ 0.0, 0.0, 0.5, 1.0 ] }
            }
        },
        {
            "name": "Cube",
            "from": [ 9.8, 5.5, 6.9 ], 
            "to": [ 10.3, 6.5, 7.9 ], 
            "faces": {
                "north": { "texture": "#2", "uv": [ 0.0, 0.0, 0.5, 1.0 ] },
                "east": { "texture": "#2", "uv": [ 0.0, 0.0, 1.0, 1.0 ] },
                "south": { "texture": "#2", "uv": [ 0.0, 0.0, 0.5, 1.0 ] },
                "west": { "texture": "#2", "uv": [ 0.0, 0.0, 1.0, 1.0 ] },
                "up": { "texture": "#2", "uv": [ 0.0, 0.0, 0.5, 1.0 ] },
                "down": { "texture": "#2", "uv": [ 0.0, 0.0, 0.5, 1.0 ] }
            }
        },
        {
            "name": "Cube",
            "from": [ 7.5, 7.8, 6.9 ], 
            "to": [ 8.5, 8.3, 7.9 ], 
            "faces": {
                "north": { "texture": "#2", "uv": [ 0.0, 0.0, 1.0, 0.5 ] },
                "east": { "texture": "#2", "uv": [ 0.0, 0.0, 1.0, 0.5 ] },
                "south": { "texture": "#2", "uv": [ 0.0, 0.0, 1.0, 0.5 ] },
                "west": { "texture": "#2", "uv": [ 0.0, 0.0, 1.0, 0.5 ] },
                "up": { "texture": "#2", "uv": [ 0.0, 0.0, 1.0, 1.0 ] },
                "down": { "texture": "#2", "uv": [ 0.0, 0.0, 1.0, 1.0 ] }
            }
        },
        {
            "name": "Cube",
            "from": [ 7.5, 3.7, 6.9 ], 
            "to": [ 8.5, 4.2, 7.9 ], 
            "faces": {
                "north": { "texture": "#2", "uv": [ 0.0, 0.0, 1.0, 0.5 ] },
                "east": { "texture": "#2", "uv": [ 0.0, 0.0, 1.0, 0.5 ] },
                "south": { "texture": "#2", "uv": [ 0.0, 0.0, 1.0, 0.5 ] },
                "west": { "texture": "#2", "uv": [ 0.0, 0.0, 1.0, 0.5 ] },
                "up": { "texture": "#2", "uv": [ 0.0, 0.0, 1.0, 1.0 ] },
                "down": { "texture": "#2", "uv": [ 0.0, 0.0, 1.0, 1.0 ] }
            }
        }
    ]
}