{
	"athena.select_hero": {
		"sounds": [
			"custom/athena/select_hero"
		]
	},

	"athena.obj_a_captured": {
		"sounds": [
			"custom/athena/obj_a_captured"
		]
	},



	"athena.obj_a_lost": {
		"sounds": [
			"custom/athena/obj_a_lost"
		]
	},
	
	
	
	"athena.obj_lost": {
		"sounds": [
			"custom/athena/obj_lost"
		]
	},
	
	
	
	"athena.new_def_obj_b": {
		"sounds": [
			"custom/athena/new_def_obj_b"
		]
	},
		
	
	
	"athena.prepare_def": {
		"sounds": [
			"custom/athena/prepare_def"
		]
	},
			
	
	
	"athena.victory": {
		"sounds": [
			"custom/athena/victory"
		]
	},
			
	
	
	"athena.defeat": {
		"sounds": [
			"custom/athena/defeat"
		]
	},
				
	
	
	"athena.countdown": {
		"sounds": [
			"custom/athena/countdown"
		]
	},
	
	
	
	"athena.attack_com": {
		"sounds": [
			"custom/athena/attack_com"
		]
	},
	
		
	
	"athena.com_attack_obj_b": {
		"sounds": [
			"custom/athena/com_attack_obj_b"
		]
	},
	
		
	
	"athena.attack_incoming": {
		"sounds": [
			"custom/athena/attack_incoming"
		]
	},
		
		
	
	"athena.cap_obj_a": {
		"sounds": [
			"custom/athena/cap_obj_a"
		]
	}
}



	



