{
"__comment": "Designed by Tf7717435 with BDcraft Cubik PRO 0.96 Beta - http://bdcraft.net",
"textures": {
    "particle": "item/ranliao/rose_red1",
    "texture": "item/ranliao/rose_red"
},
"elements": [ 
{
    "__comment": "Minecraft",
    "from": [ 3, 8.5, 7.75 ],
    "to": [ 13.5, 11.125, 8 ],
    "faces": {
        "down":  { "uv": [ 13, 8, 2.5, 7.75 ], "texture": "#texture" },
        "up":    { "uv": [ 3, 7.75, 13.5, 8 ], "texture": "#texture" },
        "north": { "uv": [ 2.5, 4.875, 13, 7.5 ], "texture": "#texture" },
        "south": { "uv": [ 3, 4.875, 13.5, 7.5 ], "texture": "#particle" },
        "west":  { "uv": [ 7.75, 4.875, 8, 7.5 ], "texture": "#texture" },
        "east":  { "uv": [ 8, 4.875, 8.25, 7.5 ], "texture": "#texture" }
    }
},
{
    "__comment": "Minecraft",
    "from": [ 3.25, 7.5, 7.75 ],
    "to": [ 13.75, 8.5, 8 ],
    "faces": {
        "down":  { "uv": [ 12.75, 8, 2.25, 7.75 ], "texture": "#texture" },
        "up":    { "uv": [ 3.25, 7.75, 13.75, 8 ], "texture": "#texture" },
        "north": { "uv": [ 2.25, 7.5, 12.75, 8.5 ], "texture": "#texture" },
        "south": { "uv": [ 3.25, 7.5, 13.75, 8.5 ], "texture": "#particle" },
        "west":  { "uv": [ 7.75, 7.5, 8, 8.5 ], "texture": "#texture" },
        "east":  { "uv": [ 8, 7.5, 8.25, 8.5 ], "texture": "#texture" }
    }
},
{
    "__comment": "Minecraft",
    "from": [ 3.25, 11.125, 7.75 ],
    "to": [ 13, 12.125, 8 ],
    "faces": {
        "down":  { "uv": [ 12.75, 8, 3, 7.75 ], "texture": "#texture" },
        "up":    { "uv": [ 3.25, 7.75, 13, 8 ], "texture": "#texture" },
        "north": { "uv": [ 3, 3.875, 12.75, 4.875 ], "texture": "#texture" },
        "south": { "uv": [ 3.25, 3.875, 13, 4.875 ], "texture": "#particle" },
        "west":  { "uv": [ 7.75, 3.875, 8, 4.875 ], "texture": "#texture" },
        "east":  { "uv": [ 8, 3.875, 8.25, 4.875 ], "texture": "#texture" }
    }
},
{
    "__comment": "Minecraft",
    "from": [ 3.5, 6.5, 7.75 ],
    "to": [ 13.5, 7.5, 8 ],
    "faces": {
        "down":  { "uv": [ 12.5, 8, 2.5, 7.75 ], "texture": "#texture" },
        "up":    { "uv": [ 3.5, 7.75, 13.5, 8 ], "texture": "#texture" },
        "north": { "uv": [ 2.5, 8.5, 12.5, 9.5 ], "texture": "#texture" },
        "south": { "uv": [ 3.5, 8.5, 13.5, 9.5 ], "texture": "#particle" },
        "west":  { "uv": [ 7.75, 8.5, 8, 9.5 ], "texture": "#texture" },
        "east":  { "uv": [ 8, 8.5, 8.25, 9.5 ], "texture": "#texture" }
    }
},
{
    "__comment": "Minecraft",
    "from": [ 3.5, 12.125, 7.75 ],
    "to": [ 12.75, 12.875, 8 ],
    "faces": {
        "down":  { "uv": [ 12.5, 8, 3.25, 7.75 ], "texture": "#texture" },
        "up":    { "uv": [ 3.5, 7.75, 12.75, 8 ], "texture": "#texture" },
        "north": { "uv": [ 3.25, 3.125, 12.5, 3.875 ], "texture": "#texture" },
        "south": { "uv": [ 3.5, 3.125, 12.75, 3.875 ], "texture": "#particle" },
        "west":  { "uv": [ 7.75, 3.125, 8, 3.875 ], "texture": "#texture" },
        "east":  { "uv": [ 8, 3.125, 8.25, 3.875 ], "texture": "#texture" }
    }
},
{
    "__comment": "Minecraft",
    "from": [ 3.75, 5.875, 7.75 ],
    "to": [ 13.25, 6.5, 8 ],
    "faces": {
        "down":  { "uv": [ 12.25, 8, 2.75, 7.75 ], "texture": "#texture" },
        "up":    { "uv": [ 3.75, 7.75, 13.25, 8 ], "texture": "#texture" },
        "north": { "uv": [ 2.75, 9.5, 12.25, 10.125 ], "texture": "#texture" },
        "south": { "uv": [ 3.75, 9.5, 13.25, 10.125 ], "texture": "#particle" },
        "west":  { "uv": [ 7.75, 9.5, 8, 10.125 ], "texture": "#texture" },
        "east":  { "uv": [ 8, 9.5, 8.25, 10.125 ], "texture": "#texture" }
    }
},
{
    "__comment": "Minecraft",
    "from": [ 3.75, 12.875, 7.75 ],
    "to": [ 12.25, 13.375, 8 ],
    "faces": {
        "down":  { "uv": [ 12.25, 8, 3.75, 7.75 ], "texture": "#texture" },
        "up":    { "uv": [ 3.75, 7.75, 12.25, 8 ], "texture": "#texture" },
        "north": { "uv": [ 3.75, 2.625, 12.25, 3.125 ], "texture": "#texture" },
        "south": { "uv": [ 3.75, 2.625, 12.25, 3.125 ], "texture": "#particle" },
        "west":  { "uv": [ 7.75, 2.625, 8, 3.125 ], "texture": "#texture" },
        "east":  { "uv": [ 8, 2.625, 8.25, 3.125 ], "texture": "#texture" }
    }
},
{
    "__comment": "Minecraft",
    "from": [ 4, 5.375, 7.75 ],
    "to": [ 13.25, 5.875, 8 ],
    "faces": {
        "down":  { "uv": [ 12, 8, 2.75, 7.75 ], "texture": "#texture" },
        "up":    { "uv": [ 4, 7.75, 13.25, 8 ], "texture": "#texture" },
        "north": { "uv": [ 2.75, 10.125, 12, 10.625 ], "texture": "#texture" },
        "south": { "uv": [ 4, 10.125, 13.25, 10.625 ], "texture": "#particle" },
        "west":  { "uv": [ 7.75, 10.125, 8, 10.625 ], "texture": "#texture" },
        "east":  { "uv": [ 8, 10.125, 8.25, 10.625 ], "texture": "#texture" }
    }
},
{
    "__comment": "Minecraft",
    "from": [ 4, 13.375, 7.75 ],
    "to": [ 12, 13.875, 8 ],
    "faces": {
        "down":  { "uv": [ 12, 8, 4, 7.75 ], "texture": "#texture" },
        "up":    { "uv": [ 4, 7.75, 12, 8 ], "texture": "#texture" },
        "north": { "uv": [ 4, 2.125, 12, 2.625 ], "texture": "#texture" },
        "south": { "uv": [ 4, 2.125, 12, 2.625 ], "texture": "#particle" },
        "west":  { "uv": [ 7.75, 2.125, 8, 2.625 ], "texture": "#texture" },
        "east":  { "uv": [ 8, 2.125, 8.25, 2.625 ], "texture": "#texture" }
    }
},
{
    "__comment": "Minecraft",
    "from": [ 4.25, 5.125, 7.75 ],
    "to": [ 13, 5.375, 8 ],
    "faces": {
        "down":  { "uv": [ 11.75, 8, 3, 7.75 ], "texture": "#texture" },
        "up":    { "uv": [ 4.25, 7.75, 13, 8 ], "texture": "#texture" },
        "north": { "uv": [ 3, 10.625, 11.75, 10.875 ], "texture": "#texture" },
        "south": { "uv": [ 4.25, 10.625, 13, 10.875 ], "texture": "#particle" },
        "west":  { "uv": [ 7.75, 10.625, 8, 10.875 ], "texture": "#texture" },
        "east":  { "uv": [ 8, 10.625, 8.25, 10.875 ], "texture": "#texture" }
    }
},
{
    "__comment": "Minecraft",
    "from": [ 4.25, 13.875, 7.75 ],
    "to": [ 11.75, 14.25, 8 ],
    "faces": {
        "down":  { "uv": [ 11.75, 8, 4.25, 7.75 ], "texture": "#texture" },
        "up":    { "uv": [ 4.25, 7.75, 11.75, 8 ], "texture": "#texture" },
        "north": { "uv": [ 4.25, 1.75, 11.75, 2.125 ], "texture": "#texture" },
        "south": { "uv": [ 4.25, 1.75, 11.75, 2.125 ], "texture": "#particle" },
        "west":  { "uv": [ 7.75, 1.75, 8, 2.125 ], "texture": "#texture" },
        "east":  { "uv": [ 8, 1.75, 8.25, 2.125 ], "texture": "#texture" }
    }
},
{
    "__comment": "Minecraft",
    "from": [ 4.5, 4.875, 7.75 ],
    "to": [ 13, 5.125, 8 ],
    "faces": {
        "down":  { "uv": [ 11.5, 8, 3, 7.75 ], "texture": "#texture" },
        "up":    { "uv": [ 4.5, 7.75, 13, 8 ], "texture": "#texture" },
        "north": { "uv": [ 3, 10.875, 11.5, 11.125 ], "texture": "#texture" },
        "south": { "uv": [ 4.5, 10.875, 13, 11.125 ], "texture": "#particle" },
        "west":  { "uv": [ 7.75, 10.875, 8, 11.125 ], "texture": "#texture" },
        "east":  { "uv": [ 8, 10.875, 8.25, 11.125 ], "texture": "#texture" }
    }
},
{
    "__comment": "Minecraft",
    "from": [ 4.5, 14.25, 7.75 ],
    "to": [ 11.5, 14.5, 8 ],
    "faces": {
        "down":  { "uv": [ 11.5, 8, 4.5, 7.75 ], "texture": "#texture" },
        "up":    { "uv": [ 4.5, 7.75, 11.5, 8 ], "texture": "#texture" },
        "north": { "uv": [ 4.5, 1.5, 11.5, 1.75 ], "texture": "#texture" },
        "south": { "uv": [ 4.5, 1.5, 11.5, 1.75 ], "texture": "#particle" },
        "west":  { "uv": [ 7.75, 1.5, 8, 1.75 ], "texture": "#texture" },
        "east":  { "uv": [ 8, 1.5, 8.25, 1.75 ], "texture": "#texture" }
    }
},
{
    "__comment": "Minecraft",
    "from": [ 4.75, 4.375, 7.75 ],
    "to": [ 12.5, 4.875, 8 ],
    "faces": {
        "down":  { "uv": [ 11.25, 8, 3.5, 7.75 ], "texture": "#texture" },
        "up":    { "uv": [ 4.75, 7.75, 12.5, 8 ], "texture": "#texture" },
        "north": { "uv": [ 3.5, 11.125, 11.25, 11.625 ], "texture": "#texture" },
        "south": { "uv": [ 4.75, 11.125, 12.5, 11.625 ], "texture": "#particle" },
        "west":  { "uv": [ 7.75, 11.125, 8, 11.625 ], "texture": "#texture" },
        "east":  { "uv": [ 8, 11.125, 8.25, 11.625 ], "texture": "#texture" }
    }
},
{
    "__comment": "Minecraft",
    "from": [ 4.75, 14.5, 7.75 ],
    "to": [ 11.25, 14.75, 8 ],
    "faces": {
        "down":  { "uv": [ 11.25, 8, 4.75, 7.75 ], "texture": "#texture" },
        "up":    { "uv": [ 4.75, 7.75, 11.25, 8 ], "texture": "#texture" },
        "north": { "uv": [ 4.75, 1.25, 11.25, 1.5 ], "texture": "#texture" },
        "south": { "uv": [ 4.75, 1.25, 11.25, 1.5 ], "texture": "#particle" },
        "west":  { "uv": [ 7.75, 1.25, 8, 1.5 ], "texture": "#texture" },
        "east":  { "uv": [ 8, 1.25, 8.25, 1.5 ], "texture": "#texture" }
    }
},
{
    "__comment": "Minecraft",
    "from": [ 5, 4.125, 7.75 ],
    "to": [ 12.5, 4.375, 8 ],
    "faces": {
        "down":  { "uv": [ 11, 8, 3.5, 7.75 ], "texture": "#texture" },
        "up":    { "uv": [ 5, 7.75, 12.5, 8 ], "texture": "#texture" },
        "north": { "uv": [ 3.5, 11.625, 11, 11.875 ], "texture": "#texture" },
        "south": { "uv": [ 5, 11.625, 12.5, 11.875 ], "texture": "#particle" },
        "west":  { "uv": [ 7.75, 11.625, 8, 11.875 ], "texture": "#texture" },
        "east":  { "uv": [ 8, 11.625, 8.25, 11.875 ], "texture": "#texture" }
    }
},
{
    "__comment": "Minecraft",
    "from": [ 5, 14.75, 7.75 ],
    "to": [ 11, 15, 8 ],
    "faces": {
        "down":  { "uv": [ 11, 8, 5, 7.75 ], "texture": "#texture" },
        "up":    { "uv": [ 5, 7.75, 11, 8 ], "texture": "#texture" },
        "north": { "uv": [ 5, 1, 11, 1.25 ], "texture": "#texture" },
        "south": { "uv": [ 5, 1, 11, 1.25 ], "texture": "#particle" },
        "west":  { "uv": [ 7.75, 1, 8, 1.25 ], "texture": "#texture" },
        "east":  { "uv": [ 8, 1, 8.25, 1.25 ], "texture": "#texture" }
    }
},
{
    "__comment": "Minecraft",
    "from": [ 5.25, 3.875, 7.75 ],
    "to": [ 12.25, 4.125, 8 ],
    "faces": {
        "down":  { "uv": [ 10.75, 8, 3.75, 7.75 ], "texture": "#texture" },
        "up":    { "uv": [ 5.25, 7.75, 12.25, 8 ], "texture": "#texture" },
        "north": { "uv": [ 3.75, 11.875, 10.75, 12.125 ], "texture": "#texture" },
        "south": { "uv": [ 5.25, 11.875, 12.25, 12.125 ], "texture": "#particle" },
        "west":  { "uv": [ 7.75, 11.875, 8, 12.125 ], "texture": "#texture" },
        "east":  { "uv": [ 8, 11.875, 8.25, 12.125 ], "texture": "#texture" }
    }
},
{
    "__comment": "Minecraft",
    "from": [ 5.25, 15, 7.75 ],
    "to": [ 10.75, 15.25, 8 ],
    "faces": {
        "down":  { "uv": [ 10.75, 8, 5.25, 7.75 ], "texture": "#texture" },
        "up":    { "uv": [ 5.25, 7.75, 10.75, 8 ], "texture": "#texture" },
        "north": { "uv": [ 5.25, 0.75, 10.75, 1 ], "texture": "#texture" },
        "south": { "uv": [ 5.25, 0.75, 10.75, 1 ], "texture": "#particle" },
        "west":  { "uv": [ 7.75, 0.75, 8, 1 ], "texture": "#texture" },
        "east":  { "uv": [ 8, 0.75, 8.25, 1 ], "texture": "#texture" }
    }
},
{
    "__comment": "Minecraft",
    "from": [ 5.5, 3.625, 7.75 ],
    "to": [ 12, 3.875, 8 ],
    "faces": {
        "down":  { "uv": [ 10.5, 8, 4, 7.75 ], "texture": "#texture" },
        "up":    { "uv": [ 5.5, 7.75, 12, 8 ], "texture": "#texture" },
        "north": { "uv": [ 4, 12.125, 10.5, 12.375 ], "texture": "#texture" },
        "south": { "uv": [ 5.5, 12.125, 12, 12.375 ], "texture": "#particle" },
        "west":  { "uv": [ 7.75, 12.125, 8, 12.375 ], "texture": "#texture" },
        "east":  { "uv": [ 8, 12.125, 8.25, 12.375 ], "texture": "#texture" }
    }
},
{
    "__comment": "Minecraft",
    "from": [ 5.5, 15.25, 7.75 ],
    "to": [ 10.5, 15.5, 8 ],
    "faces": {
        "down":  { "uv": [ 10.5, 8, 5.5, 7.75 ], "texture": "#texture" },
        "up":    { "uv": [ 5.5, 7.75, 10.5, 8 ], "texture": "#texture" },
        "north": { "uv": [ 5.5, 0.5, 10.5, 0.75 ], "texture": "#texture" },
        "south": { "uv": [ 5.5, 0.5, 10.5, 0.75 ], "texture": "#particle" },
        "west":  { "uv": [ 7.75, 0.5, 8, 0.75 ], "texture": "#texture" },
        "east":  { "uv": [ 8, 0.5, 8.25, 0.75 ], "texture": "#texture" }
    }
},
{
    "__comment": "Minecraft",
    "from": [ 6.125, 3.375, 7.75 ],
    "to": [ 11.75, 3.625, 8 ],
    "faces": {
        "down":  { "uv": [ 9.875, 8, 4.25, 7.75 ], "texture": "#texture" },
        "up":    { "uv": [ 6.125, 7.75, 11.75, 8 ], "texture": "#texture" },
        "north": { "uv": [ 4.25, 12.375, 9.875, 12.625 ], "texture": "#texture" },
        "south": { "uv": [ 6.125, 12.375, 11.75, 12.625 ], "texture": "#particle" },
        "west":  { "uv": [ 7.75, 12.375, 8, 12.625 ], "texture": "#texture" },
        "east":  { "uv": [ 8, 12.375, 8.25, 12.625 ], "texture": "#texture" }
    }
},
{
    "__comment": "Minecraft",
    "from": [ 6.125, 15.5, 7.75 ],
    "to": [ 9.875, 15.75, 8 ],
    "faces": {
        "down":  { "uv": [ 9.875, 8, 6.125, 7.75 ], "texture": "#texture" },
        "up":    { "uv": [ 6.125, 7.75, 9.875, 8 ], "texture": "#texture" },
        "north": { "uv": [ 6.125, 0.25, 9.875, 0.5 ], "texture": "#texture" },
        "south": { "uv": [ 6.125, 0.25, 9.875, 0.5 ], "texture": "#particle" },
        "west":  { "uv": [ 7.75, 0.25, 8, 0.5 ], "texture": "#texture" },
        "east":  { "uv": [ 8, 0.25, 8.25, 0.5 ], "texture": "#texture" }
    }
},
{
    "__comment": "Minecraft",
    "from": [ 6.375, 3.125, 7.75 ],
    "to": [ 11.5, 3.375, 8 ],
    "faces": {
        "down":  { "uv": [ 9.625, 8, 4.5, 7.75 ], "texture": "#texture" },
        "up":    { "uv": [ 6.375, 7.75, 11.5, 8 ], "texture": "#texture" },
        "north": { "uv": [ 4.5, 12.625, 9.625, 12.875 ], "texture": "#texture" },
        "south": { "uv": [ 6.375, 12.625, 11.5, 12.875 ], "texture": "#particle" },
        "west":  { "uv": [ 7.75, 12.625, 8, 12.875 ], "texture": "#texture" },
        "east":  { "uv": [ 8, 12.625, 8.25, 12.875 ], "texture": "#texture" }
    }
},
{
    "__comment": "Minecraft",
    "from": [ 6.625, 15.75, 7.75 ],
    "to": [ 9.125, 16, 8 ],
    "faces": {
        "down":  { "uv": [ 9.375, 8, 6.875, 7.75 ], "texture": "#texture" },
        "up":    { "uv": [ 6.625, 7.75, 9.125, 8 ], "texture": "#texture" },
        "north": { "uv": [ 6.875, 0, 9.375, 0.25 ], "texture": "#texture" },
        "south": { "uv": [ 6.625, 0, 9.125, 0.25 ], "texture": "#particle" },
        "west":  { "uv": [ 7.75, 0, 8, 0.25 ], "texture": "#texture" },
        "east":  { "uv": [ 8, 0, 8.25, 0.25 ], "texture": "#texture" }
    }
},
{
    "__comment": "Minecraft",
    "from": [ 6.875, 2.875, 7.75 ],
    "to": [ 11, 3.125, 8 ],
    "faces": {
        "down":  { "uv": [ 9.125, 8, 5, 7.75 ], "texture": "#texture" },
        "up":    { "uv": [ 6.875, 7.75, 11, 8 ], "texture": "#texture" },
        "north": { "uv": [ 5, 12.875, 9.125, 13.125 ], "texture": "#texture" },
        "south": { "uv": [ 6.875, 12.875, 11, 13.125 ], "texture": "#particle" },
        "west":  { "uv": [ 7.75, 12.875, 8, 13.125 ], "texture": "#texture" },
        "east":  { "uv": [ 8, 12.875, 8.25, 13.125 ], "texture": "#texture" }
    }
},
{
    "__comment": "Minecraft",
    "from": [ 7.375, 2.625, 7.75 ],
    "to": [ 10.5, 2.875, 8 ],
    "faces": {
        "down":  { "uv": [ 8.625, 8, 5.5, 7.75 ], "texture": "#texture" },
        "up":    { "uv": [ 7.375, 7.75, 10.5, 8 ], "texture": "#texture" },
        "north": { "uv": [ 5.5, 13.125, 8.625, 13.375 ], "texture": "#texture" },
        "south": { "uv": [ 7.375, 13.125, 10.5, 13.375 ], "texture": "#particle" },
        "west":  { "uv": [ 7.75, 13.125, 8, 13.375 ], "texture": "#texture" },
        "east":  { "uv": [ 8, 13.125, 8.25, 13.375 ], "texture": "#texture" }
    }
},
{
    "__comment": "Minecraft",
    "from": [ 7.875, 2.375, 7.75 ],
    "to": [ 9.875, 2.625, 8 ],
    "faces": {
        "down":  { "uv": [ 8.125, 8, 6.125, 7.75 ], "texture": "#texture" },
        "up":    { "uv": [ 7.875, 7.75, 9.875, 8 ], "texture": "#texture" },
        "north": { "uv": [ 6.125, 13.375, 8.125, 13.625 ], "texture": "#texture" },
        "south": { "uv": [ 7.875, 13.375, 9.875, 13.625 ], "texture": "#particle" },
        "west":  { "uv": [ 7.75, 13.375, 8, 13.625 ], "texture": "#texture" },
        "east":  { "uv": [ 8, 13.375, 8.25, 13.625 ], "texture": "#texture" }
    }
},
{
    "__comment": "Minecraft",
    "from": [ 8.625, 2.125, 7.75 ],
    "to": [ 9.125, 2.375, 8 ],
    "faces": {
        "down":  { "uv": [ 7.375, 8, 6.875, 7.75 ], "texture": "#texture" },
        "up":    { "uv": [ 8.625, 7.75, 9.125, 8 ], "texture": "#texture" },
        "north": { "uv": [ 6.875, 13.625, 7.375, 13.875 ], "texture": "#texture" },
        "south": { "uv": [ 8.625, 13.625, 9.125, 13.875 ], "texture": "#particle" },
        "west":  { "uv": [ 7.75, 13.625, 8, 13.875 ], "texture": "#texture" },
        "east":  { "uv": [ 8, 13.625, 8.25, 13.875 ], "texture": "#texture" }
    }
},
{
    "__comment": "Minecraft",
    "from": [ 12, 13.375, 7.75 ],
    "to": [ 12.25, 13.625, 8 ],
    "faces": {
        "down":  { "uv": [ 4, 8, 3.75, 7.75 ], "texture": "#texture" },
        "up":    { "uv": [ 12, 7.75, 12.25, 8 ], "texture": "#texture" },
        "north": { "uv": [ 3.75, 2.375, 4, 2.625 ], "texture": "#texture" },
        "south": { "uv": [ 12, 2.375, 12.25, 2.625 ], "texture": "#particle" },
        "west":  { "uv": [ 7.75, 2.375, 8, 2.625 ], "texture": "#texture" },
        "east":  { "uv": [ 8, 2.375, 8.25, 2.625 ], "texture": "#texture" }
    }
},
{
    "__comment": "Minecraft",
    "from": [ 12.25, 12.875, 7.75 ],
    "to": [ 12.5, 13.125, 8 ],
    "faces": {
        "down":  { "uv": [ 3.75, 8, 3.5, 7.75 ], "texture": "#texture" },
        "up":    { "uv": [ 12.25, 7.75, 12.5, 8 ], "texture": "#texture" },
        "north": { "uv": [ 3.5, 2.875, 3.75, 3.125 ], "texture": "#texture" },
        "south": { "uv": [ 12.25, 2.875, 12.5, 3.125 ], "texture": "#particle" },
        "west":  { "uv": [ 7.75, 2.875, 8, 3.125 ], "texture": "#texture" },
        "east":  { "uv": [ 8, 2.875, 8.25, 3.125 ], "texture": "#texture" }
    }
},
{
    "__comment": "Minecraft",
    "from": [ 12.5, 4.625, 7.75 ],
    "to": [ 12.75, 4.875, 8 ],
    "faces": {
        "down":  { "uv": [ 3.5, 8, 3.25, 7.75 ], "texture": "#texture" },
        "up":    { "uv": [ 12.5, 7.75, 12.75, 8 ], "texture": "#texture" },
        "north": { "uv": [ 3.25, 11.125, 3.5, 11.375 ], "texture": "#texture" },
        "south": { "uv": [ 12.5, 11.125, 12.75, 11.375 ], "texture": "#particle" },
        "west":  { "uv": [ 7.75, 11.125, 8, 11.375 ], "texture": "#texture" },
        "east":  { "uv": [ 8, 11.125, 8.25, 11.375 ], "texture": "#texture" }
    }
},
{
    "__comment": "Minecraft",
    "from": [ 12.75, 12.125, 7.75 ],
    "to": [ 13, 12.375, 8 ],
    "faces": {
        "down":  { "uv": [ 3.25, 8, 3, 7.75 ], "texture": "#texture" },
        "up":    { "uv": [ 12.75, 7.75, 13, 8 ], "texture": "#texture" },
        "north": { "uv": [ 3, 3.625, 3.25, 3.875 ], "texture": "#texture" },
        "south": { "uv": [ 12.75, 3.625, 13, 3.875 ], "texture": "#particle" },
        "west":  { "uv": [ 7.75, 3.625, 8, 3.875 ], "texture": "#texture" },
        "east":  { "uv": [ 8, 3.625, 8.25, 3.875 ], "texture": "#texture" }
    }
},
{
    "__comment": "Minecraft",
    "from": [ 13, 11.125, 7.75 ],
    "to": [ 13.25, 11.875, 8 ],
    "faces": {
        "down":  { "uv": [ 3, 8, 2.75, 7.75 ], "texture": "#texture" },
        "up":    { "uv": [ 13, 7.75, 13.25, 8 ], "texture": "#texture" },
        "north": { "uv": [ 2.75, 4.125, 3, 4.875 ], "texture": "#texture" },
        "south": { "uv": [ 13, 4.125, 13.25, 4.875 ], "texture": "#particle" },
        "west":  { "uv": [ 7.75, 4.125, 8, 4.875 ], "texture": "#texture" },
        "east":  { "uv": [ 8, 4.125, 8.25, 4.875 ], "texture": "#texture" }
    }
},
{
    "__comment": "Minecraft",
    "from": [ 13.25, 6.25, 7.75 ],
    "to": [ 13.5, 6.5, 8 ],
    "faces": {
        "down":  { "uv": [ 2.75, 8, 2.5, 7.75 ], "texture": "#texture" },
        "up":    { "uv": [ 13.25, 7.75, 13.5, 8 ], "texture": "#texture" },
        "north": { "uv": [ 2.5, 9.5, 2.75, 9.75 ], "texture": "#texture" },
        "south": { "uv": [ 13.25, 9.5, 13.5, 9.75 ], "texture": "#particle" },
        "west":  { "uv": [ 7.75, 9.5, 8, 9.75 ], "texture": "#texture" },
        "east":  { "uv": [ 8, 9.5, 8.25, 9.75 ], "texture": "#texture" }
    }
},
{
    "__comment": "Minecraft",
    "from": [ 13.5, 7.25, 7.75 ],
    "to": [ 13.75, 7.5, 8 ],
    "faces": {
        "down":  { "uv": [ 2.5, 8, 2.25, 7.75 ], "texture": "#texture" },
        "up":    { "uv": [ 13.5, 7.75, 13.75, 8 ], "texture": "#texture" },
        "north": { "uv": [ 2.25, 8.5, 2.5, 8.75 ], "texture": "#texture" },
        "south": { "uv": [ 13.5, 8.5, 13.75, 8.75 ], "texture": "#particle" },
        "west":  { "uv": [ 7.75, 8.5, 8, 8.75 ], "texture": "#texture" },
        "east":  { "uv": [ 8, 8.5, 8.25, 8.75 ], "texture": "#texture" }
    }
},
{
    "__comment": "Minecraft",
    "from": [ 13.5, 8.5, 7.75 ],
    "to": [ 13.75, 10.125, 8 ],
    "faces": {
        "down":  { "uv": [ 2.5, 8, 2.25, 7.75 ], "texture": "#texture" },
        "up":    { "uv": [ 13.5, 7.75, 13.75, 8 ], "texture": "#texture" },
        "north": { "uv": [ 2.25, 5.875, 2.5, 7.5 ], "texture": "#texture" },
        "south": { "uv": [ 13.5, 5.875, 13.75, 7.5 ], "texture": "#particle" },
        "west":  { "uv": [ 7.75, 5.875, 8, 7.5 ], "texture": "#texture" },
        "east":  { "uv": [ 8, 5.875, 8.25, 7.5 ], "texture": "#texture" }
    }
}
],
"display": {
    "thirdperson_righthand": {
        "rotation": [ 0, 0, 0 ],
        "translation": [ 0, 0, 0 ],
        "scale": [ 0.5, 0.5, 1 ]
    },
    "thirdperson_lefthand": {
        "rotation": [ 0, 0, 0 ],
        "translation": [ 0, 0, 0 ],
        "scale": [ 0.5, 0.5, 1 ]
    },
    "ground": {
        "rotation": [ 0, 0, 0 ],
        "translation": [ 0, 0, 0 ],
        "scale": [ 1, 1, 1 ]
    },
    "fixed": {
        "rotation": [ 0, 0, 0 ],
        "translation": [ 0, 0, -0.57 ],
        "scale": [ 1, 1, 1 ]
    },
    "firstperson_righthand": {
        "rotation": [ 0, 0, 0 ],
        "translation": [ 0, 0, 0 ],
        "scale": [ 0.5, 0.5, 1 ]
    },
    "firstperson_lefthand": {
        "rotation": [ 0, 0, 0 ],
        "translation": [ 0, 0, 0 ],
        "scale": [ 0.5, 0.5, 1 ]
    },
    "gui": {
        "rotation": [ 0, 0, 0 ],
        "translation": [ 0, -2.27, 0 ],
        "scale": [ 1, 1, 1 ]
    }
}
}