{
"__comment": "Designed by Tf7717435 with BDcraft Cubik PRO 0.96 Beta - http://bdcraft.net",
"textures": {
    "particle": "item/ranliao/cactus_green",
    "texture": "item/ranliao/cactus_green1"
},
"elements": [ 
{
    "__comment": "Minecraft",
    "from": [ 3.75, 8.75, 8.125 ],
    "to": [ 10.75, 9.75, 8.375 ],
    "faces": {
        "down":  { "uv": [ 12.25, 8.375, 5.25, 8.125 ], "texture": "#texture" },
        "up":    { "uv": [ 3.75, 8.125, 10.75, 8.375 ], "texture": "#texture" },
        "north": { "uv": [ 5.25, 6.25, 12.25, 7.25 ], "texture": "#texture" },
        "south": { "uv": [ 3.75, 6.25, 10.75, 7.25 ], "texture": "#particle" },
        "west":  { "uv": [ 8.125, 6.25, 8.375, 7.25 ], "texture": "#texture" },
        "east":  { "uv": [ 7.625, 6.25, 7.875, 7.25 ], "texture": "#texture" }
    }
},
{
    "__comment": "Minecraft",
    "from": [ 4, 7, 8.125 ],
    "to": [ 8.75, 8.75, 8.375 ],
    "faces": {
        "down":  { "uv": [ 12, 8.375, 7.25, 8.125 ], "texture": "#texture" },
        "up":    { "uv": [ 4, 8.125, 8.75, 8.375 ], "texture": "#texture" },
        "north": { "uv": [ 7.25, 7.25, 12, 9 ], "texture": "#texture" },
        "south": { "uv": [ 4, 7.25, 8.75, 9 ], "texture": "#particle" },
        "west":  { "uv": [ 8.125, 7.25, 8.375, 9 ], "texture": "#texture" },
        "east":  { "uv": [ 7.625, 7.25, 7.875, 9 ], "texture": "#texture" }
    }
},
{
    "__comment": "Minecraft",
    "from": [ 4, 9.75, 8.125 ],
    "to": [ 11.75, 10.25, 8.375 ],
    "faces": {
        "down":  { "uv": [ 12, 8.375, 4.25, 8.125 ], "texture": "#texture" },
        "up":    { "uv": [ 4, 8.125, 11.75, 8.375 ], "texture": "#texture" },
        "north": { "uv": [ 4.25, 5.75, 12, 6.25 ], "texture": "#texture" },
        "south": { "uv": [ 4, 5.75, 11.75, 6.25 ], "texture": "#particle" },
        "west":  { "uv": [ 8.125, 5.75, 8.375, 6.25 ], "texture": "#texture" },
        "east":  { "uv": [ 7.625, 5.75, 7.875, 6.25 ], "texture": "#texture" }
    }
},
{
    "__comment": "Minecraft",
    "from": [ 4.25, 6.5, 8.125 ],
    "to": [ 8.25, 7, 8.375 ],
    "faces": {
        "down":  { "uv": [ 11.75, 8.375, 7.75, 8.125 ], "texture": "#texture" },
        "up":    { "uv": [ 4.25, 8.125, 8.25, 8.375 ], "texture": "#texture" },
        "north": { "uv": [ 7.75, 9, 11.75, 9.5 ], "texture": "#texture" },
        "south": { "uv": [ 4.25, 9, 8.25, 9.5 ], "texture": "#particle" },
        "west":  { "uv": [ 8.125, 9, 8.375, 9.5 ], "texture": "#texture" },
        "east":  { "uv": [ 7.625, 9, 7.875, 9.5 ], "texture": "#texture" }
    }
},
{
    "__comment": "Minecraft",
    "from": [ 4.25, 10.25, 8.125 ],
    "to": [ 12.25, 10.75, 8.375 ],
    "faces": {
        "down":  { "uv": [ 11.75, 8.375, 3.75, 8.125 ], "texture": "#texture" },
        "up":    { "uv": [ 4.25, 8.125, 12.25, 8.375 ], "texture": "#texture" },
        "north": { "uv": [ 3.75, 5.25, 11.75, 5.75 ], "texture": "#texture" },
        "south": { "uv": [ 4.25, 5.25, 12.25, 5.75 ], "texture": "#particle" },
        "west":  { "uv": [ 8.125, 5.25, 8.375, 5.75 ], "texture": "#texture" },
        "east":  { "uv": [ 7.625, 5.25, 7.875, 5.75 ], "texture": "#texture" }
    }
},
{
    "__comment": "Minecraft",
    "from": [ 4.5, 6, 8.125 ],
    "to": [ 7.75, 6.5, 8.375 ],
    "faces": {
        "down":  { "uv": [ 11.5, 8.375, 8.25, 8.125 ], "texture": "#texture" },
        "up":    { "uv": [ 4.5, 8.125, 7.75, 8.375 ], "texture": "#texture" },
        "north": { "uv": [ 8.25, 9.5, 11.5, 10 ], "texture": "#texture" },
        "south": { "uv": [ 4.5, 9.5, 7.75, 10 ], "texture": "#particle" },
        "west":  { "uv": [ 8.125, 9.5, 8.375, 10 ], "texture": "#texture" },
        "east":  { "uv": [ 7.625, 9.5, 7.875, 10 ], "texture": "#texture" }
    }
},
{
    "__comment": "Minecraft",
    "from": [ 4.5, 10.75, 8.125 ],
    "to": [ 12.25, 11, 8.375 ],
    "faces": {
        "down":  { "uv": [ 11.5, 8.375, 3.75, 8.125 ], "texture": "#texture" },
        "up":    { "uv": [ 4.5, 8.125, 12.25, 8.375 ], "texture": "#texture" },
        "north": { "uv": [ 3.75, 5, 11.5, 5.25 ], "texture": "#texture" },
        "south": { "uv": [ 4.5, 5, 12.25, 5.25 ], "texture": "#particle" },
        "west":  { "uv": [ 8.125, 5, 8.375, 5.25 ], "texture": "#texture" },
        "east":  { "uv": [ 7.625, 5, 7.875, 5.25 ], "texture": "#texture" }
    }
},
{
    "__comment": "Minecraft",
    "from": [ 4.75, 5.75, 8.125 ],
    "to": [ 7.5, 6, 8.375 ],
    "faces": {
        "down":  { "uv": [ 11.25, 8.375, 8.5, 8.125 ], "texture": "#texture" },
        "up":    { "uv": [ 4.75, 8.125, 7.5, 8.375 ], "texture": "#texture" },
        "north": { "uv": [ 8.5, 10, 11.25, 10.25 ], "texture": "#texture" },
        "south": { "uv": [ 4.75, 10, 7.5, 10.25 ], "texture": "#particle" },
        "west":  { "uv": [ 8.125, 10, 8.375, 10.25 ], "texture": "#texture" },
        "east":  { "uv": [ 7.625, 10, 7.875, 10.25 ], "texture": "#texture" }
    }
},
{
    "__comment": "Minecraft",
    "from": [ 4.75, 11, 8.125 ],
    "to": [ 12.25, 11.5, 8.375 ],
    "faces": {
        "down":  { "uv": [ 11.25, 8.375, 3.75, 8.125 ], "texture": "#texture" },
        "up":    { "uv": [ 4.75, 8.125, 12.25, 8.375 ], "texture": "#texture" },
        "north": { "uv": [ 3.75, 4.5, 11.25, 5 ], "texture": "#texture" },
        "south": { "uv": [ 4.75, 4.5, 12.25, 5 ], "texture": "#particle" },
        "west":  { "uv": [ 8.125, 4.5, 8.375, 5 ], "texture": "#texture" },
        "east":  { "uv": [ 7.625, 4.5, 7.875, 5 ], "texture": "#texture" }
    }
},
{
    "__comment": "Minecraft",
    "from": [ 5, 11.5, 8.125 ],
    "to": [ 12.25, 12, 8.375 ],
    "faces": {
        "down":  { "uv": [ 11, 8.375, 3.75, 8.125 ], "texture": "#texture" },
        "up":    { "uv": [ 5, 8.125, 12.25, 8.375 ], "texture": "#texture" },
        "north": { "uv": [ 3.75, 4, 11, 4.5 ], "texture": "#texture" },
        "south": { "uv": [ 5, 4, 12.25, 4.5 ], "texture": "#particle" },
        "west":  { "uv": [ 8.125, 4, 8.375, 4.5 ], "texture": "#texture" },
        "east":  { "uv": [ 7.625, 4, 7.875, 4.5 ], "texture": "#texture" }
    }
},
{
    "__comment": "Minecraft",
    "from": [ 5.25, 12, 8.125 ],
    "to": [ 12.25, 12.5, 8.375 ],
    "faces": {
        "down":  { "uv": [ 10.75, 8.375, 3.75, 8.125 ], "texture": "#texture" },
        "up":    { "uv": [ 5.25, 8.125, 12.25, 8.375 ], "texture": "#texture" },
        "north": { "uv": [ 3.75, 3.5, 10.75, 4 ], "texture": "#texture" },
        "south": { "uv": [ 5.25, 3.5, 12.25, 4 ], "texture": "#particle" },
        "west":  { "uv": [ 8.125, 3.5, 8.375, 4 ], "texture": "#texture" },
        "east":  { "uv": [ 7.625, 3.5, 7.875, 4 ], "texture": "#texture" }
    }
},
{
    "__comment": "Minecraft",
    "from": [ 5.5, 12.5, 8.125 ],
    "to": [ 12.25, 13, 8.375 ],
    "faces": {
        "down":  { "uv": [ 10.5, 8.375, 3.75, 8.125 ], "texture": "#texture" },
        "up":    { "uv": [ 5.5, 8.125, 12.25, 8.375 ], "texture": "#texture" },
        "north": { "uv": [ 3.75, 3, 10.5, 3.5 ], "texture": "#texture" },
        "south": { "uv": [ 5.5, 3, 12.25, 3.5 ], "texture": "#particle" },
        "west":  { "uv": [ 8.125, 3, 8.375, 3.5 ], "texture": "#texture" },
        "east":  { "uv": [ 7.625, 3, 7.875, 3.5 ], "texture": "#texture" }
    }
},
{
    "__comment": "Minecraft",
    "from": [ 5.75, 13, 8.125 ],
    "to": [ 12, 13.25, 8.375 ],
    "faces": {
        "down":  { "uv": [ 10.25, 8.375, 4, 8.125 ], "texture": "#texture" },
        "up":    { "uv": [ 5.75, 8.125, 12, 8.375 ], "texture": "#texture" },
        "north": { "uv": [ 4, 2.75, 10.25, 3 ], "texture": "#texture" },
        "south": { "uv": [ 5.75, 2.75, 12, 3 ], "texture": "#particle" },
        "west":  { "uv": [ 8.125, 2.75, 8.375, 3 ], "texture": "#texture" },
        "east":  { "uv": [ 7.625, 2.75, 7.875, 3 ], "texture": "#texture" }
    }
},
{
    "__comment": "Minecraft",
    "from": [ 6, 13.25, 8.125 ],
    "to": [ 12, 13.75, 8.375 ],
    "faces": {
        "down":  { "uv": [ 10, 8.375, 4, 8.125 ], "texture": "#texture" },
        "up":    { "uv": [ 6, 8.125, 12, 8.375 ], "texture": "#texture" },
        "north": { "uv": [ 4, 2.25, 10, 2.75 ], "texture": "#texture" },
        "south": { "uv": [ 6, 2.25, 12, 2.75 ], "texture": "#particle" },
        "west":  { "uv": [ 8.125, 2.25, 8.375, 2.75 ], "texture": "#texture" },
        "east":  { "uv": [ 7.625, 2.25, 7.875, 2.75 ], "texture": "#texture" }
    }
},
{
    "__comment": "Minecraft",
    "from": [ 6.25, 13.75, 8.125 ],
    "to": [ 12, 14.25, 8.375 ],
    "faces": {
        "down":  { "uv": [ 9.75, 8.375, 4, 8.125 ], "texture": "#texture" },
        "up":    { "uv": [ 6.25, 8.125, 12, 8.375 ], "texture": "#texture" },
        "north": { "uv": [ 4, 1.75, 9.75, 2.25 ], "texture": "#texture" },
        "south": { "uv": [ 6.25, 1.75, 12, 2.25 ], "texture": "#particle" },
        "west":  { "uv": [ 8.125, 1.75, 8.375, 2.25 ], "texture": "#texture" },
        "east":  { "uv": [ 7.625, 1.75, 7.875, 2.25 ], "texture": "#texture" }
    }
},
{
    "__comment": "Minecraft",
    "from": [ 6.5, 14.25, 8.125 ],
    "to": [ 12, 14.5, 8.375 ],
    "faces": {
        "down":  { "uv": [ 9.5, 8.375, 4, 8.125 ], "texture": "#texture" },
        "up":    { "uv": [ 6.5, 8.125, 12, 8.375 ], "texture": "#texture" },
        "north": { "uv": [ 4, 1.5, 9.5, 1.75 ], "texture": "#texture" },
        "south": { "uv": [ 6.5, 1.5, 12, 1.75 ], "texture": "#particle" },
        "west":  { "uv": [ 8.125, 1.5, 8.375, 1.75 ], "texture": "#texture" },
        "east":  { "uv": [ 7.625, 1.5, 7.875, 1.75 ], "texture": "#texture" }
    }
},
{
    "__comment": "Minecraft",
    "from": [ 6.75, 14.5, 8.125 ],
    "to": [ 12, 15, 8.375 ],
    "faces": {
        "down":  { "uv": [ 9.25, 8.375, 4, 8.125 ], "texture": "#texture" },
        "up":    { "uv": [ 6.75, 8.125, 12, 8.375 ], "texture": "#texture" },
        "north": { "uv": [ 4, 1, 9.25, 1.5 ], "texture": "#texture" },
        "south": { "uv": [ 6.75, 1, 12, 1.5 ], "texture": "#particle" },
        "west":  { "uv": [ 8.125, 1, 8.375, 1.5 ], "texture": "#texture" },
        "east":  { "uv": [ 7.625, 1, 7.875, 1.5 ], "texture": "#texture" }
    }
},
{
    "__comment": "Minecraft",
    "from": [ 7, 15, 8.125 ],
    "to": [ 11.75, 15.5, 8.375 ],
    "faces": {
        "down":  { "uv": [ 9, 8.375, 4.25, 8.125 ], "texture": "#texture" },
        "up":    { "uv": [ 7, 8.125, 11.75, 8.375 ], "texture": "#texture" },
        "north": { "uv": [ 4.25, 0.5, 9, 1 ], "texture": "#texture" },
        "south": { "uv": [ 7, 0.5, 11.75, 1 ], "texture": "#particle" },
        "west":  { "uv": [ 8.125, 0.5, 8.375, 1 ], "texture": "#texture" },
        "east":  { "uv": [ 7.625, 0.5, 7.875, 1 ], "texture": "#texture" }
    }
},
{
    "__comment": "Minecraft",
    "from": [ 7.5, 15.5, 8.125 ],
    "to": [ 11.75, 15.75, 8.375 ],
    "faces": {
        "down":  { "uv": [ 8.5, 8.375, 4.25, 8.125 ], "texture": "#texture" },
        "up":    { "uv": [ 7.5, 8.125, 11.75, 8.375 ], "texture": "#texture" },
        "north": { "uv": [ 4.25, 0.25, 8.5, 0.5 ], "texture": "#texture" },
        "south": { "uv": [ 7.5, 0.25, 11.75, 0.5 ], "texture": "#particle" },
        "west":  { "uv": [ 8.125, 0.25, 8.375, 0.5 ], "texture": "#texture" },
        "east":  { "uv": [ 7.625, 0.25, 7.875, 0.5 ], "texture": "#texture" }
    }
},
{
    "__comment": "Minecraft",
    "from": [ 7.75, 6.25, 8.125 ],
    "to": [ 8, 6.5, 8.375 ],
    "faces": {
        "down":  { "uv": [ 8.25, 8.375, 8, 8.125 ], "texture": "#texture" },
        "up":    { "uv": [ 7.75, 8.125, 8, 8.375 ], "texture": "#texture" },
        "north": { "uv": [ 8, 9.5, 8.25, 9.75 ], "texture": "#texture" },
        "south": { "uv": [ 7.75, 9.5, 8, 9.75 ], "texture": "#particle" },
        "west":  { "uv": [ 8.125, 9.5, 8.375, 9.75 ], "texture": "#texture" },
        "east":  { "uv": [ 7.625, 9.5, 7.875, 9.75 ], "texture": "#texture" }
    }
},
{
    "__comment": "Minecraft",
    "from": [ 8.25, 6.75, 8.125 ],
    "to": [ 8.5, 7, 8.375 ],
    "faces": {
        "down":  { "uv": [ 7.75, 8.375, 7.5, 8.125 ], "texture": "#texture" },
        "up":    { "uv": [ 8.25, 8.125, 8.5, 8.375 ], "texture": "#texture" },
        "north": { "uv": [ 7.5, 9, 7.75, 9.25 ], "texture": "#texture" },
        "south": { "uv": [ 8.25, 9, 8.5, 9.25 ], "texture": "#particle" },
        "west":  { "uv": [ 8.125, 9, 8.375, 9.25 ], "texture": "#texture" },
        "east":  { "uv": [ 7.625, 9, 7.875, 9.25 ], "texture": "#texture" }
    }
},
{
    "__comment": "Minecraft",
    "from": [ 8.75, 7.25, 8.125 ],
    "to": [ 9, 8.75, 8.375 ],
    "faces": {
        "down":  { "uv": [ 7.25, 8.375, 7, 8.125 ], "texture": "#texture" },
        "up":    { "uv": [ 8.75, 8.125, 9, 8.375 ], "texture": "#texture" },
        "north": { "uv": [ 7, 7.25, 7.25, 8.75 ], "texture": "#texture" },
        "south": { "uv": [ 8.75, 7.25, 9, 8.75 ], "texture": "#particle" },
        "west":  { "uv": [ 8.125, 7.25, 8.375, 8.75 ], "texture": "#texture" },
        "east":  { "uv": [ 7.625, 7.25, 7.875, 8.75 ], "texture": "#texture" }
    }
},
{
    "__comment": "Minecraft",
    "from": [ 9, 7.5, 8.125 ],
    "to": [ 9.5, 8.75, 8.375 ],
    "faces": {
        "down":  { "uv": [ 7, 8.375, 6.5, 8.125 ], "texture": "#texture" },
        "up":    { "uv": [ 9, 8.125, 9.5, 8.375 ], "texture": "#texture" },
        "north": { "uv": [ 6.5, 7.25, 7, 8.5 ], "texture": "#texture" },
        "south": { "uv": [ 9, 7.25, 9.5, 8.5 ], "texture": "#particle" },
        "west":  { "uv": [ 8.125, 7.25, 8.375, 8.5 ], "texture": "#texture" },
        "east":  { "uv": [ 7.625, 7.25, 7.875, 8.5 ], "texture": "#texture" }
    }
},
{
    "__comment": "Minecraft",
    "from": [ 9.5, 7.75, 8.125 ],
    "to": [ 9.75, 8.75, 8.375 ],
    "faces": {
        "down":  { "uv": [ 6.5, 8.375, 6.25, 8.125 ], "texture": "#texture" },
        "up":    { "uv": [ 9.5, 8.125, 9.75, 8.375 ], "texture": "#texture" },
        "north": { "uv": [ 6.25, 7.25, 6.5, 8.25 ], "texture": "#texture" },
        "south": { "uv": [ 9.5, 7.25, 9.75, 8.25 ], "texture": "#particle" },
        "west":  { "uv": [ 8.125, 7.25, 8.375, 8.25 ], "texture": "#texture" },
        "east":  { "uv": [ 7.625, 7.25, 7.875, 8.25 ], "texture": "#texture" }
    }
},
{
    "__comment": "Minecraft",
    "from": [ 9.75, 8, 8.125 ],
    "to": [ 10, 8.75, 8.375 ],
    "faces": {
        "down":  { "uv": [ 6.25, 8.375, 6, 8.125 ], "texture": "#texture" },
        "up":    { "uv": [ 9.75, 8.125, 10, 8.375 ], "texture": "#texture" },
        "north": { "uv": [ 6, 7.25, 6.25, 8 ], "texture": "#texture" },
        "south": { "uv": [ 9.75, 7.25, 10, 8 ], "texture": "#particle" },
        "west":  { "uv": [ 8.125, 7.25, 8.375, 8 ], "texture": "#texture" },
        "east":  { "uv": [ 7.625, 7.25, 7.875, 8 ], "texture": "#texture" }
    }
},
{
    "__comment": "Minecraft",
    "from": [ 9.75, 15.75, 8.125 ],
    "to": [ 11.75, 16, 8.375 ],
    "faces": {
        "down":  { "uv": [ 6.25, 8.375, 4.25, 8.125 ], "texture": "#texture" },
        "up":    { "uv": [ 9.75, 8.125, 11.75, 8.375 ], "texture": "#texture" },
        "north": { "uv": [ 4.25, 0, 6.25, 0.25 ], "texture": "#texture" },
        "south": { "uv": [ 9.75, 0, 11.75, 0.25 ], "texture": "#particle" },
        "west":  { "uv": [ 8.125, 0, 8.375, 0.25 ], "texture": "#texture" },
        "east":  { "uv": [ 7.625, 0, 7.875, 0.25 ], "texture": "#texture" }
    }
},
{
    "__comment": "Minecraft",
    "from": [ 10, 8.25, 8.125 ],
    "to": [ 10.25, 8.75, 8.375 ],
    "faces": {
        "down":  { "uv": [ 6, 8.375, 5.75, 8.125 ], "texture": "#texture" },
        "up":    { "uv": [ 10, 8.125, 10.25, 8.375 ], "texture": "#texture" },
        "north": { "uv": [ 5.75, 7.25, 6, 7.75 ], "texture": "#texture" },
        "south": { "uv": [ 10, 7.25, 10.25, 7.75 ], "texture": "#particle" },
        "west":  { "uv": [ 8.125, 7.25, 8.375, 7.75 ], "texture": "#texture" },
        "east":  { "uv": [ 7.625, 7.25, 7.875, 7.75 ], "texture": "#texture" }
    }
},
{
    "__comment": "Minecraft",
    "from": [ 10.25, 8.5, 8.125 ],
    "to": [ 10.5, 8.75, 8.375 ],
    "faces": {
        "down":  { "uv": [ 5.75, 8.375, 5.5, 8.125 ], "texture": "#texture" },
        "up":    { "uv": [ 10.25, 8.125, 10.5, 8.375 ], "texture": "#texture" },
        "north": { "uv": [ 5.5, 7.25, 5.75, 7.5 ], "texture": "#texture" },
        "south": { "uv": [ 10.25, 7.25, 10.5, 7.5 ], "texture": "#particle" },
        "west":  { "uv": [ 8.125, 7.25, 8.375, 7.5 ], "texture": "#texture" },
        "east":  { "uv": [ 7.625, 7.25, 7.875, 7.5 ], "texture": "#texture" }
    }
},
{
    "__comment": "Minecraft",
    "from": [ 10.75, 9, 8.125 ],
    "to": [ 11, 9.75, 8.375 ],
    "faces": {
        "down":  { "uv": [ 5.25, 8.375, 5, 8.125 ], "texture": "#texture" },
        "up":    { "uv": [ 10.75, 8.125, 11, 8.375 ], "texture": "#texture" },
        "north": { "uv": [ 5, 6.25, 5.25, 7 ], "texture": "#texture" },
        "south": { "uv": [ 10.75, 6.25, 11, 7 ], "texture": "#particle" },
        "west":  { "uv": [ 8.125, 6.25, 8.375, 7 ], "texture": "#texture" },
        "east":  { "uv": [ 7.625, 6.25, 7.875, 7 ], "texture": "#texture" }
    }
},
{
    "__comment": "Minecraft",
    "from": [ 11, 9.25, 8.125 ],
    "to": [ 11.25, 9.75, 8.375 ],
    "faces": {
        "down":  { "uv": [ 5, 8.375, 4.75, 8.125 ], "texture": "#texture" },
        "up":    { "uv": [ 11, 8.125, 11.25, 8.375 ], "texture": "#texture" },
        "north": { "uv": [ 4.75, 6.25, 5, 6.75 ], "texture": "#texture" },
        "south": { "uv": [ 11, 6.25, 11.25, 6.75 ], "texture": "#particle" },
        "west":  { "uv": [ 8.125, 6.25, 8.375, 6.75 ], "texture": "#texture" },
        "east":  { "uv": [ 7.625, 6.25, 7.875, 6.75 ], "texture": "#texture" }
    }
},
{
    "__comment": "Minecraft",
    "from": [ 11.25, 9.5, 8.125 ],
    "to": [ 11.5, 9.75, 8.375 ],
    "faces": {
        "down":  { "uv": [ 4.75, 8.375, 4.5, 8.125 ], "texture": "#texture" },
        "up":    { "uv": [ 11.25, 8.125, 11.5, 8.375 ], "texture": "#texture" },
        "north": { "uv": [ 4.5, 6.25, 4.75, 6.5 ], "texture": "#texture" },
        "south": { "uv": [ 11.25, 6.25, 11.5, 6.5 ], "texture": "#particle" },
        "west":  { "uv": [ 8.125, 6.25, 8.375, 6.5 ], "texture": "#texture" },
        "east":  { "uv": [ 7.625, 6.25, 7.875, 6.5 ], "texture": "#texture" }
    }
},
{
    "__comment": "Minecraft",
    "from": [ 11.75, 10, 8.125 ],
    "to": [ 12, 10.25, 8.375 ],
    "faces": {
        "down":  { "uv": [ 4.25, 8.375, 4, 8.125 ], "texture": "#texture" },
        "up":    { "uv": [ 11.75, 8.125, 12, 8.375 ], "texture": "#texture" },
        "north": { "uv": [ 4, 5.75, 4.25, 6 ], "texture": "#texture" },
        "south": { "uv": [ 11.75, 5.75, 12, 6 ], "texture": "#particle" },
        "west":  { "uv": [ 8.125, 5.75, 8.375, 6 ], "texture": "#texture" },
        "east":  { "uv": [ 7.625, 5.75, 7.875, 6 ], "texture": "#texture" }
    }
}
],
"display": {
    "thirdperson_righthand": {
        "rotation": [ 0, 0, 0 ],
        "translation": [ 0, 0, 0 ],
        "scale": [ 0.5, 0.5, 1 ]
    },
    "thirdperson_lefthand": {
        "rotation": [ 0, 0, 0 ],
        "translation": [ 0, 0, 0 ],
        "scale": [ 0.5, 0.5, 1 ]
    },
    "ground": {
        "rotation": [ 0, 0, 0 ],
        "translation": [ 0, 0, 0 ],
        "scale": [ 1, 1, 1 ]
    },
    "fixed": {
        "rotation": [ 0, 0, 0 ],
        "translation": [ 0, 0, -0.57 ],
        "scale": [ 1, 1, 1 ]
    },
    "firstperson_righthand": {
        "rotation": [ 0, 0, 0 ],
        "translation": [ 0, 0, 0 ],
        "scale": [ 0.5, 0.5, 1 ]
    },
    "firstperson_lefthand": {
        "rotation": [ 0, 0, 0 ],
        "translation": [ 0, 0, 0 ],
        "scale": [ 0.5, 0.5, 1 ]
    },
    "gui": {
        "rotation": [ 0, 0, 0 ],
        "translation": [ 0, -3.59, 0 ],
        "scale": [ 1, 1, 1 ]
    }
}
}