{
    "__comment": "Model create by Yuluu and Tuong",
    "textures": {
        "0": "blocks/g0ld",
        "1": "blocks/gold",
        "2": "blocks/brown",
        "3": "blocks/gray_brown",
        "4": "blocks/gray",
        "5": "blocks/dark_gray'",
        "6": "blocks/shit_green",
        "7": "blocks/light_shit_green",
        "8": "blocks/more_shit_green",
        "9": "blocks/red",
        "10": "blocks/gree",
        "11": "blocks/light_gray",
        "12": "blocks/black",
        "13": "blocks/brown_dark",
        "14": "blocks/orange"
    },
	"display": {
        "thirdperson": {
            "rotation": [ 90, 0,180 ],
            "translation": [ 0, 2.5, -2 ],
            "scale": [ 1, 1, 1 ]
        },
        "firstperson": {
            "rotation": [ 0, -45, 0],
            "translation": [ 0, 5, 0 ],
            "scale": [ 2, 2, 2 ]
        },
		"gui": {
		    "rotation": [ 0, 45, 0], 
		    "translation": [ 0, 2, 0 ], 
			"scale": [ 1, 1, 1 ]
		},
        "ground": {
		    "rotation": [ 0, 0, 0], 
		    "translation": [ 0, -10, 0 ],
		    "scale": [ 4, 4, 4 ]
		},
		"fixed": {
		    "rotation": [ 0, 90, 0], 
		    "translation": [ 0, 3, 0 ],
		    "scale": [ 1.8, 1.8, 1.8 ]
	    }
    },
    "elements": [
        {
            "name": "Cube",
            "from": [ 7.0, 5.0, 9.0 ], 
            "to": [ 9.0, 6.0, 12.5 ], 
            "faces": {
                "north": { "texture": "#0", "uv": [ 0.0, 0.0, 2.0, 1.0 ] },
                "east": { "texture": "#0", "uv": [ 0.0, 0.0, 3.5, 1.0 ] },
                "south": { "texture": "#0", "uv": [ 0.0, 0.0, 2.0, 1.0 ] },
                "west": { "texture": "#0", "uv": [ 0.0, 0.0, 3.5, 1.0 ] },
                "up": { "texture": "#0", "uv": [ 0.0, 0.0, 2.0, 3.5 ] },
                "down": { "texture": "#0", "uv": [ 0.0, 0.0, 2.0, 3.5 ] }
            }
        },
        {
            "name": "Cube",
            "from": [ 7.0, 0.0, 9.0 ], 
            "to": [ 9.0, 4.5, 11.0 ], 
            "rotation": { "origin": [ 8.0, 8.0, 8.0 ], "axis": "x", "angle": -22.5 },
            "faces": {
                "north": { "texture": "#0", "uv": [ 0.0, 0.0, 2.0, 4.5 ] },
                "east": { "texture": "#0", "uv": [ 0.0, 0.0, 2.0, 4.5 ] },
                "south": { "texture": "#0", "uv": [ 0.0, 0.0, 2.0, 4.5 ] },
                "west": { "texture": "#0", "uv": [ 0.0, 0.0, 2.0, 4.5 ] },
                "up": { "texture": "#0", "uv": [ 0.0, 0.0, 2.0, 2.0 ] },
                "down": { "texture": "#0", "uv": [ 0.0, 0.0, 2.0, 2.0 ] }
            }
        },
        {
            "name": "Cube",
            "from": [ 7.0, 2.8, 7.0 ], 
            "to": [ 9.0, 5.5, 8.5 ], 
            "rotation": { "origin": [ 8.0, 8.0, 8.0 ], "axis": "x", "angle": -45.0 },
            "faces": {
                "north": { "texture": "#0", "uv": [ 0.0, 0.0, 2.0, 2.7 ] },
                "east": { "texture": "#0", "uv": [ 0.0, 0.0, 1.5, 2.7 ] },
                "south": { "texture": "#0", "uv": [ 0.0, 0.0, 2.0, 2.7 ] },
                "west": { "texture": "#0", "uv": [ 0.0, 0.0, 1.5, 2.7 ] },
                "up": { "texture": "#0", "uv": [ 0.0, 0.0, 2.0, 1.5 ] },
                "down": { "texture": "#0", "uv": [ 0.0, 0.0, 2.0, 1.5 ] }
            }
        },
        {
            "name": "Cube",
            "from": [ 7.0, 3.2, 7.5 ], 
            "to": [ 9.0, 3.9000000000000004, 9.9 ], 
            "faces": {
                "north": { "texture": "#0", "uv": [ 0.0, 0.0, 2.0, 0.7 ] },
                "east": { "texture": "#0", "uv": [ 0.0, 0.0, 2.4, 0.7 ] },
                "south": { "texture": "#0", "uv": [ 0.0, 0.0, 2.0, 0.7 ] },
                "west": { "texture": "#0", "uv": [ 0.0, 0.0, 2.4, 0.7 ] },
                "up": { "texture": "#0", "uv": [ 0.0, 0.0, 2.0, 2.4 ] },
                "down": { "texture": "#0", "uv": [ 0.0, 0.0, 2.0, 2.4 ] }
            }
        },
        {
            "name": "Cube",
            "from": [ 7.0, 0.0, 8.0 ], 
            "to": [ 9.0, 0.7, 11.0 ], 
            "rotation": { "origin": [ 8.0, 8.0, 8.0 ], "axis": "x", "angle": -22.5 },
            "faces": {
                "north": { "texture": "#0", "uv": [ 0.0, 0.0, 2.0, 0.7 ] },
                "east": { "texture": "#0", "uv": [ 0.0, 0.0, 3.0, 0.7 ] },
                "south": { "texture": "#0", "uv": [ 0.0, 0.0, 2.0, 0.7 ] },
                "west": { "texture": "#0", "uv": [ 0.0, 0.0, 3.0, 0.7 ] },
                "up": { "texture": "#0", "uv": [ 0.0, 0.0, 2.0, 3.0 ] },
                "down": { "texture": "#0", "uv": [ 0.0, 0.0, 2.0, 3.0 ] }
            }
        },
        {
            "name": "Cube",
            "from": [ 6.8, 7.5, 18.0 ], 
            "to": [ 9.2, 8.0, 19.0 ], 
            "faces": {
                "north": { "texture": "#1", "uv": [ 0.0, 0.0, 2.4, 0.5 ] },
                "east": { "texture": "#1", "uv": [ 0.0, 0.0, 1.0, 0.5 ] },
                "south": { "texture": "#1", "uv": [ 0.0, 0.0, 2.4, 0.5 ] },
                "west": { "texture": "#1", "uv": [ 0.0, 0.0, 1.0, 0.5 ] },
                "up": { "texture": "#1", "uv": [ 0.0, 0.0, 2.4, 1.0 ] },
                "down": { "texture": "#1", "uv": [ 0.0, 0.0, 2.4, 1.0 ] }
            }
        },
        {
            "name": "Cube",
            "from": [ 6.8, 8.6, 11.8 ], 
            "to": [ 9.2, 9.1, 13.0 ], 
            "rotation": { "origin": [ 8.0, 8.0, 8.0 ], "axis": "x", "angle": 22.5 },
            "faces": {
                "north": { "texture": "#1", "uv": [ 0.0, 0.0, 2.4, 0.5 ] },
                "east": { "texture": "#1", "uv": [ 0.0, 0.0, 1.2, 0.5 ] },
                "south": { "texture": "#1", "uv": [ 0.0, 0.0, 2.4, 0.5 ] },
                "west": { "texture": "#1", "uv": [ 0.0, 0.0, 1.2, 0.5 ] },
                "up": { "texture": "#1", "uv": [ 0.0, 0.0, 2.4, 1.2 ] },
                "down": { "texture": "#1", "uv": [ 0.0, 0.0, 2.4, 1.2 ] }
            }
        },
        {
            "name": "Cube",
            "from": [ 7.0, 1.8, 12.2 ], 
            "to": [ 9.0, 3.3, 13.2 ], 
            "rotation": { "origin": [ 8.0, 8.0, 8.0 ], "axis": "x", "angle": -45.0 },
            "faces": {
                "north": { "texture": "#2", "uv": [ 0.0, 0.0, 2.0, 1.5 ] },
                "east": { "texture": "#2", "uv": [ 0.0, 0.0, 1.0, 1.5 ] },
                "south": { "texture": "#2", "uv": [ 0.0, 0.0, 2.0, 1.5 ] },
                "west": { "texture": "#2", "uv": [ 0.0, 0.0, 1.0, 1.5 ] },
                "up": { "texture": "#2", "uv": [ 0.0, 0.0, 2.0, 1.0 ] },
                "down": { "texture": "#2", "uv": [ 0.0, 0.0, 2.0, 1.0 ] }
            }
        },
        {
            "name": "Cube",
            "from": [ 7.0, 6.8, 7.0 ], 
            "to": [ 9.0, 8.3, 9.8 ], 
            "faces": {
                "north": { "texture": "#2", "uv": [ 0.0, 0.0, 2.0, 1.5 ] },
                "east": { "texture": "#2", "uv": [ 0.0, 0.0, 2.8, 1.5 ] },
                "south": { "texture": "#2", "uv": [ 0.0, 0.0, 2.0, 1.5 ] },
                "west": { "texture": "#2", "uv": [ 0.0, 0.0, 2.8, 1.5 ] },
                "up": { "texture": "#2", "uv": [ 0.0, 0.0, 2.0, 2.8 ] },
                "down": { "texture": "#2", "uv": [ 0.0, 0.0, 2.0, 2.8 ] }
            }
        },
        {
            "name": "Cube",
            "from": [ 7.0, 6.4, 8.0 ], 
            "to": [ 9.0, 7.1000000000000005, 11.0 ], 
            "rotation": { "origin": [ 8.0, 8.0, 8.0 ], "axis": "x", "angle": -22.5 },
            "faces": {
                "north": { "texture": "#2", "uv": [ 0.0, 0.0, 2.0, 0.7 ] },
                "east": { "texture": "#2", "uv": [ 0.0, 0.0, 3.0, 0.7 ] },
                "south": { "texture": "#2", "uv": [ 0.0, 0.0, 2.0, 0.7 ] },
                "west": { "texture": "#2", "uv": [ 0.0, 0.0, 3.0, 0.7 ] },
                "up": { "texture": "#2", "uv": [ 0.0, 0.0, 2.0, 3.0 ] },
                "down": { "texture": "#2", "uv": [ 0.0, 0.0, 2.0, 3.0 ] }
            }
        },
        {
            "name": "Cube",
            "from": [ 7.0, 6.5, 18.5 ], 
            "to": [ 9.0, 8.3, 19.8 ], 
            "faces": {
                "north": { "texture": "#3", "uv": [ 0.0, 0.0, 2.0, 1.8 ] },
                "east": { "texture": "#3", "uv": [ 0.0, 0.0, 1.3, 1.8 ] },
                "south": { "texture": "#3", "uv": [ 0.0, 0.0, 2.0, 1.8 ] },
                "west": { "texture": "#3", "uv": [ 0.0, 0.0, 1.3, 1.8 ] },
                "up": { "texture": "#3", "uv": [ 0.0, 0.0, 2.0, 1.3 ] },
                "down": { "texture": "#3", "uv": [ 0.0, 0.0, 2.0, 1.3 ] }
            }
        },
        {
            "name": "Cube",
            "from": [ 7.0, 6.8, 11.0 ], 
            "to": [ 9.0, 8.3, 15.0 ], 
            "faces": {
                "north": { "texture": "#2", "uv": [ 0.0, 0.0, 2.0, 1.5 ] },
                "east": { "texture": "#2", "uv": [ 0.0, 0.0, 4.0, 1.5 ] },
                "south": { "texture": "#2", "uv": [ 0.0, 0.0, 2.0, 1.5 ] },
                "west": { "texture": "#2", "uv": [ 0.0, 0.0, 4.0, 1.5 ] },
                "up": { "texture": "#2", "uv": [ 0.0, 0.0, 2.0, 4.0 ] },
                "down": { "texture": "#2", "uv": [ 0.0, 0.0, 2.0, 4.0 ] }
            }
        },
        {
            "name": "Cube",
            "from": [ 7.0, 5.0, 8.0 ], 
            "to": [ 9.0, 7.0, 9.5 ], 
            "rotation": { "origin": [ 8.0, 8.0, 8.0 ], "axis": "x", "angle": -45.0 },
            "faces": {
                "north": { "texture": "#2", "uv": [ 0.0, 0.0, 2.0, 2.0 ] },
                "east": { "texture": "#2", "uv": [ 0.0, 0.0, 1.5, 2.0 ] },
                "south": { "texture": "#2", "uv": [ 0.0, 0.0, 2.0, 2.0 ] },
                "west": { "texture": "#2", "uv": [ 0.0, 0.0, 1.5, 2.0 ] },
                "up": { "texture": "#2", "uv": [ 0.0, 0.0, 2.0, 1.5 ] },
                "down": { "texture": "#2", "uv": [ 0.0, 0.0, 2.0, 1.5 ] }
            }
        },
        {
            "name": "Cube",
            "from": [ 7.0, 4.0, 6.0 ], 
            "to": [ 9.0, 6.5, 7.0 ], 
            "faces": {
                "north": { "texture": "#2", "uv": [ 0.0, 0.0, 2.0, 2.5 ] },
                "east": { "texture": "#2", "uv": [ 0.0, 0.0, 1.0, 2.5 ] },
                "south": { "texture": "#2", "uv": [ 0.0, 0.0, 2.0, 2.5 ] },
                "west": { "texture": "#2", "uv": [ 0.0, 0.0, 1.0, 2.5 ] },
                "up": { "texture": "#2", "uv": [ 0.0, 0.0, 2.0, 1.0 ] },
                "down": { "texture": "#2", "uv": [ 0.0, 0.0, 2.0, 1.0 ] }
            }
        },
        {
            "name": "Cube",
            "from": [ 7.0, 5.0, 5.0 ], 
            "to": [ 9.0, 6.5, 6.5 ], 
            "faces": {
                "north": { "texture": "#2", "uv": [ 0.0, 0.0, 2.0, 1.5 ] },
                "east": { "texture": "#2", "uv": [ 0.0, 0.0, 1.5, 1.5 ] },
                "south": { "texture": "#2", "uv": [ 0.0, 0.0, 2.0, 1.5 ] },
                "west": { "texture": "#2", "uv": [ 0.0, 0.0, 1.5, 1.5 ] },
                "up": { "texture": "#2", "uv": [ 0.0, 0.0, 2.0, 1.5 ] },
                "down": { "texture": "#2", "uv": [ 0.0, 0.0, 2.0, 1.5 ] }
            }
        },
        {
            "name": "Cube",
            "from": [ 7.0, 3.5, 7.8 ], 
            "to": [ 9.0, 4.0, 9.3 ], 
            "rotation": { "origin": [ 8.0, 8.0, 8.0 ], "axis": "x", "angle": 22.5 },
            "faces": {
                "north": { "texture": "#2", "uv": [ 0.0, 0.0, 2.0, 0.5 ] },
                "east": { "texture": "#2", "uv": [ 0.0, 0.0, 1.5, 0.5 ] },
                "south": { "texture": "#2", "uv": [ 0.0, 0.0, 2.0, 0.5 ] },
                "west": { "texture": "#2", "uv": [ 0.0, 0.0, 1.5, 0.5 ] },
                "up": { "texture": "#2", "uv": [ 0.0, 0.0, 2.0, 1.5 ] },
                "down": { "texture": "#2", "uv": [ 0.0, 0.0, 2.0, 1.5 ] }
            }
        },
        {
            "name": "Cube",
            "from": [ 7.0, 4.0, 10.0 ], 
            "to": [ 9.0, 6.0, 11.0 ], 
            "rotation": { "origin": [ 8.0, 8.0, 8.0 ], "axis": "x", "angle": 22.5 },
            "faces": {
                "north": { "texture": "#0", "uv": [ 0.0, 0.0, 2.0, 2.0 ] },
                "east": { "texture": "#0", "uv": [ 0.0, 0.0, 1.0, 2.0 ] },
                "south": { "texture": "#0", "uv": [ 0.0, 0.0, 2.0, 2.0 ] },
                "west": { "texture": "#0", "uv": [ 0.0, 0.0, 1.0, 2.0 ] },
                "up": { "texture": "#0", "uv": [ 0.0, 0.0, 2.0, 1.0 ] },
                "down": { "texture": "#0", "uv": [ 0.0, 0.0, 2.0, 1.0 ] }
            }
        },
        {
            "name": "Cube",
            "from": [ 6.8, 6.0, 7.0 ], 
            "to": [ 9.2, 7.5, 13.0 ], 
            "faces": {
                "north": { "texture": "#1", "uv": [ 0.0, 0.0, 2.4, 1.5 ] },
                "east": { "texture": "#1", "uv": [ 0.0, 0.0, 6.0, 1.5 ] },
                "south": { "texture": "#1", "uv": [ 0.0, 0.0, 2.4, 1.5 ] },
                "west": { "texture": "#1", "uv": [ 0.0, 0.0, 6.0, 1.5 ] },
                "up": { "texture": "#1", "uv": [ 0.0, 0.0, 2.4, 6.0 ] },
                "down": { "texture": "#1", "uv": [ 0.0, 0.0, 2.4, 6.0 ] }
            }
        },
        {
            "name": "Cube",
            "from": [ 6.8, 6.0, 12.0 ], 
            "to": [ 9.2, 7.0, 13.0 ], 
            "faces": {
                "north": { "texture": "#1", "uv": [ 0.0, 0.0, 2.4, 1.0 ] },
                "east": { "texture": "#1", "uv": [ 0.0, 0.0, 1.0, 1.0 ] },
                "south": { "texture": "#1", "uv": [ 0.0, 0.0, 2.4, 1.0 ] },
                "west": { "texture": "#1", "uv": [ 0.0, 0.0, 1.0, 1.0 ] },
                "up": { "texture": "#1", "uv": [ 0.0, 0.0, 2.4, 1.0 ] },
                "down": { "texture": "#1", "uv": [ 0.0, 0.0, 2.4, 1.0 ] }
            }
        },
        {
            "name": "Cube",
            "from": [ 6.8, 6.199999999999999, 6.0 ], 
            "to": [ 9.2, 7.799999999999999, 9.0 ], 
            "rotation": { "origin": [ 8.0, 8.0, 8.0 ], "axis": "x", "angle": 45.0 },
            "faces": {
                "north": { "texture": "#1", "uv": [ 0.0, 0.0, 2.4, 1.6 ] },
                "east": { "texture": "#1", "uv": [ 0.0, 0.0, 3.0, 1.6 ] },
                "south": { "texture": "#1", "uv": [ 0.0, 0.0, 2.4, 1.6 ] },
                "west": { "texture": "#1", "uv": [ 0.0, 0.0, 3.0, 1.6 ] },
                "up": { "texture": "#1", "uv": [ 0.0, 0.0, 2.4, 3.0 ] },
                "down": { "texture": "#1", "uv": [ 0.0, 0.0, 2.4, 3.0 ] }
            }
        },
        {
            "name": "Cube",
            "from": [ 6.8, 6.5, 17.0 ], 
            "to": [ 9.2, 7.5, 19.0 ], 
            "faces": {
                "north": { "texture": "#1", "uv": [ 0.0, 0.0, 2.4, 1.0 ] },
                "east": { "texture": "#1", "uv": [ 0.0, 0.0, 2.0, 1.0 ] },
                "south": { "texture": "#1", "uv": [ 0.0, 0.0, 2.4, 1.0 ] },
                "west": { "texture": "#1", "uv": [ 0.0, 0.0, 2.0, 1.0 ] },
                "up": { "texture": "#1", "uv": [ 0.0, 0.0, 2.4, 2.0 ] },
                "down": { "texture": "#1", "uv": [ 0.0, 0.0, 2.4, 2.0 ] }
            }
        },
        {
            "name": "Cube",
            "from": [ 7.0, 6.3, 11.0 ], 
            "to": [ 9.0, 7.3, 18.5 ], 
            "faces": {
                "north": { "texture": "#2", "uv": [ 0.0, 0.0, 2.0, 1.0 ] },
                "east": { "texture": "#2", "uv": [ 0.0, 0.0, 7.5, 1.0 ] },
                "south": { "texture": "#2", "uv": [ 0.0, 0.0, 2.0, 1.0 ] },
                "west": { "texture": "#2", "uv": [ 0.0, 0.0, 7.5, 1.0 ] },
                "up": { "texture": "#2", "uv": [ 0.0, 0.0, 2.0, 7.5 ] },
                "down": { "texture": "#2", "uv": [ 0.0, 0.0, 2.0, 7.5 ] }
            }
        },
        {
            "name": "Cube",
            "from": [ 7.0, -0.09999999999999964, 15.7 ], 
            "to": [ 9.0, 1.9000000000000004, 17.2 ], 
            "rotation": { "origin": [ 8.0, 8.0, 8.0 ], "axis": "x", "angle": -22.5 },
            "faces": {
                "north": { "texture": "#3", "uv": [ 0.0, 0.0, 2.0, 2.0 ] },
                "east": { "texture": "#3", "uv": [ 0.0, 0.0, 1.5, 2.0 ] },
                "south": { "texture": "#3", "uv": [ 0.0, 0.0, 2.0, 2.0 ] },
                "west": { "texture": "#3", "uv": [ 0.0, 0.0, 1.5, 2.0 ] },
                "up": { "texture": "#3", "uv": [ 0.0, 0.0, 2.0, 1.5 ] },
                "down": { "texture": "#3", "uv": [ 0.0, 0.0, 2.0, 1.5 ] }
            }
        },
        {
            "name": "Cube",
            "from": [ 7.0, 9.0, 17.8 ], 
            "to": [ 9.0, 11.5, 19.3 ], 
            "rotation": { "origin": [ 8.0, 8.0, 8.0 ], "axis": "x", "angle": 22.5 },
            "faces": {
                "north": { "texture": "#3", "uv": [ 0.0, 0.0, 2.0, 2.5 ] },
                "east": { "texture": "#3", "uv": [ 0.0, 0.0, 1.5, 2.5 ] },
                "south": { "texture": "#3", "uv": [ 0.0, 0.0, 2.0, 2.5 ] },
                "west": { "texture": "#3", "uv": [ 0.0, 0.0, 1.5, 2.5 ] },
                "up": { "texture": "#3", "uv": [ 0.0, 0.0, 2.0, 1.5 ] },
                "down": { "texture": "#3", "uv": [ 0.0, 0.0, 2.0, 1.5 ] }
            }
        },
        {
            "name": "Cube",
            "from": [ 7.0, -0.10000000000000009, 14.7 ], 
            "to": [ 9.0, 0.8999999999999999, 17.2 ], 
            "rotation": { "origin": [ 8.0, 8.0, 8.0 ], "axis": "x", "angle": -22.5 },
            "faces": {
                "north": { "texture": "#3", "uv": [ 0.0, 0.0, 2.0, 1.0 ] },
                "east": { "texture": "#3", "uv": [ 0.0, 0.0, 2.5, 1.0 ] },
                "south": { "texture": "#3", "uv": [ 0.0, 0.0, 2.0, 1.0 ] },
                "west": { "texture": "#3", "uv": [ 0.0, 0.0, 2.5, 1.0 ] },
                "up": { "texture": "#3", "uv": [ 0.0, 0.0, 2.0, 2.5 ] },
                "down": { "texture": "#3", "uv": [ 0.0, 0.0, 2.0, 2.5 ] }
            }
        },
        {
            "name": "Cube",
            "from": [ 7.0, 6.0, 12.0 ], 
            "to": [ 9.0, 6.5, 15.5 ], 
            "faces": {
                "north": { "texture": "#4", "uv": [ 0.0, 0.0, 2.0, 0.5 ] },
                "east": { "texture": "#4", "uv": [ 0.0, 0.0, 3.5, 0.5 ] },
                "south": { "texture": "#4", "uv": [ 0.0, 0.0, 2.0, 0.5 ] },
                "west": { "texture": "#4", "uv": [ 0.0, 0.0, 3.5, 0.5 ] },
                "up": { "texture": "#4", "uv": [ 0.0, 0.0, 2.0, 3.5 ] },
                "down": { "texture": "#4", "uv": [ 0.0, 0.0, 2.0, 3.5 ] }
            }
        },
        {
            "name": "Cube",
            "from": [ 7.2, 5.5, 9.3 ], 
            "to": [ 8.8, 7.0, 9.8 ], 
            "rotation": { "origin": [ 8.0, 8.0, 8.0 ], "axis": "x", "angle": 22.5 },
            "faces": {
                "north": { "texture": "#4", "uv": [ 0.0, 0.0, 1.6, 1.5 ] },
                "east": { "texture": "#4", "uv": [ 0.0, 0.0, 0.5, 1.5 ] },
                "south": { "texture": "#4", "uv": [ 0.0, 0.0, 1.6, 1.5 ] },
                "west": { "texture": "#4", "uv": [ 0.0, 0.0, 0.5, 1.5 ] },
                "up": { "texture": "#4", "uv": [ 0.0, 0.0, 1.6, 0.5 ] },
                "down": { "texture": "#4", "uv": [ 0.0, 0.0, 1.6, 0.5 ] }
            }
        },
        {
            "name": "Cube",
            "from": [ 6.7, 10.8, 17.0 ], 
            "to": [ 9.3, 11.8, 19.5 ], 
            "rotation": { "origin": [ 8.0, 8.0, 8.0 ], "axis": "x", "angle": 22.5 },
            "faces": {
                "north": { "texture": "#5", "uv": [ 0.0, 0.0, 2.6, 1.0 ] },
                "east": { "texture": "#5", "uv": [ 0.0, 0.0, 2.5, 1.0 ] },
                "south": { "texture": "#5", "uv": [ 0.0, 0.0, 2.6, 1.0 ] },
                "west": { "texture": "#5", "uv": [ 0.0, 0.0, 2.5, 1.0 ] },
                "up": { "texture": "#5", "uv": [ 0.0, 0.0, 2.6, 2.5 ] },
                "down": { "texture": "#5", "uv": [ 0.0, 0.0, 2.6, 2.5 ] }
            }
        },
        {
            "name": "Cube",
            "from": [ 6.7, 3.5, 10.5 ], 
            "to": [ 9.3, 4.5, 11.5 ], 
            "rotation": { "origin": [ 8.0, 8.0, 8.0 ], "axis": "x", "angle": -45.0 },
            "faces": {
                "north": { "texture": "#6", "uv": [ 0.0, 0.0, 2.6, 1.0 ] },
                "east": { "texture": "#6", "uv": [ 0.0, 0.0, 1.0, 1.0 ] },
                "south": { "texture": "#6", "uv": [ 0.0, 0.0, 2.6, 1.0 ] },
                "west": { "texture": "#6", "uv": [ 0.0, 0.0, 1.0, 1.0 ] },
                "up": { "texture": "#6", "uv": [ 0.0, 0.0, 2.6, 1.0 ] },
                "down": { "texture": "#6", "uv": [ 0.0, 0.0, 2.6, 1.0 ] }
            }
        },
        {
            "name": "Cube",
            "from": [ 6.8, 6.5, 6.0 ], 
            "to": [ 9.2, 7.5, 9.0 ], 
            "faces": {
                "north": { "texture": "#1", "uv": [ 0.0, 0.0, 2.4, 1.0 ] },
                "east": { "texture": "#1", "uv": [ 0.0, 0.0, 3.0, 1.0 ] },
                "south": { "texture": "#1", "uv": [ 0.0, 0.0, 2.4, 1.0 ] },
                "west": { "texture": "#1", "uv": [ 0.0, 0.0, 3.0, 1.0 ] },
                "up": { "texture": "#1", "uv": [ 0.0, 0.0, 2.4, 3.0 ] },
                "down": { "texture": "#1", "uv": [ 0.0, 0.0, 2.4, 3.0 ] }
            }
        },
        {
            "name": "Cube",
            "from": [ 7.0, 11.5, 14.0 ], 
            "to": [ 9.0, 12.0, 17.5 ], 
            "rotation": { "origin": [ 8.0, 8.0, 8.0 ], "axis": "x", "angle": 45.0 },
            "faces": {
                "north": { "texture": "#4", "uv": [ 0.0, 0.0, 2.0, 0.5 ] },
                "east": { "texture": "#4", "uv": [ 0.0, 0.0, 3.5, 0.5 ] },
                "south": { "texture": "#4", "uv": [ 0.0, 0.0, 2.0, 0.5 ] },
                "west": { "texture": "#4", "uv": [ 0.0, 0.0, 3.5, 0.5 ] },
                "up": { "texture": "#4", "uv": [ 0.0, 0.0, 2.0, 3.5 ] },
                "down": { "texture": "#4", "uv": [ 0.0, 0.0, 2.0, 3.5 ] }
            }
        },
        {
            "name": "Cube",
            "from": [ 6.7, 2.8000000000000007, 10.0 ], 
            "to": [ 9.3, 3.8000000000000007, 11.3 ], 
            "rotation": { "origin": [ 8.0, 8.0, 8.0 ], "axis": "x", "angle": -22.5 },
            "faces": {
                "north": { "texture": "#3", "uv": [ 0.0, 0.0, 2.6, 1.0 ] },
                "east": { "texture": "#3", "uv": [ 0.0, 0.0, 1.3, 1.0 ] },
                "south": { "texture": "#3", "uv": [ 0.0, 0.0, 2.6, 1.0 ] },
                "west": { "texture": "#3", "uv": [ 0.0, 0.0, 1.3, 1.0 ] },
                "up": { "texture": "#3", "uv": [ 0.0, 0.0, 2.6, 1.3 ] },
                "down": { "texture": "#3", "uv": [ 0.0, 0.0, 2.6, 1.3 ] }
            }
        },
        {
            "name": "Cube",
            "from": [ 6.7, 1.0, 10.0 ], 
            "to": [ 9.3, 2.0, 11.3 ], 
            "rotation": { "origin": [ 8.0, 8.0, 8.0 ], "axis": "x", "angle": -22.5 },
            "faces": {
                "north": { "texture": "#5", "uv": [ 0.0, 0.0, 2.6, 1.0 ] },
                "east": { "texture": "#5", "uv": [ 0.0, 0.0, 1.3, 1.0 ] },
                "south": { "texture": "#5", "uv": [ 0.0, 0.0, 2.6, 1.0 ] },
                "west": { "texture": "#5", "uv": [ 0.0, 0.0, 1.3, 1.0 ] },
                "up": { "texture": "#5", "uv": [ 0.0, 0.0, 2.6, 1.3 ] },
                "down": { "texture": "#5", "uv": [ 0.0, 0.0, 2.6, 1.3 ] }
            }
        },
        {
            "name": "Cube",
            "from": [ 6.7, 6.0, 15.3 ], 
            "to": [ 9.3, 7.0, 16.400000000000002 ], 
            "rotation": { "origin": [ 8.0, 8.0, 8.0 ], "axis": "x", "angle": 45.0 },
            "faces": {
                "north": { "texture": "#3", "uv": [ 0.0, 0.0, 2.6, 1.0 ] },
                "east": { "texture": "#3", "uv": [ 0.0, 0.0, 1.1, 1.0 ] },
                "south": { "texture": "#3", "uv": [ 0.0, 0.0, 2.6, 1.0 ] },
                "west": { "texture": "#3", "uv": [ 0.0, 0.0, 1.1, 1.0 ] },
                "up": { "texture": "#3", "uv": [ 0.0, 0.0, 2.6, 1.1 ] },
                "down": { "texture": "#3", "uv": [ 0.0, 0.0, 2.6, 1.1 ] }
            }
        },
        {
            "name": "Cube",
            "from": [ 6.7, 1.5, 8.8 ], 
            "to": [ 9.3, 3.5, 9.3 ], 
            "rotation": { "origin": [ 8.0, 8.0, 8.0 ], "axis": "x", "angle": -22.5 },
            "faces": {
                "north": { "texture": "#5", "uv": [ 0.0, 0.0, 2.6, 2.0 ] },
                "east": { "texture": "#5", "uv": [ 0.0, 0.0, 0.5, 2.0 ] },
                "south": { "texture": "#5", "uv": [ 0.0, 0.0, 2.6, 2.0 ] },
                "west": { "texture": "#5", "uv": [ 0.0, 0.0, 0.5, 2.0 ] },
                "up": { "texture": "#5", "uv": [ 0.0, 0.0, 2.6, 0.5 ] },
                "down": { "texture": "#5", "uv": [ 0.0, 0.0, 2.6, 0.5 ] }
            }
        },
        {
            "name": "Cube",
            "from": [ 7.0, 3.4, 7.2 ], 
            "to": [ 9.0, 4.0, 8.2 ], 
            "rotation": { "origin": [ 8.0, 8.0, 8.0 ], "axis": "x", "angle": -22.5 },
            "faces": {
                "north": { "texture": "#0", "uv": [ 0.0, 0.0, 2.0, 0.6 ] },
                "east": { "texture": "#0", "uv": [ 0.0, 0.0, 1.0, 0.6 ] },
                "south": { "texture": "#0", "uv": [ 0.0, 0.0, 2.0, 0.6 ] },
                "west": { "texture": "#0", "uv": [ 0.0, 0.0, 1.0, 0.6 ] },
                "up": { "texture": "#0", "uv": [ 0.0, 0.0, 2.0, 1.0 ] },
                "down": { "texture": "#0", "uv": [ 0.0, 0.0, 2.0, 1.0 ] }
            }
        },
        {
            "name": "Cube",
            "from": [ 6.9, 0.5, 10.7 ], 
            "to": [ 9.100000000000001, 4.0, 11.2 ], 
            "rotation": { "origin": [ 8.0, 8.0, 8.0 ], "axis": "x", "angle": -22.5 },
            "faces": {
                "north": { "texture": "#4", "uv": [ 0.0, 0.0, 2.2, 3.5 ] },
                "east": { "texture": "#4", "uv": [ 0.0, 0.0, 0.5, 3.5 ] },
                "south": { "texture": "#4", "uv": [ 0.0, 0.0, 2.2, 3.5 ] },
                "west": { "texture": "#4", "uv": [ 0.0, 0.0, 0.5, 3.5 ] },
                "up": { "texture": "#4", "uv": [ 0.0, 0.0, 2.2, 0.5 ] },
                "down": { "texture": "#4", "uv": [ 0.0, 0.0, 2.2, 0.5 ] }
            }
        },
        {
            "name": "Cube",
            "from": [ 7.0, 4.4, 1.0 ], 
            "to": [ 9.0, 5.1000000000000005, 3.5 ], 
            "faces": {
                "north": { "texture": "#3", "uv": [ 0.0, 0.0, 2.0, 0.7 ] },
                "east": { "texture": "#3", "uv": [ 0.0, 0.0, 2.5, 0.7 ] },
                "south": { "texture": "#3", "uv": [ 0.0, 0.0, 2.0, 0.7 ] },
                "west": { "texture": "#3", "uv": [ 0.0, 0.0, 2.5, 0.7 ] },
                "up": { "texture": "#3", "uv": [ 0.0, 0.0, 2.0, 2.5 ] },
                "down": { "texture": "#3", "uv": [ 0.0, 0.0, 2.0, 2.5 ] }
            }
        },
        {
            "name": "Cube",
            "from": [ 7.0, 7.3, 2.0 ], 
            "to": [ 9.0, 8.3, 6.5 ], 
            "faces": {
                "north": { "texture": "#2", "uv": [ 0.0, 0.0, 2.0, 1.0 ] },
                "east": { "texture": "#2", "uv": [ 0.0, 0.0, 4.5, 1.0 ] },
                "south": { "texture": "#2", "uv": [ 0.0, 0.0, 2.0, 1.0 ] },
                "west": { "texture": "#2", "uv": [ 0.0, 0.0, 4.5, 1.0 ] },
                "up": { "texture": "#2", "uv": [ 0.0, 0.0, 2.0, 4.5 ] },
                "down": { "texture": "#2", "uv": [ 0.0, 0.0, 2.0, 4.5 ] }
            }
        },
        {
            "name": "Cube",
            "from": [ 4.2, 3.0, 3.0 ], 
            "to": [ 5.2, 4.4, 5.0 ], 
            "rotation": { "origin": [ 8.0, 8.0, 8.0 ], "axis": "z", "angle": 22.5 },
            "faces": {
                "north": { "texture": "#7", "uv": [ 0.0, 0.0, 1.0, 1.4 ] },
                "east": { "texture": "#7", "uv": [ 0.0, 0.0, 2.0, 1.4 ] },
                "south": { "texture": "#7", "uv": [ 0.0, 0.0, 1.0, 1.4 ] },
                "west": { "texture": "#7", "uv": [ 0.0, 0.0, 2.0, 1.4 ] },
                "up": { "texture": "#7", "uv": [ 0.0, 0.0, 1.0, 2.0 ] },
                "down": { "texture": "#7", "uv": [ 0.0, 0.0, 1.0, 2.0 ] }
            }
        },
        {
            "name": "Cube",
            "from": [ 5.8, 3.0, 3.0 ], 
            "to": [ 10.1, 5.0, 5.0 ], 
            "faces": {
                "north": { "texture": "#7", "uv": [ 0.0, 0.0, 4.3, 2.0 ] },
                "east": { "texture": "#7", "uv": [ 0.0, 0.0, 2.0, 2.0 ] },
                "south": { "texture": "#7", "uv": [ 0.0, 0.0, 4.3, 2.0 ] },
                "west": { "texture": "#7", "uv": [ 0.0, 0.0, 2.0, 2.0 ] },
                "up": { "texture": "#7", "uv": [ 0.0, 0.0, 4.3, 2.0 ] },
                "down": { "texture": "#7", "uv": [ 0.0, 0.0, 4.3, 2.0 ] }
            }
        },
        {
            "name": "Cube",
            "from": [ 6.7, 2.0, 3.0 ], 
            "to": [ 9.5, 4.0, 5.0 ], 
            "faces": {
                "north": { "texture": "#7", "uv": [ 0.0, 0.0, 2.8, 2.0 ] },
                "east": { "texture": "#7", "uv": [ 0.0, 0.0, 2.0, 2.0 ] },
                "south": { "texture": "#7", "uv": [ 0.0, 0.0, 2.8, 2.0 ] },
                "west": { "texture": "#7", "uv": [ 0.0, 0.0, 2.0, 2.0 ] },
                "up": { "texture": "#7", "uv": [ 0.0, 0.0, 2.8, 2.0 ] },
                "down": { "texture": "#7", "uv": [ 0.0, 0.0, 2.8, 2.0 ] }
            }
        },
        {
            "name": "Cube",
            "from": [ 7.0, 3.0, 3.0 ], 
            "to": [ 10.0, 3.5, 5.0 ], 
            "faces": {
                "north": { "texture": "#7", "uv": [ 0.0, 0.0, 3.0, 0.5 ] },
                "east": { "texture": "#7", "uv": [ 0.0, 0.0, 2.0, 0.5 ] },
                "south": { "texture": "#7", "uv": [ 0.0, 0.0, 3.0, 0.5 ] },
                "west": { "texture": "#7", "uv": [ 0.0, 0.0, 2.0, 0.5 ] },
                "up": { "texture": "#7", "uv": [ 0.0, 0.0, 3.0, 2.0 ] },
                "down": { "texture": "#7", "uv": [ 0.0, 0.0, 3.0, 2.0 ] }
            }
        },
        {
            "name": "Cube",
            "from": [ 10.8, 3.1, 3.0 ], 
            "to": [ 11.8, 4.2, 5.0 ], 
            "rotation": { "origin": [ 8.0, 8.0, 8.0 ], "axis": "z", "angle": -22.5 },
            "faces": {
                "north": { "texture": "#7", "uv": [ 0.0, 0.0, 1.0, 1.1 ] },
                "east": { "texture": "#7", "uv": [ 0.0, 0.0, 2.0, 1.1 ] },
                "south": { "texture": "#7", "uv": [ 0.0, 0.0, 1.0, 1.1 ] },
                "west": { "texture": "#7", "uv": [ 0.0, 0.0, 2.0, 1.1 ] },
                "up": { "texture": "#7", "uv": [ 0.0, 0.0, 1.0, 2.0 ] },
                "down": { "texture": "#7", "uv": [ 0.0, 0.0, 1.0, 2.0 ] }
            }
        },
        {
            "name": "Cube",
            "from": [ 4.4, 6.0, 3.0 ], 
            "to": [ 5.9, 7.5, 5.0 ], 
            "rotation": { "origin": [ 8.0, 8.0, 8.0 ], "axis": "z", "angle": 45.0 },
            "faces": {
                "north": { "texture": "#7", "uv": [ 0.0, 0.0, 1.5, 1.5 ] },
                "east": { "texture": "#7", "uv": [ 0.0, 0.0, 2.0, 1.5 ] },
                "south": { "texture": "#7", "uv": [ 0.0, 0.0, 1.5, 1.5 ] },
                "west": { "texture": "#7", "uv": [ 0.0, 0.0, 2.0, 1.5 ] },
                "up": { "texture": "#7", "uv": [ 0.0, 0.0, 1.5, 2.0 ] },
                "down": { "texture": "#7", "uv": [ 0.0, 0.0, 1.5, 2.0 ] }
            }
        },
        {
            "name": "Cube",
            "from": [ 6.2, 4.2, 3.0 ], 
            "to": [ 8.7, 5.7, 5.0 ], 
            "rotation": { "origin": [ 8.0, 8.0, 8.0 ], "axis": "z", "angle": 22.5 },
            "faces": {
                "north": { "texture": "#7", "uv": [ 0.0, 0.0, 2.5, 1.5 ] },
                "east": { "texture": "#7", "uv": [ 0.0, 0.0, 2.0, 1.5 ] },
                "south": { "texture": "#7", "uv": [ 0.0, 0.0, 2.5, 1.5 ] },
                "west": { "texture": "#7", "uv": [ 0.0, 0.0, 2.0, 1.5 ] },
                "up": { "texture": "#7", "uv": [ 0.0, 0.0, 2.5, 2.0 ] },
                "down": { "texture": "#7", "uv": [ 0.0, 0.0, 2.5, 2.0 ] }
            }
        },
        {
            "name": "Cube",
            "from": [ 6.5, 3.0, 2.9 ], 
            "to": [ 9.5, 5.0, 5.1 ], 
            "faces": {
                "north": { "texture": "#8", "uv": [ 0.0, 0.0, 3.0, 2.0 ] },
                "east": { "texture": "#8", "uv": [ 0.0, 0.0, 2.2, 2.0 ] },
                "south": { "texture": "#8", "uv": [ 0.0, 0.0, 3.0, 2.0 ] },
                "west": { "texture": "#8", "uv": [ 0.0, 0.0, 2.2, 2.0 ] },
                "up": { "texture": "#8", "uv": [ 0.0, 0.0, 11.0, 2.2 ] },
                "down": { "texture": "#8", "uv": [ 0.0, 0.0, 3.0, 2.2 ] }
            }
        },
        {
            "name": "Cube",
            "from": [ 6.0, 4.3, 3.2 ], 
            "to": [ 7.6, 5.9, 4.800000000000001 ], 
            "faces": {
                "north": { "texture": "#9", "uv": [ 0.0, 0.0, 1.6, 1.6 ] },
                "east": { "texture": "#9", "uv": [ 0.0, 0.0, 1.6, 1.6 ] },
                "south": { "texture": "#9", "uv": [ 0.0, 0.0, 1.6, 1.6 ] },
                "west": { "texture": "#9", "uv": [ 0.0, 0.0, 1.6, 1.6 ] },
                "up": { "texture": "#9", "uv": [ 0.0, 0.0, 1.6, 1.6 ] },
                "down": { "texture": "#9", "uv": [ 0.0, 0.0, 1.6, 1.6 ] }
            }
        },
        {
            "name": "Cube",
            "from": [ 6.0, 4.3, 3.2 ], 
            "to": [ 7.6, 5.9, 4.800000000000001 ], 
            "rotation": { "origin": [ 8.0, 8.0, 8.0 ], "axis": "z", "angle": 45.0 },
            "faces": {
                "north": { "texture": "#9", "uv": [ 0.0, 0.0, 1.6, 1.6 ] },
                "east": { "texture": "#9", "uv": [ 0.0, 0.0, 1.6, 1.6 ] },
                "south": { "texture": "#9", "uv": [ 0.0, 0.0, 1.6, 1.6 ] },
                "west": { "texture": "#9", "uv": [ 0.0, 0.0, 1.6, 1.6 ] },
                "up": { "texture": "#9", "uv": [ 0.0, 0.0, 1.6, 1.6 ] },
                "down": { "texture": "#9", "uv": [ 0.0, 0.0, 1.6, 1.6 ] }
            }
        },
        {
            "name": "Cube",
            "from": [ 8.0, 4.3, 3.2 ], 
            "to": [ 9.6, 5.9, 4.800000000000001 ], 
            "faces": {
                "north": { "texture": "#9", "uv": [ 0.0, 0.0, 1.6, 1.6 ] },
                "east": { "texture": "#9", "uv": [ 0.0, 0.0, 1.6, 1.6 ] },
                "south": { "texture": "#9", "uv": [ 0.0, 0.0, 1.6, 1.6 ] },
                "west": { "texture": "#9", "uv": [ 0.0, 0.0, 1.6, 1.6 ] },
                "up": { "texture": "#9", "uv": [ 0.0, 0.0, 1.6, 1.6 ] },
                "down": { "texture": "#9", "uv": [ 0.0, 0.0, 1.6, 1.6 ] }
            }
        },
        {
            "name": "Cube",
            "from": [ 7.0, 6.8, -3.0 ], 
            "to": [ 9.0, 7.8, 6.5 ], 
            "faces": {
                "north": { "texture": "#2", "uv": [ 0.0, 0.0, 2.0, 1.0 ] },
                "east": { "texture": "#2", "uv": [ 0.0, 0.0, 9.5, 1.0 ] },
                "south": { "texture": "#2", "uv": [ 0.0, 0.0, 2.0, 1.0 ] },
                "west": { "texture": "#2", "uv": [ 0.0, 0.0, 9.5, 1.0 ] },
                "up": { "texture": "#2", "uv": [ 0.0, 0.0, 2.0, 9.5 ] },
                "down": { "texture": "#2", "uv": [ 0.0, 0.0, 2.0, 9.5 ] }
            }
        },
        {
            "name": "Cube",
            "from": [ 6.9, 4.9, -2.3 ], 
            "to": [ 9.100000000000001, 7.1000000000000005, 2.7 ], 
            "faces": {
                "north": { "texture": "#10", "uv": [ 0.0, 0.0, 2.2, 2.2 ] },
                "east": { "texture": "#10", "uv": [ 0.0, 0.0, 5.0, 2.2 ] },
                "south": { "texture": "#10", "uv": [ 0.0, 0.0, 2.2, 2.2 ] },
                "west": { "texture": "#10", "uv": [ 0.0, 0.0, 5.0, 2.2 ] },
                "up": { "texture": "#10", "uv": [ 0.0, 0.0, 2.2, 5.0 ] },
                "down": { "texture": "#10", "uv": [ 0.0, 0.0, 2.2, 5.0 ] }
            }
        },
        {
            "name": "Cube",
            "from": [ 6.8, 4.6, -3.0 ], 
            "to": [ 9.2, 7.1, -2.0 ], 
            "faces": {
                "north": { "texture": "#11", "uv": [ 0.0, 0.0, 2.4, 2.5 ] },
                "east": { "texture": "#11", "uv": [ 0.0, 0.0, 1.0, 2.5 ] },
                "south": { "texture": "#11", "uv": [ 0.0, 0.0, 2.4, 2.5 ] },
                "west": { "texture": "#11", "uv": [ 0.0, 0.0, 1.0, 2.5 ] },
                "up": { "texture": "#11", "uv": [ 0.0, 0.0, 2.4, 1.0 ] },
                "down": { "texture": "#11", "uv": [ 0.0, 0.0, 2.4, 1.0 ] }
            }
        },
        {
            "name": "Cube",
            "from": [ 6.8, 4.8, -3.5 ], 
            "to": [ 9.2, 7.199999999999999, -3.0 ], 
            "faces": {
                "north": { "texture": "#1", "uv": [ 0.0, 0.0, 2.4, 2.4 ] },
                "east": { "texture": "#1", "uv": [ 0.0, 0.0, 0.5, 2.4 ] },
                "south": { "texture": "#1", "uv": [ 0.0, 0.0, 2.4, 2.4 ] },
                "west": { "texture": "#1", "uv": [ 0.0, 0.0, 0.5, 2.4 ] },
                "up": { "texture": "#1", "uv": [ 0.0, 0.0, 2.4, 0.5 ] },
                "down": { "texture": "#1", "uv": [ 0.0, 0.0, 2.4, 0.5 ] }
            }
        },
        {
            "name": "Cube",
            "from": [ 7.0, 7.5, -2.5 ], 
            "to": [ 9.0, 8.2, -2.0 ], 
            "faces": {
                "north": { "texture": "#2", "uv": [ 0.0, 0.0, 2.0, 0.7 ] },
                "east": { "texture": "#2", "uv": [ 0.0, 0.0, 0.5, 0.7 ] },
                "south": { "texture": "#2", "uv": [ 0.0, 0.0, 2.0, 0.7 ] },
                "west": { "texture": "#2", "uv": [ 0.0, 0.0, 0.5, 0.7 ] },
                "up": { "texture": "#2", "uv": [ 0.0, 0.0, 2.0, 0.5 ] },
                "down": { "texture": "#2", "uv": [ 0.0, 0.0, 2.0, 0.5 ] }
            }
        },
        {
            "name": "Cube",
            "from": [ 7.2, -0.6, 0.5 ], 
            "to": [ 8.8, 0.09999999999999998, 1.0 ], 
            "rotation": { "origin": [ 8.0, 8.0, 8.0 ], "axis": "x", "angle": 45.0 },
            "faces": {
                "north": { "texture": "#4", "uv": [ 0.0, 0.0, 1.6, 0.7 ] },
                "east": { "texture": "#4", "uv": [ 0.0, 0.0, 0.5, 0.7 ] },
                "south": { "texture": "#4", "uv": [ 0.0, 0.0, 1.6, 0.7 ] },
                "west": { "texture": "#4", "uv": [ 0.0, 0.0, 0.5, 0.7 ] },
                "up": { "texture": "#4", "uv": [ 0.0, 0.0, 1.6, 0.5 ] },
                "down": { "texture": "#4", "uv": [ 0.0, 0.0, 1.6, 0.5 ] }
            }
        },
        {
            "name": "Cube",
            "from": [ 4.5, 4.0, 2.9 ], 
            "to": [ 6.5, 4.5, 3.4 ], 
            "faces": {
                "north": { "texture": "#4", "uv": [ 0.0, 0.0, 2.0, 0.5 ] },
                "east": { "texture": "#4", "uv": [ 0.0, 0.0, 0.5, 0.5 ] },
                "south": { "texture": "#4", "uv": [ 0.0, 0.0, 2.0, 0.5 ] },
                "west": { "texture": "#4", "uv": [ 0.0, 0.0, 0.5, 0.5 ] },
                "up": { "texture": "#4", "uv": [ 0.0, 0.0, 2.0, 0.5 ] },
                "down": { "texture": "#4", "uv": [ 0.0, 0.0, 2.0, 0.5 ] }
            }
        },
        {
            "name": "Cube",
            "from": [ 4.5, 4.0, 4.9 ], 
            "to": [ 6.5, 4.5, 5.4 ], 
            "faces": {
                "north": { "texture": "#4", "uv": [ 0.0, 0.0, 2.0, 0.5 ] },
                "east": { "texture": "#4", "uv": [ 0.0, 0.0, 0.5, 0.5 ] },
                "south": { "texture": "#4", "uv": [ 0.0, 0.0, 2.0, 0.5 ] },
                "west": { "texture": "#4", "uv": [ 0.0, 0.0, 0.5, 0.5 ] },
                "up": { "texture": "#4", "uv": [ 0.0, 0.0, 2.0, 0.5 ] },
                "down": { "texture": "#4", "uv": [ 0.0, 0.0, 2.0, 0.5 ] }
            }
        },
        {
            "name": "Cube",
            "from": [ 4.5, 4.0, 3.0 ], 
            "to": [ 5.0, 4.5, 6.5 ], 
            "faces": {
                "north": { "texture": "#4", "uv": [ 0.0, 0.0, 0.5, 0.5 ] },
                "east": { "texture": "#4", "uv": [ 0.0, 0.0, 3.5, 0.5 ] },
                "south": { "texture": "#4", "uv": [ 0.0, 0.0, 0.5, 0.5 ] },
                "west": { "texture": "#4", "uv": [ 0.0, 0.0, 3.5, 0.5 ] },
                "up": { "texture": "#4", "uv": [ 0.0, 0.0, 0.5, 3.5 ] },
                "down": { "texture": "#4", "uv": [ 0.0, 0.0, 0.5, 3.5 ] }
            }
        },
        {
            "name": "Cube",
            "from": [ 7.7, 7.5, 7.800000000000001 ], 
            "to": [ 8.2, 9.5, 8.3 ], 
            "rotation": { "origin": [ 8.0, 8.0, 8.0 ], "axis": "x", "angle": 22.5 },
            "faces": {
                "north": { "texture": "#5", "uv": [ 0.0, 0.0, 0.5, 2.0 ] },
                "east": { "texture": "#5", "uv": [ 0.0, 0.0, 0.5, 2.0 ] },
                "south": { "texture": "#5", "uv": [ 0.0, 0.0, 0.5, 2.0 ] },
                "west": { "texture": "#5", "uv": [ 0.0, 0.0, 0.5, 2.0 ] },
                "up": { "texture": "#5", "uv": [ 0.0, 0.0, 0.5, 0.5 ] },
                "down": { "texture": "#5", "uv": [ 0.0, 0.0, 0.5, 0.5 ] }
            }
        },
        {
            "name": "Cube",
            "from": [ 7.6, 9.5, 7.7 ], 
            "to": [ 8.299999999999999, 10.2, 8.4 ], 
            "rotation": { "origin": [ 8.0, 8.0, 8.0 ], "axis": "x", "angle": 22.5 },
            "faces": {
                "north": { "texture": "#9", "uv": [ 0.0, 0.0, 0.7, 0.7 ] },
                "east": { "texture": "#9", "uv": [ 0.0, 0.0, 0.7, 0.7 ] },
                "south": { "texture": "#9", "uv": [ 0.0, 0.0, 0.7, 0.7 ] },
                "west": { "texture": "#9", "uv": [ 0.0, 0.0, 0.7, 0.7 ] },
                "up": { "texture": "#9", "uv": [ 0.0, 0.0, 0.7, 0.7 ] },
                "down": { "texture": "#9", "uv": [ 0.0, 0.0, 0.7, 0.7 ] }
            }
        },
        {
            "name": "Cube",
            "from": [ 7.5, 8.0, 5.0 ], 
            "to": [ 8.5, 8.5, 8.0 ], 
            "faces": {
                "north": { "texture": "#12", "uv": [ 0.0, 0.0, 1.0, 0.5 ] },
                "east": { "texture": "#12", "uv": [ 0.0, 0.0, 3.0, 0.5 ] },
                "south": { "texture": "#12", "uv": [ 0.0, 0.0, 1.0, 0.5 ] },
                "west": { "texture": "#12", "uv": [ 0.0, 0.0, 3.0, 0.5 ] },
                "up": { "texture": "#12", "uv": [ 0.0, 0.0, 1.0, 3.0 ] },
                "down": { "texture": "#12", "uv": [ 0.0, 0.0, 1.0, 3.0 ] }
            }
        },
        {
            "name": "Cube",
            "from": [ 7.1, 7.5, 2.5 ], 
            "to": [ 8.9, 8.5, 5.0 ], 
            "faces": {
                "north": { "texture": "#13", "uv": [ 0.0, 0.0, 1.8, 1.0 ] },
                "east": { "texture": "#13", "uv": [ 0.0, 0.0, 2.5, 1.0 ] },
                "south": { "texture": "#13", "uv": [ 0.0, 0.0, 1.8, 1.0 ] },
                "west": { "texture": "#13", "uv": [ 0.0, 0.0, 2.5, 1.0 ] },
                "up": { "texture": "#13", "uv": [ 0.0, 0.0, 1.8, 2.5 ] },
                "down": { "texture": "#13", "uv": [ 0.0, 0.0, 1.8, 2.5 ] }
            }
        },
        {
            "name": "Cube",
            "from": [ 7.1, 7.0, -1.5 ], 
            "to": [ 8.899999999999999, 8.0, 2.0 ], 
            "faces": {
                "north": { "texture": "#13", "uv": [ 0.0, 0.0, 1.7999999999999998, 1.0 ] },
                "east": { "texture": "#13", "uv": [ 0.0, 0.0, 3.5, 1.0 ] },
                "south": { "texture": "#13", "uv": [ 0.0, 0.0, 1.7999999999999998, 1.0 ] },
                "west": { "texture": "#13", "uv": [ 0.0, 0.0, 3.5, 1.0 ] },
                "up": { "texture": "#13", "uv": [ 0.0, 0.0, 1.7999999999999998, 3.5 ] },
                "down": { "texture": "#13", "uv": [ 0.0, 0.0, 1.7999999999999998, 3.5 ] }
            }
        },
        {
            "name": "Cube",
            "from": [ 6.9, 6.7, 11.0 ], 
            "to": [ 9.100000000000001, 8.1, 15.0 ], 
            "faces": {
                "north": { "texture": "#13", "uv": [ 0.0, 0.0, 2.2, 1.4 ] },
                "east": { "texture": "#13", "uv": [ 0.0, 0.0, 4.0, 1.4 ] },
                "south": { "texture": "#13", "uv": [ 0.0, 0.0, 2.2, 1.4 ] },
                "west": { "texture": "#13", "uv": [ 0.0, 0.0, 4.0, 1.4 ] },
                "up": { "texture": "#13", "uv": [ 0.0, 0.0, 2.2, 4.0 ] },
                "down": { "texture": "#13", "uv": [ 0.0, 0.0, 2.2, 4.0 ] }
            }
        },
        {
            "name": "Cube",
            "from": [ 7.5, 7.5, 11.5 ], 
            "to": [ 8.5, 8.7, 14.5 ], 
            "faces": {
                "north": { "texture": "#13", "uv": [ 0.0, 0.0, 1.0, 1.2 ] },
                "east": { "texture": "#13", "uv": [ 0.0, 0.0, 3.0, 1.2 ] },
                "south": { "texture": "#13", "uv": [ 0.0, 0.0, 1.0, 1.2 ] },
                "west": { "texture": "#13", "uv": [ 0.0, 0.0, 3.0, 1.2 ] },
                "up": { "texture": "#13", "uv": [ 0.0, 0.0, 1.0, 3.0 ] },
                "down": { "texture": "#13", "uv": [ 0.0, 0.0, 1.0, 3.0 ] }
            }
        },
        {
            "name": "Cube",
            "from": [ 6.9, 7.5, 7.5 ], 
            "to": [ 9.100000000000001, 8.0, 9.5 ], 
            "faces": {
                "north": { "texture": "#13", "uv": [ 0.0, 0.0, 2.2, 0.5 ] },
                "east": { "texture": "#13", "uv": [ 0.0, 0.0, 2.0, 0.5 ] },
                "south": { "texture": "#13", "uv": [ 0.0, 0.0, 2.2, 0.5 ] },
                "west": { "texture": "#13", "uv": [ 0.0, 0.0, 2.0, 0.5 ] },
                "up": { "texture": "#13", "uv": [ 0.0, 0.0, 2.2, 2.0 ] },
                "down": { "texture": "#13", "uv": [ 0.0, 0.0, 2.2, 2.0 ] }
            }
        },
        {
            "name": "Cube",
            "from": [ 6.7, 5.5, 7.3 ], 
            "to": [ 9.3, 6.8, 8.3 ], 
            "faces": {
                "north": { "texture": "#4", "uv": [ 0.0, 0.0, 2.6, 1.3 ] },
                "east": { "texture": "#4", "uv": [ 0.0, 0.0, 1.0, 1.3 ] },
                "south": { "texture": "#4", "uv": [ 0.0, 0.0, 2.6, 1.3 ] },
                "west": { "texture": "#4", "uv": [ 0.0, 0.0, 1.0, 1.3 ] },
                "up": { "texture": "#4", "uv": [ 0.0, 0.0, 2.6, 1.0 ] },
                "down": { "texture": "#4", "uv": [ 0.0, 0.0, 2.6, 1.0 ] }
            }
        },
        {
            "name": "Cube",
            "from": [ 8.5, 6.0, -3.6 ], 
            "to": [ 9.0, 6.5, -3.1 ], 
            "faces": {
                "north": { "texture": "#12", "uv": [ 0.0, 0.0, 0.5, 0.5 ] },
                "east": { "texture": "#12", "uv": [ 0.0, 0.0, 0.5, 0.5 ] },
                "south": { "texture": "#12", "uv": [ 0.0, 0.0, 0.5, 0.5 ] },
                "west": { "texture": "#12", "uv": [ 0.0, 0.0, 0.5, 0.5 ] },
                "up": { "texture": "#12", "uv": [ 0.0, 0.0, 0.5, 0.5 ] },
                "down": { "texture": "#12", "uv": [ 0.0, 0.0, 0.5, 0.5 ] }
            }
        },
        {
            "name": "Cube",
            "from": [ 7.0, 6.0, -3.5999999999999996 ], 
            "to": [ 7.5, 6.5, -3.0999999999999996 ], 
            "faces": {
                "north": { "texture": "#12", "uv": [ 0.0, 0.0, 0.5, 0.5 ] },
                "east": { "texture": "#12", "uv": [ 0.0, 0.0, 0.5, 0.5 ] },
                "south": { "texture": "#12", "uv": [ 0.0, 0.0, 0.5, 0.5 ] },
                "west": { "texture": "#12", "uv": [ 0.0, 0.0, 0.5, 0.5 ] },
                "up": { "texture": "#12", "uv": [ 0.0, 0.0, 0.5, 0.5 ] },
                "down": { "texture": "#12", "uv": [ 0.0, 0.0, 0.5, 0.5 ] }
            }
        },
        {
            "name": "Cube",
            "from": [ 5.9, 5.8, -3.5999999999999996 ], 
            "to": [ 6.9, 6.1, -3.0999999999999996 ], 
            "rotation": { "origin": [ 8.0, 8.0, 8.0 ], "axis": "z", "angle": 45.0 },
            "faces": {
                "north": { "texture": "#12", "uv": [ 0.0, 0.0, 1.0, 0.3 ] },
                "east": { "texture": "#12", "uv": [ 0.0, 0.0, 0.5, 0.3 ] },
                "south": { "texture": "#12", "uv": [ 0.0, 0.0, 1.0, 0.3 ] },
                "west": { "texture": "#12", "uv": [ 0.0, 0.0, 0.5, 0.3 ] },
                "up": { "texture": "#12", "uv": [ 0.0, 0.0, 1.0, 0.5 ] },
                "down": { "texture": "#12", "uv": [ 0.0, 0.0, 1.0, 0.5 ] }
            }
        },
        {
            "name": "Cube",
            "from": [ 9.1, 5.8, -3.5999999999999996 ], 
            "to": [ 10.1, 6.1, -3.0999999999999996 ], 
            "rotation": { "origin": [ 8.0, 8.0, 8.0 ], "axis": "z", "angle": -45.0 },
            "faces": {
                "north": { "texture": "#12", "uv": [ 0.0, 0.0, 1.0, 0.3 ] },
                "east": { "texture": "#12", "uv": [ 0.0, 0.0, 0.5, 0.3 ] },
                "south": { "texture": "#12", "uv": [ 0.0, 0.0, 1.0, 0.3 ] },
                "west": { "texture": "#12", "uv": [ 0.0, 0.0, 0.5, 0.3 ] },
                "up": { "texture": "#12", "uv": [ 0.0, 0.0, 1.0, 0.5 ] },
                "down": { "texture": "#12", "uv": [ 0.0, 0.0, 1.0, 0.5 ] }
            }
        },
        {
            "name": "Cube",
            "from": [ 6.8, 9.5, 2.5 ], 
            "to": [ 7.3, 14.0, 3.0 ], 
            "rotation": { "origin": [ 8.0, 8.0, 8.0 ], "axis": "x", "angle": -22.5 },
            "faces": {
                "north": { "texture": "#13", "uv": [ 0.0, 0.0, 0.5, 4.5 ] },
                "east": { "texture": "#13", "uv": [ 0.0, 0.0, 0.5, 4.5 ] },
                "south": { "texture": "#13", "uv": [ 0.0, 0.0, 0.5, 4.5 ] },
                "west": { "texture": "#13", "uv": [ 0.0, 0.0, 0.5, 4.5 ] },
                "up": { "texture": "#13", "uv": [ 0.0, 0.0, 0.5, 0.5 ] },
                "down": { "texture": "#13", "uv": [ 0.0, 0.0, 0.5, 0.5 ] }
            }
        },
        {
            "name": "Cube",
            "from": [ 8.5, 9.5, 2.5 ], 
            "to": [ 9.0, 14.0, 3.0 ], 
            "rotation": { "origin": [ 8.0, 8.0, 8.0 ], "axis": "x", "angle": -22.5 },
            "faces": {
                "north": { "texture": "#13", "uv": [ 0.0, 0.0, 0.5, 4.5 ] },
                "east": { "texture": "#13", "uv": [ 0.0, 0.0, 0.5, 4.5 ] },
                "south": { "texture": "#13", "uv": [ 0.0, 0.0, 0.5, 4.5 ] },
                "west": { "texture": "#13", "uv": [ 0.0, 0.0, 0.5, 4.5 ] },
                "up": { "texture": "#13", "uv": [ 0.0, 0.0, 0.5, 0.5 ] },
                "down": { "texture": "#13", "uv": [ 0.0, 0.0, 0.5, 0.5 ] }
            }
        },
        {
            "name": "Cube",
            "from": [ 6.8, 13.5, 2.5 ], 
            "to": [ 8.8, 14.0, 3.0 ], 
            "rotation": { "origin": [ 8.0, 8.0, 8.0 ], "axis": "x", "angle": -22.5 },
            "faces": {
                "north": { "texture": "#13", "uv": [ 0.0, 0.0, 2.0, 0.5 ] },
                "east": { "texture": "#13", "uv": [ 0.0, 0.0, 0.5, 0.5 ] },
                "south": { "texture": "#13", "uv": [ 0.0, 0.0, 2.0, 0.5 ] },
                "west": { "texture": "#13", "uv": [ 0.0, 0.0, 0.5, 0.5 ] },
                "up": { "texture": "#13", "uv": [ 0.0, 0.0, 2.0, 0.5 ] },
                "down": { "texture": "#13", "uv": [ 0.0, 0.0, 2.0, 0.5 ] }
            }
        },
        {
            "name": "Cube",
            "from": [ 6.7, 12.5, 2.3 ], 
            "to": [ 9.1, 13.2, 3.0999999999999996 ], 
            "rotation": { "origin": [ 8.0, 8.0, 8.0 ], "axis": "x", "angle": -22.5 },
            "faces": {
                "north": { "texture": "#14", "uv": [ 0.0, 0.0, 2.4, 0.7 ] },
                "east": { "texture": "#14", "uv": [ 0.0, 0.0, 0.8, 0.7 ] },
                "south": { "texture": "#14", "uv": [ 0.0, 0.0, 2.4, 0.7 ] },
                "west": { "texture": "#14", "uv": [ 0.0, 0.0, 4.9, -0.09999999999999998 ] },
                "up": { "texture": "#14", "uv": [ 0.0, 0.0, 2.4, 0.8 ] },
                "down": { "texture": "#14", "uv": [ 0.0, 0.0, 2.4, 0.8 ] }
            }
        },
        {
            "name": "Cube",
            "from": [ 6.7, 11.0, 2.3 ], 
            "to": [ 9.1, 11.7, 3.0999999999999996 ], 
            "rotation": { "origin": [ 8.0, 8.0, 8.0 ], "axis": "x", "angle": -22.5 },
            "faces": {
                "north": { "texture": "#14", "uv": [ 0.0, 0.0, 2.4, 0.7 ] },
                "east": { "texture": "#14", "uv": [ 0.0, 0.0, 0.8, 0.7 ] },
                "south": { "texture": "#14", "uv": [ 0.0, 0.0, 2.4, 0.7 ] },
                "west": { "texture": "#14", "uv": [ 0.0, 0.0, 4.9, -0.09999999999999998 ] },
                "up": { "texture": "#14", "uv": [ 0.0, 0.0, 2.4, 0.8 ] },
                "down": { "texture": "#14", "uv": [ 0.0, 0.0, 2.4, 0.8 ] }
            }
        },
        {
            "name": "Cube",
            "from": [ 7.5, 8.0, 7.5 ], 
            "to": [ 10.5, 8.5, 8.0 ], 
            "rotation": { "origin": [ 8.0, 8.0, 8.0 ], "axis": "x", "angle": 22.5 },
            "faces": {
                "north": { "texture": "#5", "uv": [ 0.0, 0.0, 3.0, 0.5 ] },
                "east": { "texture": "#5", "uv": [ 0.0, 0.0, 0.5, 0.5 ] },
                "south": { "texture": "#5", "uv": [ 0.0, 0.0, 3.0, 0.5 ] },
                "west": { "texture": "#5", "uv": [ 0.0, 0.0, 0.5, 0.5 ] },
                "up": { "texture": "#5", "uv": [ 0.0, 0.0, 3.0, 0.5 ] },
                "down": { "texture": "#5", "uv": [ 0.0, 0.0, 3.0, 0.5 ] }
            }
        },
        {
            "name": "Cube",
            "from": [ 10.0, 8.3, 7.0 ], 
            "to": [ 12.0, 8.8, 9.0 ], 
            "faces": {
                "north": { "texture": "#4", "uv": [ 0.0, 0.0, 2.0, 0.5 ] },
                "east": { "texture": "#4", "uv": [ 0.0, 0.0, 2.0, 0.5 ] },
                "south": { "texture": "#4", "uv": [ 0.0, 0.0, 2.0, 0.5 ] },
                "west": { "texture": "#4", "uv": [ 0.0, 0.0, 2.0, 0.5 ] },
                "up": { "texture": "#4", "uv": [ 0.0, 0.0, 2.0, 2.0 ] },
                "down": { "texture": "#4", "uv": [ 0.0, 0.0, 2.0, 2.0 ] }
            }
        },
        {
            "name": "Cube",
            "from": [ 10.7, 7.5, 7.800000000000001 ], 
            "to": [ 11.2, 9.5, 8.3 ], 
            "faces": {
                "north": { "texture": "#5", "uv": [ 0.0, 0.0, 0.5, 2.0 ] },
                "east": { "texture": "#5", "uv": [ 0.0, 0.0, 0.5, 2.0 ] },
                "south": { "texture": "#5", "uv": [ 0.0, 0.0, 0.5, 2.0 ] },
                "west": { "texture": "#5", "uv": [ 0.0, 0.0, 0.5, 2.0 ] },
                "up": { "texture": "#5", "uv": [ 0.0, 0.0, 0.5, 0.5 ] },
                "down": { "texture": "#5", "uv": [ 0.0, 0.0, 0.5, 0.5 ] }
            }
        },
        {
            "name": "Cube",
            "from": [ 10.0, 9.0, 2.3 ], 
            "to": [ 10.5, 9.5, 9.3 ], 
            "rotation": { "origin": [ 8.0, 8.0, 8.0 ], "axis": "y", "angle": 22.5 },
            "faces": {
                "north": { "texture": "#14", "uv": [ 0.0, 0.0, 0.5, 0.5 ] },
                "east": { "texture": "#14", "uv": [ 0.0, 0.0, 7.0, 0.5 ] },
                "south": { "texture": "#14", "uv": [ 0.0, 0.0, 0.5, 0.5 ] },
                "west": { "texture": "#14", "uv": [ 0.0, 0.0, 4.9, -0.09999999999999998 ] },
                "up": { "texture": "#14", "uv": [ 0.0, 0.0, 0.5, 7.0 ] },
                "down": { "texture": "#14", "uv": [ 0.0, 0.0, 0.5, 7.0 ] }
            }
        },
        {
            "name": "Cube",
            "from": [ 10.5, 9.3, 7.5 ], 
            "to": [ 11.5, 9.8, 8.5 ], 
            "faces": {
                "north": { "texture": "#14", "uv": [ 0.0, 0.0, 1.0, 0.5 ] },
                "east": { "texture": "#14", "uv": [ 0.0, 0.0, 1.0, 0.5 ] },
                "south": { "texture": "#14", "uv": [ 0.0, 0.0, 1.0, 0.5 ] },
                "west": { "texture": "#14", "uv": [ 0.0, 0.0, 4.9, -0.09999999999999998 ] },
                "up": { "texture": "#14", "uv": [ 0.0, 0.0, 1.0, 1.0 ] },
                "down": { "texture": "#14", "uv": [ 0.0, 0.0, 1.0, 1.0 ] }
            }
        }
    ]
}